date,close_adj,close_raw,Trading_Volume,stock_id,yahoo_symbol
2025-05-27,42.48340606689453,46.0,99624798.0,2303,2303.TW
2025-05-28,43.45313262939453,47.04999923706055,98074934.0,2303,2303.TW
2025-05-29,43.17606735229492,46.75,149032843.0,2303,2303.TW
2025-06-02,43.360782623291016,46.95000076293945,77681104.0,2303,2303.TW
2025-06-03,43.637847900390625,47.25,77951822.0,2303,2303.TW
2025-06-04,42.43722915649414,45.95000076293945,85197919.0,2303,2303.TW
2025-06-05,41.836917877197266,45.29999923706055,74581058.0,2303,2303.TW
2025-06-06,41.559852600097656,45.0,55682096.0,2303,2303.TW
2025-06-09,42.16016387939453,45.650001525878906,39208994.0,2303,2303.TW
2025-06-10,42.85282897949219,46.400001525878906,47063212.0,2303,2303.TW
2025-06-11,43.637847900390625,47.25,56558714.0,2303,2303.TW
2025-06-12,43.68402099609375,47.29999923706055,32543331.0,2303,2303.TW
2025-06-13,43.82255554199219,47.45000076293945,44771416.0,2303,2303.TW
2025-06-16,44.330509185791016,48.0,41131108.0,2303,2303.TW
2025-06-17,43.86873245239258,47.5,71150250.0,2303,2303.TW
2025-06-18,44.607574462890625,48.29999923706055,41498670.0,2303,2303.TW
2025-06-19,44.0996208190918,47.75,51252856.0,2303,2303.TW
2025-06-20,44.007266998291016,47.650001525878906,65459193.0,2303,2303.TW
2025-06-23,43.406959533691406,47.0,74736166.0,2303,2303.TW
2025-06-24,44.5869255065918,45.349998474121094,132396029.0,2303,2303.TW
2025-06-25,43.06300735473633,43.79999923706055,95756039.0,2303,2303.TW
2025-06-26,42.52226257324219,43.25,81421425.0,2303,2303.TW
2025-06-27,43.55459213256836,44.29999923706055,49281090.0,2303,2303.TW
2025-06-30,43.456275939941406,44.20000076293945,27543017.0,2303,2303.TW
2025-07-01,43.21048355102539,43.95000076293945,48470565.0,2303,2303.TW
2025-07-02,43.70207214355469,44.45000076293945,41467173.0,2303,2303.TW
2025-07-03,43.65291213989258,44.400001525878906,37104217.0,2303,2303.TW
2025-07-04,43.01384735107422,43.75,44258347.0,2303,2303.TW
2025-07-07,42.718894958496094,43.45000076293945,39017710.0,2303,2303.TW
2025-07-08,42.964691162109375,43.70000076293945,29366672.0,2303,2303.TW
2025-07-09,43.16132736206055,43.900001525878906,23882092.0,2303,2303.TW
2025-07-10,42.964691162109375,43.70000076293945,31645312.0,2303,2303.TW
2025-07-11,42.52226257324219,43.25,20013050.0,2303,2303.TW
2025-07-14,42.423946380615234,43.150001525878906,23205753.0,2303,2303.TW
2025-07-15,42.81721115112305,43.54999923706055,21138204.0,2303,2303.TW
2025-07-16,42.718894958496094,43.45000076293945,28319729.0,2303,2303.TW
2025-07-17,42.81721115112305,43.54999923706055,24082595.0,2303,2303.TW
2025-07-18,42.718894958496094,43.45000076293945,25754314.0,2303,2303.TW
2025-07-21,42.7680549621582,43.5,16417888.0,2303,2303.TW
2025-07-22,42.276466369628906,43.0,26349840.0,2303,2303.TW
2025-07-23,43.16132736206055,43.900001525878906,24567877.0,2303,2303.TW
2025-07-24,42.7680549621582,43.5,14994808.0,2303,2303.TW
2025-07-25,42.7680549621582,43.5,17661776.0,2303,2303.TW
2025-07-28,42.7680549621582,43.5,35776877.0,2303,2303.TW
2025-07-29,42.079833984375,42.79999923706055,35741812.0,2303,2303.TW
2025-07-30,41.83403778076172,42.54999923706055,45900200.0,2303,2303.TW
2025-07-31,40.85086441040039,41.54999923706055,42952609.0,2303,2303.TW
2025-08-04,40.50675582885742,41.20000076293945,35962931.0,2303,2303.TW
2025-08-05,40.703392028808594,41.400001525878906,27774547.0,2303,2303.TW
2025-08-06,40.015167236328125,40.70000076293945,42323182.0,2303,2303.TW
2025-08-07,39.720218658447266,40.400001525878906,52613355.0,2303,2303.TW
2025-08-08,39.81853485107422,40.5,34741791.0,2303,2303.TW
2025-08-11,39.720218658447266,40.400001525878906,24697504.0,2303,2303.TW
2025-08-12,39.96601104736328,40.650001525878906,24073607.0,2303,2303.TW
2025-08-13,40.064327239990234,40.75,29479379.0,2303,2303.TW
2025-08-14,40.11348342895508,40.79999923706055,25526067.0,2303,2303.TW
2025-08-15,40.50675582885742,41.20000076293945,33021625.0,2303,2303.TW
2025-08-18,39.720218658447266,40.400001525878906,50417766.0,2303,2303.TW
2025-08-19,40.35927963256836,41.04999923706055,32207923.0,2303,2303.TW
2025-08-20,41.194976806640625,41.900001525878906,109360639.0,2303,2303.TW
2025-08-21,40.703392028808594,41.400001525878906,46125182.0,2303,2303.TW
2025-08-22,39.91685104370117,40.599998474121094,24604317.0,2303,2303.TW
2025-08-25,39.86769104003906,40.54999923706055,21425973.0,2303,2303.TW
2025-08-26,41.096656799316406,41.79999923706055,64111108.0,2303,2303.TW
2025-08-27,40.260963439941406,40.95000076293945,30264987.0,2303,2303.TW
2025-08-28,39.91685104370117,40.599998474121094,23816343.0,2303,2303.TW
2025-08-29,39.81853485107422,40.5,23815284.0,2303,2303.TW
2025-09-01,40.064327239990234,40.75,20806971.0,2303,2303.TW
2025-09-02,40.2118034362793,40.900001525878906,20379773.0,2303,2303.TW
2025-09-03,40.2118034362793,40.900001525878906,11803934.0,2303,2303.TW
2025-09-04,41.29329299926758,42.0,67960253.0,2303,2303.TW
2025-09-05,40.50675582885742,41.20000076293945,36383751.0,2303,2303.TW
2025-09-08,40.9000244140625,41.599998474121094,16875937.0,2303,2303.TW
2025-09-09,40.75254821777344,41.45000076293945,17589011.0,2303,2303.TW
2025-09-10,40.555912017822266,41.25,22594413.0,2303,2303.TW
2025-09-11,40.2118034362793,40.900001525878906,22260883.0,2303,2303.TW
2025-09-12,40.45759963989258,41.150001525878906,25369434.0,2303,2303.TW
2025-09-15,40.4084358215332,41.099998474121094,27414854.0,2303,2303.TW
2025-09-16,40.35927963256836,41.04999923706055,20338285.0,2303,2303.TW
2025-09-17,40.75254821777344,41.45000076293945,21981283.0,2303,2303.TW
2025-09-18,41.096656799316406,41.79999923706055,38555370.0,2303,2303.TW
2025-09-19,42.52226257324219,43.25,107771839.0,2303,2303.TW
2025-09-22,42.325626373291016,43.04999923706055,64904449.0,2303,2303.TW
2025-09-23,43.16132736206055,43.900001525878906,84234256.0,2303,2303.TW
2025-09-24,44.0953369140625,44.849998474121094,86102820.0,2303,2303.TW
2025-09-25,43.55459213256836,44.29999923706055,58873725.0,2303,2303.TW
2025-09-26,44.0953369140625,44.849998474121094,47396933.0,2303,2303.TW
2025-09-30,44.78356170654297,45.54999923706055,132135580.0,2303,2303.TW
2025-10-01,43.505435943603516,44.25,80189193.0,2303,2303.TW
2025-10-02,43.06300735473633,43.79999923706055,61988144.0,2303,2303.TW
2025-10-03,43.11216354370117,43.849998474121094,40817851.0,2303,2303.TW
2025-10-07,43.55459213256836,44.29999923706055,29753422.0,2303,2303.TW
2025-10-08,44.19365692138672,44.95000076293945,39893979.0,2303,2303.TW
2025-10-09,44.88187789916992,45.650001525878906,71854411.0,2303,2303.TW
2025-10-13,44.685245513916016,45.45000076293945,59392456.0,2303,2303.TW
2025-10-14,44.0953369140625,44.849998474121094,46400125.0,2303,2303.TW
2025-10-15,43.75122833251953,44.5,35642582.0,2303,2303.TW
2025-10-16,44.144500732421875,44.900001525878906,31492824.0,2303,2303.TW
2025-10-17,44.980194091796875,45.75,45710984.0,2303,2303.TW
2025-10-20,45.32430648803711,46.099998474121094,32982073.0,2303,2303.TW
2025-10-21,44.685245513916016,45.45000076293945,25934845.0,2303,2303.TW
2025-10-22,44.73440170288086,45.5,23685066.0,2303,2303.TW
2025-10-23,44.636085510253906,45.400001525878906,15560798.0,2303,2303.TW
2025-10-27,44.83271789550781,45.599998474121094,44433603.0,2303,2303.TW
2025-10-28,45.225990295410156,46.0,44730201.0,2303,2303.TW
2025-10-29,44.83271789550781,45.599998474121094,28686171.0,2303,2303.TW
2025-10-30,45.07851028442383,45.849998474121094,55662596.0,2303,2303.TW
2025-10-31,45.619258880615234,46.400001525878906,50233207.0,2303,2303.TW
2025-11-03,46.79906463623047,47.599998474121094,96165770.0,2303,2303.TW
2025-11-04,46.60243225097656,47.400001525878906,65151205.0,2303,2303.TW
2025-11-05,46.30747985839844,47.099998474121094,48037302.0,2303,2303.TW
2025-11-06,45.029354095458984,45.79999923706055,60365518.0,2303,2303.TW
2025-11-07,44.24281692504883,45.0,33263691.0,2303,2303.TW
2025-11-10,44.439449310302734,45.20000076293945,22981297.0,2303,2303.TW
2025-11-11,44.488609313964844,45.25,28811087.0,2303,2303.TW
2025-11-12,44.24281692504883,45.0,32938632.0,2303,2303.TW
2025-11-13,43.70207214355469,44.45000076293945,39585981.0,2303,2303.TW
2025-11-14,43.40711975097656,44.150001525878906,32870053.0,2303,2303.TW
2025-11-17,43.11216354370117,43.849998474121094,24761430.0,2303,2303.TW
2025-11-18,43.456275939941406,44.20000076293945,36974090.0,2303,2303.TW
2025-11-19,43.60375213623047,44.349998474121094,36173559.0,2303,2303.TW
2025-11-20,43.898704528808594,44.650001525878906,33997431.0,2303,2303.TW
2025-11-21,44.24281692504883,45.0,35889116.0,2303,2303.TW
2025-11-24,45.7667350769043,46.54999923706055,96809729.0,2303,2303.TW
2025-11-25,44.341129302978516,45.099998474121094,48603850.0,2303,2303.TW
2025-11-26,44.685245513916016,45.45000076293945,37353483.0,2303,2303.TW
2025-11-27,45.17683029174805,45.95000076293945,31875985.0,2303,2303.TW
2025-11-28,45.029354095458984,45.79999923706055,24598918.0,2303,2303.TW
2025-12-01,45.71757507324219,46.5,40046416.0,2303,2303.TW
2025-12-02,46.40579605102539,47.20000076293945,45599924.0,2303,2303.TW
2025-12-03,46.700748443603516,47.5,48477991.0,2303,2303.TW
2025-12-04,47.19233703613281,48.0,45884116.0,2303,2303.TW
2025-12-05,48.07719421386719,48.900001525878906,82641984.0,2303,2303.TW
2025-12-08,48.470462799072266,49.29999923706055,66401289.0,2303,2303.TW
2025-12-09,48.765411376953125,49.599998474121094,43073174.0,2303,2303.TW
2025-12-10,48.51961898803711,49.349998474121094,42078886.0,2303,2303.TW
2025-12-11,47.83140182495117,48.650001525878906,41866258.0,2303,2303.TW
2025-12-12,47.97887420654297,48.79999923706055,41253059.0,2303,2303.TW
2025-12-15,48.02803039550781,48.849998474121094,43233765.0,2303,2303.TW
2025-12-16,48.37214660644531,49.20000076293945,82993384.0,2303,2303.TW
2025-12-17,49.55195617675781,50.400001525878906,121255998.0,2303,2303.TW
2025-12-18,49.453636169433594,50.29999923706055,62599569.0,2303,2303.TW
2025-12-19,49.84690475463867,50.70000076293945,68014965.0,2303,2303.TW
2025-12-22,50.043540954589844,50.900001525878906,65719784.0,2303,2303.TW
2025-12-23,49.15868377685547,50.0,45790969.0,2303,2303.TW
2025-12-24,48.8145751953125,49.650001525878906,47697812.0,2303,2303.TW
2025-12-26,49.10952377319336,49.95000076293945,40760795.0,2303,2303.TW
2025-12-29,48.8145751953125,49.650001525878906,21458772.0,2303,2303.TW
2025-12-30,48.66709518432617,49.5,26366450.0,2303,2303.TW
2025-12-31,48.421302795410156,49.25,25770824.0,2303,2303.TW
2026-01-02,47.880558013916016,48.70000076293945,29250355.0,2303,2303.TW
2026-01-05,47.683921813964844,48.5,44471888.0,2303,2303.TW
2026-01-06,48.37214660644531,49.20000076293945,48390300.0,2303,2303.TW
2026-01-07,53.189693450927734,54.099998474121094,230965277.0,2303,2303.TW
2026-01-08,51.91156768798828,52.79999923706055,644884888.0,2303,2303.TW
2026-01-09,54.17286682128906,55.099998474121094,306881896.0,2303,2303.TW
2026-01-12,54.369503021240234,55.29999923706055,187151237.0,2303,2303.TW
2026-01-13,53.976234436035156,54.900001525878906,128953631.0,2303,2303.TW
2026-01-14,53.09137725830078,54.0,154811585.0,2303,2303.TW
2026-01-15,53.77960205078125,54.70000076293945,98309216.0,2303,2303.TW
2026-01-16,57.51565933227539,58.5,304570619.0,2303,2303.TW
2026-01-19,61.4483528137207,62.5,338651958.0,2303,2303.TW
2026-01-20,66.6591796875,67.80000305175781,469623641.0,2303,2303.TW
2026-01-21,67.24907684326172,68.4000015258789,438361845.0,2303,2303.TW
2026-01-22,66.46253967285156,67.5999984741211,268253929.0,2303,2303.TW
2026-01-23,63.70965576171875,64.80000305175781,268830260.0,2303,2303.TW
2026-01-26,68.13394165039062,69.30000305175781,223044536.0,2303,2303.TW
2026-01-27,74.91783142089844,76.19999694824219,499434330.0,2303,2303.TW
2026-01-28,74.62288665771484,75.9000015258789,525499756.0,2303,2303.TW
2026-01-29,67.24907684326172,68.4000015258789,277417422.0,2303,2303.TW
2026-01-30,61.35003662109375,62.400001525878906,369865203.0,2303,2303.TW
2026-02-02,59.67864227294922,60.70000076293945,192416866.0,2303,2303.TW
2026-02-03,59.77695846557617,60.79999923706055,183445997.0,2303,2303.TW
2026-02-04,60.7601318359375,61.79999923706055,102061867.0,2303,2303.TW
2026-02-05,60.465179443359375,61.5,92170463.0,2303,2303.TW
2026-02-06,60.85845184326172,61.900001525878906,120535637.0,2303,2303.TW
2026-02-09,61.35003662109375,62.400001525878906,139921949.0,2303,2303.TW
2026-02-10,61.35003662109375,62.400001525878906,91242137.0,2303,2303.TW
2026-02-11,61.74330520629883,62.79999923706055,87219731.0,2303,2303.TW
2026-02-23,62.824798583984375,63.900001525878906,140691976.0,2303,2303.TW
2026-02-24,66.36421966552734,67.5,182119009.0,2303,2303.TW
2026-02-25,64.39787292480469,65.5,148725670.0,2303,2303.TW
2026-02-26,64.299560546875,65.4000015258789,174910983.0,2303,2303.TW
2026-03-02,63.414703369140625,64.5,96568472.0,2303,2303.TW
2026-03-03,61.546669006347656,62.599998474121094,114479134.0,2303,2303.TW
2026-03-04,58.990421295166016,60.0,114266906.0,2303,2303.TW
2026-03-05,61.055084228515625,62.099998474121094,75570495.0,2303,2303.TW
2026-03-06,60.95676803588867,62.0,54687401.0,2303,2303.TW
2026-03-09,58.69546890258789,59.70000076293945,111723835.0,2303,2303.TW
2026-03-10,59.383689880371094,60.400001525878906,75467464.0,2303,2303.TW
2026-03-11,61.153404235839844,62.20000076293945,55747854.0,2303,2303.TW
2026-03-12,59.580322265625,60.599998474121094,64444916.0,2303,2303.TW
2026-03-13,58.49883270263672,59.5,64162838.0,2303,2303.TW
2026-03-16,59.48200607299805,60.5,58677753.0,2303,2303.TW
2026-03-17,59.67864227294922,60.70000076293945,46464259.0,2303,2303.TW
2026-03-18,60.0719108581543,61.099998474121094,65532503.0,2303,2303.TW
2026-03-19,57.71229553222656,58.70000076293945,84931746.0,2303,2303.TW
2026-03-20,56.82743835449219,57.79999923706055,80718669.0,2303,2303.TW
2026-03-23,55.745948791503906,56.70000076293945,62921550.0,2303,2303.TW
2026-03-24,55.549312591552734,56.5,52694700.0,2303,2303.TW
2026-03-25,58.10556411743164,59.099998474121094,53911720.0,2303,2303.TW
2026-03-26,57.220706939697266,58.20000076293945,34931899.0,2303,2303.TW
2026-03-27,56.82743835449219,57.79999923706055,41464196.0,2303,2303.TW
2026-03-30,56.040897369384766,57.0,60495316.0,2303,2303.TW
2026-03-31,55.549312591552734,56.5,71434250.0,2303,2303.TW
2026-04-01,56.43416976928711,57.400001525878906,61710505.0,2303,2303.TW
2026-04-02,52.6981086730957,53.599998474121094,112129472.0,2303,2303.TW
2026-04-07,57.31902313232422,58.29999923706055,163823438.0,2303,2303.TW
2026-04-08,59.285369873046875,60.29999923706055,161175374.0,2303,2303.TW
2026-04-09,58.990421295166016,60.0,76399426.0,2303,2303.TW
2026-04-10,60.95676803588867,62.0,150810786.0,2303,2303.TW
2026-04-13,59.08873748779297,60.099998474121094,123412684.0,2303,2303.TW
2026-04-14,58.69546890258789,59.70000076293945,72941136.0,2303,2303.TW
2026-04-15,61.055084228515625,62.099998474121094,143871383.0,2303,2303.TW
2026-04-16,67.15076446533203,68.30000305175781,280417097.0,2303,2303.TW
2026-04-17,71.77167510986328,73.0,494806022.0,2303,2303.TW
2026-04-20,75.6060562133789,76.9000015258789,348790257.0,2303,2303.TW
2026-04-21,74.91783142089844,76.19999694824219,315361026.0,2303,2303.TW
2026-04-22,77.27745056152344,78.5999984741211,231383599.0,2303,2303.TW
2026-04-23,72.36157989501953,73.5999984741211,230028648.0,2303,2303.TW
2026-04-24,73.2464370727539,74.5,178977116.0,2303,2303.TW
2026-04-27,71.47672271728516,72.69999694824219,185496761.0,2303,2303.TW
2026-04-28,73.83634185791016,75.0999984741211,162722456.0,2303,2303.TW
2026-04-29,73.2464370727539,74.5,119808582.0,2303,2303.TW
2026-04-30,75.99932861328125,77.30000305175781,331616948.0,2303,2303.TW
2026-05-04,79.83370208740234,81.19999694824219,240260266.0,2303,2303.TW
2026-05-05,81.70172882080078,83.0999984741211,171549816.0,2303,2303.TW
2026-05-06,89.86207580566406,91.4000015258789,253983202.0,2303,2303.TW
2026-05-07,94.87625885009766,96.5,323781992.0,2303,2303.TW
2026-05-08,89.76375579833984,91.30000305175781,216239801.0,2303,2303.TW
2026-05-11,93.40149688720703,95.0,177668192.0,2303,2303.TW
2026-05-12,102.74164581298828,104.5,379946290.0,2303,2303.TW
2026-05-13,96.74429321289062,98.4000015258789,349701662.0,2303,2303.TW
2026-05-14,106.18275451660156,108.0,330599652.0,2303,2303.TW
2026-05-15,108.14910125732422,110.0,408587830.0,2303,2303.TW
2026-05-18,109.13227844238281,111.0,262569269.0,2303,2303.TW
2026-05-19,111.09862518310547,113.0,272066263.0,2303,2303.TW
2026-05-20,106.18275451660156,108.0,226050768.0,2303,2303.TW
2026-05-21,114.04814910888672,116.0,197547226.0,2303,2303.TW
2026-05-22,112.08179473876953,114.0,201475124.0,2303,2303.TW
2026-05-25,122.8967056274414,125.0,338107213.0,2303,2303.TW
2026-05-26,128.30416870117188,130.5,289873300.0,2303,2303.TW
2026-05-27,141.08541870117188,143.5,278317004.0,2303,2303.TW
2026-05-28,139.61065673828125,142.0,413829506.0,2303,2303.TW
2026-05-29,142.06858825683594,144.5,359633947.0,2303,2303.TW
2026-06-01,143.54335021972656,146.0,285766307.0,2303,2303.TW
2026-06-02,139.11907958984375,141.5,376100203.0,2303,2303.TW
2026-06-03,128.30416870117188,130.5,373068043.0,2303,2303.TW
2026-06-04,122.8967056274414,125.0,374384907.0,2303,2303.TW
2026-06-05,129.28733825683594,131.5,374878386.0,2303,2303.TW
2026-06-08,118.9640121459961,121.0,315497867.0,2303,2303.TW
2026-06-09,125.35464477539062,127.5,372028410.0,2303,2303.TW
2026-06-10,116.5060806274414,118.5,329115708.0,2303,2303.TW
2026-06-11,122.8967056274414,125.0,348102661.0,2303,2303.TW
2026-06-12,131.25367736816406,133.5,388715812.0,2303,2303.TW
2026-06-15,139.11907958984375,141.5,325943462.0,2303,2303.TW
2026-06-16,138.6274871826172,141.0,233154458.0,2303,2303.TW
2026-06-17,137.64431762695312,140.0,169558863.0,2303,2303.TW
2026-06-18,143.05177307128906,145.5,293666572.0,2303,2303.TW
2026-06-22,157.3077850341797,160.0,63984566.0,2303,2303.TW
2026-06-23,167.1395263671875,170.0,544359699.0,2303,2303.TW
2026-06-24,175.00491333007812,178.0,562107679.0,2303,2303.TW
2026-06-25,175.4965057373047,178.5,394896008.0,2303,2303.TW
2026-06-26,161.240478515625,164.0,373687844.0,2303,2303.TW
2026-06-29,161.240478515625,164.0,220963458.0,2303,2303.TW
2026-06-30,161.73207092285156,164.5,297652602.0,2303,2303.TW
2026-07-01,166.15635681152344,169.0,242973133.0,2303,2303.TW
2026-07-02,162.71524047851562,165.5,81181266.0,2303,2303.TW
2026-07-03,167.631103515625,170.5,75047290.0,2303,2303.TW
2026-07-06,163.2068328857422,166.0,53725623.0,2303,2303.TW
2026-07-07,152.3919219970703,155.0,88711444.0,2303,2303.TW
2026-07-08,163.0,163.0,81852504.0,2303,2303.TW
2026-07-09,156.0,156.0,58308719.0,2303,2303.TW
2026-07-10,156.0,156.0,0.0,2303,2303.TW
2026-07-13,153.5,153.5,66627286.0,2303,2303.TW
2026-07-14,151.0,151.0,85375932.0,2303,2303.TW
2026-07-15,166.0,166.0,109012211.0,2303,2303.TW
2026-07-16,160.0,160.0,86658780.0,2303,2303.TW
2026-07-17,144.0,144.0,246895686.0,2303,2303.TW
2026-07-20,130.0,130.0,293374867.0,2303,2303.TW
2026-07-21,134.5,134.5,257680244.0,2303,2303.TW
2026-07-22,139.0,139.0,175239759.0,2303,2303.TW
2026-07-23,138.5,138.5,114382542.0,2303,2303.TW
2026-07-24,128.0,128.0,149526433.0,2303,2303.TW
2026-07-27,126.0,126.0,217233817.0,2303,2303.TW
2026-07-28,113.5,113.5,148133898.0,2303,2303.TW
2026-07-29,102.5,102.5,268721259.0,2303,2303.TW
2026-07-30,110.0,110.0,373240964.0,2303,2303.TW
2026-07-31,121.0,121.0,45279778.0,2303,2303.TW
2025-05-27,114.01527404785156,119.75,5273608.0,2327,2327.TW
2025-05-28,115.44344329833984,121.25,9395988.0,2327,2327.TW
2025-05-29,116.63358306884766,122.5,12524360.0,2327,2327.TW
2025-06-02,114.01527404785156,119.75,8704368.0,2327,2327.TW
2025-06-03,115.91949462890625,121.75,7132696.0,2327,2327.TW
2025-06-04,120.20399475097656,126.25,14050128.0,2327,2327.TW
2025-06-05,119.01385498046875,125.0,11173196.0,2327,2327.TW
2025-06-06,117.4666748046875,123.375,7140676.0,2327,2327.TW
2025-06-09,119.72793579101562,125.75,11666564.0,2327,2327.TW
2025-06-10,118.29977416992188,124.25,15380580.0,2327,2327.TW
2025-06-11,117.70470428466797,123.625,12645136.0,2327,2327.TW
2025-06-12,115.91949462890625,121.75,15011268.0,2327,2327.TW
2025-06-13,117.03524017333984,117.875,13257068.0,2327,2327.TW
2025-06-16,119.02099609375,119.875,8239072.0,2327,2327.TW
2025-06-17,118.15222930908203,119.0,11020628.0,2327,2327.TW
2025-06-18,117.28346252441406,118.125,6843928.0,2327,2327.TW
2025-06-19,114.42894744873047,115.25,10800396.0,2327,2327.TW
2025-06-20,113.0637435913086,113.875,35496040.0,2327,2327.TW
2025-06-23,112.81552124023438,113.625,6514400.0,2327,2327.TW
2025-06-24,117.53168487548828,118.375,12659076.0,2327,2327.TW
2025-06-25,118.40045166015625,119.25,8259048.0,2327,2327.TW
2025-06-26,118.89688873291016,119.75,7392644.0,2327,2327.TW
2025-06-27,121.75140380859375,122.625,19445620.0,2327,2327.TW
2025-06-30,120.38619995117188,121.25,6297140.0,2327,2327.TW
2025-07-01,121.50318145751953,122.375,5869036.0,2327,2327.TW
2025-07-02,123.24071502685547,124.125,9477996.0,2327,2327.TW
2025-07-03,123.9853744506836,124.875,9249304.0,2327,2327.TW
2025-07-04,121.130859375,122.0,11148680.0,2327,2327.TW
2025-07-07,120.26209259033203,121.125,5681872.0,2327,2327.TW
2025-07-08,119.5174331665039,120.375,4252544.0,2327,2327.TW
2025-07-09,121.75140380859375,122.625,8348844.0,2327,2327.TW
2025-07-10,122.12373352050781,123.0,6674960.0,2327,2327.TW
2025-07-11,120.88263702392578,121.75,6896512.0,2327,2327.TW
2025-07-14,121.25496673583984,122.125,4646708.0,2327,2327.TW
2025-07-15,124.10948181152344,125.0,10677328.0,2327,2327.TW
2025-07-16,124.60591888427734,125.5,12527004.0,2327,2327.TW
2025-07-17,126.5916748046875,127.5,9820180.0,2327,2327.TW
2025-07-18,127.0881118774414,128.0,7772236.0,2327,2327.TW
2025-07-21,127.33633422851562,128.25,5842524.0,2327,2327.TW
2025-07-22,125.35057830810547,126.25,10530488.0,2327,2327.TW
2025-07-23,131.8042755126953,132.75,19684712.0,2327,2327.TW
2025-07-24,132.3007049560547,133.25,8721436.0,2327,2327.TW
2025-07-25,131.55606079101562,132.5,6659192.0,2327,2327.TW
2025-07-28,132.052490234375,133.0,5620860.0,2327,2327.TW
2025-07-29,132.79714965820312,133.75,10485012.0,2327,2327.TW
2025-07-30,129.8185272216797,130.75,19266612.0,2327,2327.TW
2025-07-31,131.55606079101562,132.5,11250340.0,2327,2327.TW
2025-08-04,132.79714965820312,133.75,6898100.0,2327,2327.TW
2025-08-05,136.5204315185547,137.5,16284380.0,2327,2327.TW
2025-08-06,134.28646850585938,135.25,9908428.0,2327,2327.TW
2025-08-07,135.2793426513672,136.25,8463832.0,2327,2327.TW
2025-08-08,135.2793426513672,136.25,6037780.0,2327,2327.TW
2025-08-11,134.53468322753906,135.5,7589712.0,2327,2327.TW
2025-08-12,134.53468322753906,135.5,5412888.0,2327,2327.TW
2025-08-13,135.52755737304688,136.5,11239476.0,2327,2327.TW
2025-08-14,135.52755737304688,136.5,0.0,2327,2327.TW
2025-08-15,135.52755737304688,136.5,0.0,2327,2327.TW
2025-08-18,135.52755737304688,136.5,0.0,2327,2327.TW
2025-08-19,135.52755737304688,136.5,0.0,2327,2327.TW
2025-08-20,135.52755737304688,136.5,0.0,2327,2327.TW
2025-08-21,135.52755737304688,136.5,0.0,2327,2327.TW
2025-08-22,135.52755737304688,136.5,0.0,2327,2327.TW
2025-08-25,141.9812469482422,143.0,26140257.0,2327,2327.TW
2025-08-26,137.5133056640625,138.5,24908643.0,2327,2327.TW
2025-08-27,135.52755737304688,136.5,13786622.0,2327,2327.TW
2025-08-28,136.0240020751953,137.0,11412420.0,2327,2327.TW
2025-08-29,138.5061798095703,139.5,10920348.0,2327,2327.TW
2025-09-01,134.03823852539062,135.0,10720707.0,2327,2327.TW
2025-09-02,133.54180908203125,134.5,9073581.0,2327,2327.TW
2025-09-03,134.03823852539062,135.0,9343253.0,2327,2327.TW
2025-09-04,134.53468322753906,135.5,7005764.0,2327,2327.TW
2025-09-05,134.03823852539062,135.0,8288131.0,2327,2327.TW
2025-09-08,136.5204315185547,137.5,10037406.0,2327,2327.TW
2025-09-09,137.5133056640625,138.5,9113361.0,2327,2327.TW
2025-09-10,141.4848175048828,142.5,15850665.0,2327,2327.TW
2025-09-11,137.01687622070312,138.0,13599731.0,2327,2327.TW
2025-09-12,150.4207000732422,151.5,60316237.0,2327,2327.TW
2025-09-15,149.92425537109375,151.0,49613059.0,2327,2327.TW
2025-09-16,148.4349365234375,149.5,22652664.0,2327,2327.TW
2025-09-17,154.88864135742188,156.0,65981406.0,2327,2327.TW
2025-09-18,156.8743896484375,158.0,36421345.0,2327,2327.TW
2025-09-19,172.2639617919922,173.5,109730764.0,2327,2327.TW
2025-09-22,177.2283477783203,178.5,127600340.0,2327,2327.TW
2025-09-23,174.74615478515625,176.0,48295565.0,2327,2327.TW
2025-09-24,178.7176513671875,180.0,60602087.0,2327,2327.TW
2025-09-25,168.29246520996094,169.5,66234334.0,2327,2327.TW
2025-09-26,164.81739807128906,166.0,65205247.0,2327,2327.TW
2025-09-30,168.7888946533203,170.0,26331987.0,2327,2327.TW
2025-10-01,168.7888946533203,170.0,34976006.0,2327,2327.TW
2025-10-02,169.28533935546875,170.5,25845084.0,2327,2327.TW
2025-10-03,174.2497100830078,175.5,34197207.0,2327,2327.TW
2025-10-07,183.1855926513672,184.5,87453720.0,2327,2327.TW
2025-10-08,184.17848205566406,185.5,44232453.0,2327,2327.TW
2025-10-09,182.19271850585938,183.5,50072983.0,2327,2327.TW
2025-10-13,176.73190307617188,178.0,37733835.0,2327,2327.TW
2025-10-14,170.77464294433594,172.0,46027900.0,2327,2327.TW
2025-10-15,173.75328063964844,175.0,17950755.0,2327,2327.TW
2025-10-16,178.22122192382812,179.5,24254436.0,2327,2327.TW
2025-10-17,183.1855926513672,184.5,58239724.0,2327,2327.TW
2025-10-20,194.60366821289062,196.0,89262650.0,2327,2327.TW
2025-10-21,203.53955078125,205.0,126010973.0,2327,2327.TW
2025-10-22,206.5181884765625,208.0,71399254.0,2327,2327.TW
2025-10-23,224.38995361328125,226.0,134467762.0,2327,2327.TW
2025-10-27,246.7296600341797,248.5,114973502.0,2327,2327.TW
2025-10-28,244.24746704101562,246.0,79547180.0,2327,2327.TW
2025-10-29,245.73678588867188,247.5,83494628.0,2327,2327.TW
2025-10-30,247.22608947753906,249.0,82496913.0,2327,2327.TW
2025-10-31,247.22608947753906,249.0,53903531.0,2327,2327.TW
2025-11-03,252.1904754638672,254.0,71547541.0,2327,2327.TW
2025-11-04,236.30445861816406,238.0,75723550.0,2327,2327.TW
2025-11-05,231.83651733398438,233.5,69320008.0,2327,2327.TW
2025-11-06,238.2902069091797,240.0,38280773.0,2327,2327.TW
2025-11-07,232.8293914794922,234.5,29096984.0,2327,2327.TW
2025-11-10,228.3614501953125,230.0,35409990.0,2327,2327.TW
2025-11-11,228.85789489746094,230.5,28518225.0,2327,2327.TW
2025-11-12,228.85789489746094,230.5,27542868.0,2327,2327.TW
2025-11-13,241.76527404785156,243.5,86566652.0,2327,2327.TW
2025-11-14,231.83651733398438,233.5,50637144.0,2327,2327.TW
2025-11-17,224.88638305664062,226.5,38124554.0,2327,2327.TW
2025-11-18,227.3685760498047,229.0,60417978.0,2327,2327.TW
2025-11-19,223.39706420898438,225.0,49332432.0,2327,2327.TW
2025-11-20,228.85789489746094,230.5,30249611.0,2327,2327.TW
2025-11-21,227.3685760498047,229.0,36622241.0,2327,2327.TW
2025-11-24,230.84364318847656,232.5,33597099.0,2327,2327.TW
2025-11-25,226.87213134765625,228.5,30233953.0,2327,2327.TW
2025-11-26,230.34719848632812,232.0,18497341.0,2327,2327.TW
2025-11-27,234.31871032714844,236.0,29677726.0,2327,2327.TW
2025-11-28,233.32583618164062,235.0,43745600.0,2327,2327.TW
2025-12-01,227.3685760498047,229.0,20889242.0,2327,2327.TW
2025-12-02,225.87925720214844,227.5,16400694.0,2327,2327.TW
2025-12-03,230.84364318847656,232.5,21462018.0,2327,2327.TW
2025-12-04,234.31871032714844,236.0,16176156.0,2327,2327.TW
2025-12-05,235.31158447265625,237.0,14518185.0,2327,2327.TW
2025-12-08,235.31158447265625,237.0,16194438.0,2327,2327.TW
2025-12-09,237.7937774658203,239.5,24406449.0,2327,2327.TW
2025-12-10,243.7510223388672,245.5,64133919.0,2327,2327.TW
2025-12-11,234.31871032714844,236.0,45577817.0,2327,2327.TW
2025-12-12,235.80801391601562,237.5,17022364.0,2327,2327.TW
2025-12-15,229.3543243408203,231.0,16519673.0,2327,2327.TW
2025-12-16,221.41131591796875,223.0,26356995.0,2327,2327.TW
2025-12-17,219.42556762695312,221.0,13862246.0,2327,2327.TW
2025-12-18,216.4469451904297,218.0,15329777.0,2327,2327.TW
2025-12-19,220.41844177246094,222.0,15038426.0,2327,2327.TW
2025-12-22,224.38995361328125,226.0,9902367.0,2327,2327.TW
2025-12-23,220.91488647460938,222.5,10263772.0,2327,2327.TW
2025-12-24,220.91488647460938,222.5,10599782.0,2327,2327.TW
2025-12-26,222.40419006347656,224.0,7757035.0,2327,2327.TW
2025-12-29,220.91488647460938,222.5,10282169.0,2327,2327.TW
2025-12-30,223.8935089111328,225.5,19193078.0,2327,2327.TW
2025-12-31,229.3543243408203,231.0,33869775.0,2327,2327.TW
2026-01-02,239.2830810546875,241.0,52538458.0,2327,2327.TW
2026-01-05,242.26171875,244.0,64011196.0,2327,2327.TW
2026-01-06,251.69403076171875,253.5,60788349.0,2327,2327.TW
2026-01-07,251.19760131835938,253.0,46724102.0,2327,2327.TW
2026-01-08,235.80801391601562,237.5,55632145.0,2327,2327.TW
2026-01-09,239.77952575683594,241.5,24148362.0,2327,2327.TW
2026-01-12,245.73678588867188,247.5,30539951.0,2327,2327.TW
2026-01-13,258.6441650390625,260.5,88826520.0,2327,2327.TW
2026-01-14,276.51593017578125,278.5,129994906.0,2327,2327.TW
2026-01-15,271.5515441894531,273.5,73910284.0,2327,2327.TW
2026-01-16,280.98388671875,283.0,80940978.0,2327,2327.TW
2026-01-19,293.3948059082031,295.5,102642142.0,2327,2327.TW
2026-01-20,287.43756103515625,289.5,53527680.0,2327,2327.TW
2026-01-21,275.5230407714844,277.5,55567948.0,2327,2327.TW
2026-01-22,293.8912658691406,296.0,74378339.0,2327,2327.TW
2026-01-23,289.4233093261719,291.5,41415635.0,2327,2327.TW
2026-01-26,284.95538330078125,287.0,24134135.0,2327,2327.TW
2026-01-27,292.89837646484375,295.0,28168249.0,2327,2327.TW
2026-01-28,283.466064453125,285.5,45089194.0,2327,2327.TW
2026-01-29,275.026611328125,277.0,37547222.0,2327,2327.TW
2026-01-30,275.5230407714844,277.5,23058464.0,2327,2327.TW
2026-02-02,256.1619873046875,258.0,41081621.0,2327,2327.TW
2026-02-03,264.6014099121094,266.5,21647266.0,2327,2327.TW
2026-02-04,265.0978698730469,267.0,13702046.0,2327,2327.TW
2026-02-05,256.1619873046875,258.0,18218586.0,2327,2327.TW
2026-02-06,246.7296600341797,248.5,29232914.0,2327,2327.TW
2026-02-09,248.21896362304688,250.0,15911554.0,2327,2327.TW
2026-02-10,252.1904754638672,254.0,17436262.0,2327,2327.TW
2026-02-11,254.1762237548828,256.0,16638142.0,2327,2327.TW
2026-02-23,279.49456787109375,281.5,35101227.0,2327,2327.TW
2026-02-24,298.85565185546875,301.0,80384639.0,2327,2327.TW
2026-02-25,297.8627624511719,300.0,36041452.0,2327,2327.TW
2026-02-26,295.87701416015625,298.0,45762837.0,2327,2327.TW
2026-03-02,289.9197692871094,292.0,29397290.0,2327,2327.TW
2026-03-03,278.5016784667969,280.5,41369700.0,2327,2327.TW
2026-03-04,257.15484619140625,259.0,41218019.0,2327,2327.TW
2026-03-05,265.59429931640625,267.5,24941339.0,2327,2327.TW
2026-03-06,263.11212158203125,265.0,15045724.0,2327,2327.TW
2026-03-09,246.7296600341797,248.5,28977441.0,2327,2327.TW
2026-03-10,256.6584167480469,258.5,21214420.0,2327,2327.TW
2026-03-11,262.61566162109375,264.5,18310659.0,2327,2327.TW
2026-03-12,249.70828247070312,251.5,25511803.0,2327,2327.TW
2026-03-13,256.1619873046875,258.0,14365883.0,2327,2327.TW
2026-03-16,258.1477355957031,260.0,14363549.0,2327,2327.TW
2026-03-17,283.9624938964844,286.0,52742038.0,2327,2327.TW
2026-03-18,278.5016784667969,280.5,58759053.0,2327,2327.TW
2026-03-19,273.0408630371094,275.0,31568415.0,2327,2327.TW
2026-03-20,269.0693664550781,271.0,30413979.0,2327,2327.TW
2026-03-23,251.19760131835938,253.0,27422702.0,2327,2327.TW
2026-03-24,248.7154083251953,250.5,18074666.0,2327,2327.TW
2026-03-25,258.1477355957031,260.0,13485912.0,2327,2327.TW
2026-03-26,260.13348388671875,262.0,13320530.0,2327,2327.TW
2026-03-27,258.1477355957031,260.0,11515166.0,2327,2327.TW
2026-03-30,256.1619873046875,258.0,12141845.0,2327,2327.TW
2026-03-31,241.76527404785156,243.5,19775373.0,2327,2327.TW
2026-04-01,249.70828247070312,251.5,11740766.0,2327,2327.TW
2026-04-02,244.24746704101562,246.0,13335778.0,2327,2327.TW
2026-04-07,254.1762237548828,256.0,12566482.0,2327,2327.TW
2026-04-08,269.5657958984375,271.5,22773371.0,2327,2327.TW
2026-04-09,279.49456787109375,281.5,33963270.0,2327,2327.TW
2026-04-10,282.9696350097656,285.0,31491661.0,2327,2327.TW
2026-04-13,301.33782958984375,303.5,95999683.0,2327,2327.TW
2026-04-14,309.77728271484375,312.0,69139257.0,2327,2327.TW
2026-04-15,319.7060241699219,322.0,74637775.0,2327,2327.TW
2026-04-16,322.6846618652344,325.0,67201907.0,2327,2327.TW
2026-04-17,314.2452087402344,316.5,48902578.0,2327,2327.TW
2026-04-20,317.2238464355469,319.5,30695247.0,2327,2327.TW
2026-04-21,320.69891357421875,323.0,32767915.0,2327,2327.TW
2026-04-22,313.2523498535156,315.5,29016493.0,2327,2327.TW
2026-04-23,292.89837646484375,295.0,56753431.0,2327,2327.TW
2026-04-24,294.8841247558594,297.0,31605205.0,2327,2327.TW
2026-04-27,302.8271484375,305.0,32412418.0,2327,2327.TW
2026-04-28,324.1739807128906,326.5,49765073.0,2327,2327.TW
2026-04-29,319.7060241699219,322.0,27495750.0,2327,2327.TW
2026-04-30,314.74163818359375,317.0,34586570.0,2327,2327.TW
2026-05-04,340.05999755859375,342.5,53410771.0,2327,2327.TW
2026-05-05,346.0172424316406,348.5,38973625.0,2327,2327.TW
2026-05-06,335.592041015625,338.0,43188677.0,2327,2327.TW
2026-05-07,368.8533935546875,371.5,51576419.0,2327,2327.TW
2026-05-08,386.2287292480469,389.0,94993275.0,2327,2327.TW
2026-05-11,388.7109069824219,391.5,50647239.0,2327,2327.TW
2026-05-12,416.5114440917969,419.5,61941913.0,2327,2327.TW
2026-05-13,417.00787353515625,420.0,52265286.0,2327,2327.TW
2026-05-14,458.7086486816406,462.0,16396375.0,2327,2327.TW
2026-05-15,452.2549743652344,455.5,114743261.0,2327,2327.TW
2026-05-18,497.4308166503906,501.0,90065287.0,2327,2327.TW
2026-05-19,493.4593200683594,497.0,87505631.0,2327,2327.TW
2026-05-20,516.2954711914062,520.0,83354990.0,2327,2327.TW
2026-05-21,567.9249877929688,572.0,24105138.0,2327,2327.TW
2026-05-22,624.5189208984375,629.0,72182688.0,2327,2327.TW
2026-05-25,686.0772094726562,691.0,65747307.0,2327,2327.TW
2026-05-26,656.2909545898438,661.0,27484984.0,2327,2327.TW
2026-05-27,696.0059814453125,701.0,23677342.0,2327,2327.TW
2026-05-28,736.7139282226562,742.0,23497917.0,2327,2327.TW
2026-05-29,732.7423706054688,738.0,27645131.0,2327,2327.TW
2026-06-01,784.3719482421875,790.0,30698081.0,2327,2327.TW
2026-06-02,839.9729614257812,846.0,21640270.0,2327,2327.TW
2026-06-03,814.158203125,820.0,15243405.0,2327,2327.TW
2026-06-04,737.706787109375,743.0,20895235.0,2327,2327.TW
2026-06-05,763.5215454101562,769.0,26975172.0,2327,2327.TW
2026-06-08,745.6497802734375,751.0,23963998.0,2327,2327.TW
2026-06-09,820.115478515625,826.0,48459597.0,2327,2327.TW
2026-06-10,813.1653442382812,819.0,92059082.0,2327,2327.TW
2026-06-11,836.00146484375,842.0,113782650.0,2327,2327.TW
2026-06-12,855.0,855.0,86064459.0,2327,2327.TW
2026-06-15,940.0,940.0,39733400.0,2327,2327.TW
2026-06-16,950.0,950.0,77130141.0,2327,2327.TW
2026-06-17,984.0,984.0,54391641.0,2327,2327.TW
2026-06-18,1080.0,1080.0,90546467.0,2327,2327.TW
2026-06-22,1065.0,1065.0,59102597.0,2327,2327.TW
2026-06-23,1020.0,1020.0,44344657.0,2327,2327.TW
2026-06-24,1050.0,1050.0,47711122.0,2327,2327.TW
2026-06-25,1125.0,1125.0,58912037.0,2327,2327.TW
2026-06-26,1015.0,1015.0,52009610.0,2327,2327.TW
2026-06-29,1040.0,1040.0,39888813.0,2327,2327.TW
2026-06-30,1140.0,1140.0,55005053.0,2327,2327.TW
2026-07-01,1140.0,1140.0,69879190.0,2327,2327.TW
2026-07-02,1055.0,1055.0,43599999.0,2327,2327.TW
2026-07-03,1045.0,1045.0,36974803.0,2327,2327.TW
2026-07-06,1005.0,1005.0,39646295.0,2327,2327.TW
2026-07-07,905.0,905.0,61372151.0,2327,2327.TW
2026-07-08,891.0,891.0,67677034.0,2327,2327.TW
2026-07-09,900.0,900.0,49819016.0,2327,2327.TW
2026-07-10,900.0,900.0,0.0,2327,2327.TW
2026-07-13,816.0,816.0,67936028.0,2327,2327.TW
2026-07-14,778.0,778.0,78184205.0,2327,2327.TW
2026-07-15,798.0,798.0,50194080.0,2327,2327.TW
2026-07-16,776.0,776.0,41847682.0,2327,2327.TW
2026-07-17,699.0,699.0,31497885.0,2327,2327.TW
2026-07-20,630.0,630.0,30769263.0,2327,2327.TW
2026-07-21,670.0,670.0,92602982.0,2327,2327.TW
2026-07-22,703.0,703.0,66797739.0,2327,2327.TW
2026-07-23,696.0,696.0,58538188.0,2327,2327.TW
2026-07-24,642.0,642.0,40347006.0,2327,2327.TW
2026-07-27,625.0,625.0,55223376.0,2327,2327.TW
2026-07-28,563.0,563.0,32130591.0,2327,2327.TW
2026-07-29,507.0,507.0,49885732.0,2327,2327.TW
2026-07-30,456.5,456.5,104022094.0,2327,2327.TW
2026-07-31,502.0,502.0,6311382.0,2327,2327.TW
2025-05-27,108.93428039550781,110.5,67964056.0,3037,3037.TW
2025-05-28,107.94845581054688,109.5,74187017.0,3037,3037.TW
2025-05-29,104.49805450439453,106.0,31858999.0,3037,3037.TW
2025-06-02,99.56889343261719,101.0,18342918.0,3037,3037.TW
2025-06-03,100.55472564697266,102.0,10919811.0,3037,3037.TW
2025-06-04,101.54055786132812,103.0,22223704.0,3037,3037.TW
2025-06-05,101.54055786132812,103.0,11648951.0,3037,3037.TW
2025-06-06,101.54055786132812,103.0,6404705.0,3037,3037.TW
2025-06-09,98.58306884765625,100.0,19265030.0,3037,3037.TW
2025-06-10,105.48387908935547,107.0,25735944.0,3037,3037.TW
2025-06-11,107.45553588867188,109.0,24114317.0,3037,3037.TW
2025-06-12,105.48387908935547,107.0,10353464.0,3037,3037.TW
2025-06-13,101.04763793945312,102.5,13991909.0,3037,3037.TW
2025-06-16,101.54055786132812,103.0,8555554.0,3037,3037.TW
2025-06-17,100.06181335449219,101.5,15751294.0,3037,3037.TW
2025-06-18,102.0334701538086,103.5,11758926.0,3037,3037.TW
2025-06-19,99.07598114013672,100.5,9687034.0,3037,3037.TW
2025-06-20,98.58306884765625,100.0,37242322.0,3037,3037.TW
2025-06-23,108.44136810302734,110.0,60612825.0,3037,3037.TW
2025-06-24,109.92011260986328,111.5,83540889.0,3037,3037.TW
2025-06-25,112.38469696044922,114.0,36725874.0,3037,3037.TW
2025-06-26,112.38469696044922,114.0,17951830.0,3037,3037.TW
2025-06-27,111.39886474609375,113.0,21287692.0,3037,3037.TW
2025-06-30,112.38469696044922,114.0,14440839.0,3037,3037.TW
2025-07-01,110.41303253173828,112.0,22187360.0,3037,3037.TW
2025-07-02,110.41303253173828,112.0,9324917.0,3037,3037.TW
2025-07-03,115.3421859741211,117.0,72760101.0,3037,3037.TW
2025-07-04,116.32801055908203,118.0,55681950.0,3037,3037.TW
2025-07-07,113.37052154541016,115.0,25053453.0,3037,3037.TW
2025-07-08,114.35635375976562,116.0,11238726.0,3037,3037.TW
2025-07-09,120.76425170898438,122.5,53534533.0,3037,3037.TW
2025-07-10,125.24354553222656,125.5,67737106.0,3037,3037.TW
2025-07-11,123.7466049194336,124.0,24452833.0,3037,3037.TW
2025-07-14,119.7547836303711,120.0,24050059.0,3037,3037.TW
2025-07-15,131.73025512695312,132.0,95332142.0,3037,3037.TW
2025-07-16,135.22311401367188,135.5,177804981.0,3037,3037.TW
2025-07-17,133.22718811035156,133.5,59364287.0,3037,3037.TW
2025-07-18,132.72821044921875,133.0,33161888.0,3037,3037.TW
2025-07-21,133.22718811035156,133.5,28236024.0,3037,3037.TW
2025-07-22,128.23741149902344,128.5,45709835.0,3037,3037.TW
2025-07-23,131.2312774658203,131.5,45639194.0,3037,3037.TW
2025-07-24,132.22923278808594,132.5,26218277.0,3037,3037.TW
2025-07-25,130.7322998046875,131.0,34298398.0,3037,3037.TW
2025-07-28,132.72821044921875,133.0,22773363.0,3037,3037.TW
2025-07-29,139.7139129638672,140.0,113180260.0,3037,3037.TW
2025-07-30,141.70982360839844,142.0,57824609.0,3037,3037.TW
2025-07-31,137.21902465820312,137.5,44584921.0,3037,3037.TW
2025-08-04,134.72413635253906,135.0,18879692.0,3037,3037.TW
2025-08-05,135.22311401367188,135.5,17392365.0,3037,3037.TW
2025-08-06,133.72616577148438,134.0,14801894.0,3037,3037.TW
2025-08-07,135.7220916748047,136.0,20193710.0,3037,3037.TW
2025-08-08,136.7200469970703,137.0,15381691.0,3037,3037.TW
2025-08-11,142.20880126953125,142.5,38310700.0,3037,3037.TW
2025-08-12,138.21697998046875,138.5,21226795.0,3037,3037.TW
2025-08-13,137.71800231933594,138.0,27939517.0,3037,3037.TW
2025-08-14,137.71800231933594,138.0,31616883.0,3037,3037.TW
2025-08-15,135.22311401367188,135.5,29362445.0,3037,3037.TW
2025-08-18,141.70982360839844,142.0,53529574.0,3037,3037.TW
2025-08-19,138.71595764160156,139.0,32334219.0,3037,3037.TW
2025-08-20,133.22718811035156,133.5,28094461.0,3037,3037.TW
2025-08-21,133.22718811035156,133.5,18029095.0,3037,3037.TW
2025-08-22,134.72413635253906,135.0,12717522.0,3037,3037.TW
2025-08-25,139.7139129638672,140.0,26016563.0,3037,3037.TW
2025-08-26,141.70982360839844,142.0,55166242.0,3037,3037.TW
2025-08-27,151.68939208984375,152.0,78003551.0,3037,3037.TW
2025-08-28,149.6934814453125,150.0,55805110.0,3037,3037.TW
2025-08-29,144.2047119140625,144.5,44634243.0,3037,3037.TW
2025-09-01,134.22515869140625,134.5,44655903.0,3037,3037.TW
2025-09-02,130.7322998046875,131.0,27050714.0,3037,3037.TW
2025-09-03,132.22923278808594,132.5,15178176.0,3037,3037.TW
2025-09-04,133.22718811035156,133.5,16441636.0,3037,3037.TW
2025-09-05,133.72616577148438,134.0,15883011.0,3037,3037.TW
2025-09-08,133.22718811035156,133.5,17973959.0,3037,3037.TW
2025-09-09,134.72413635253906,135.0,9702003.0,3037,3037.TW
2025-09-10,141.21084594726562,141.5,33748101.0,3037,3037.TW
2025-09-11,142.20880126953125,142.5,36190634.0,3037,3037.TW
2025-09-12,144.2047119140625,144.5,29173823.0,3037,3037.TW
2025-09-15,141.70982360839844,142.0,12437048.0,3037,3037.TW
2025-09-16,151.68939208984375,152.0,62937639.0,3037,3037.TW
2025-09-17,147.19859313964844,147.5,22470522.0,3037,3037.TW
2025-09-18,148.19654846191406,148.5,27726464.0,3037,3037.TW
2025-09-19,157.1781463623047,157.5,76243057.0,3037,3037.TW
2025-09-22,158.1761016845703,158.5,27757303.0,3037,3037.TW
2025-09-23,158.67507934570312,159.0,48837313.0,3037,3037.TW
2025-09-24,156.67916870117188,157.0,21999335.0,3037,3037.TW
2025-09-25,156.67916870117188,157.0,18569910.0,3037,3037.TW
2025-09-26,148.69552612304688,149.0,22334094.0,3037,3037.TW
2025-09-30,151.19041442871094,151.5,12169842.0,3037,3037.TW
2025-10-01,154.68325805664062,155.0,18912432.0,3037,3037.TW
2025-10-02,152.68734741210938,153.0,19276634.0,3037,3037.TW
2025-10-03,155.68121337890625,156.0,18312219.0,3037,3037.TW
2025-10-07,157.6771240234375,158.0,18670083.0,3037,3037.TW
2025-10-08,159.67303466796875,160.0,15278712.0,3037,3037.TW
2025-10-09,160.67100524902344,161.0,48631343.0,3037,3037.TW
2025-10-13,153.1863250732422,153.5,30148211.0,3037,3037.TW
2025-10-14,145.70164489746094,146.0,24063774.0,3037,3037.TW
2025-10-15,158.1761016845703,158.5,40487394.0,3037,3037.TW
2025-10-16,165.16180419921875,165.5,65595213.0,3037,3037.TW
2025-10-17,160.17202758789062,160.5,23821748.0,3037,3037.TW
2025-10-20,159.67303466796875,160.0,16746208.0,3037,3037.TW
2025-10-21,159.67303466796875,160.0,17818356.0,3037,3037.TW
2025-10-22,158.67507934570312,159.0,13272971.0,3037,3037.TW
2025-10-23,155.68121337890625,156.0,13929317.0,3037,3037.TW
2025-10-27,163.1658935546875,163.5,26740901.0,3037,3037.TW
2025-10-28,162.16793823242188,162.5,17727954.0,3037,3037.TW
2025-10-29,165.66078186035156,166.0,22323103.0,3037,3037.TW
2025-10-30,159.67303466796875,160.0,23648665.0,3037,3037.TW
2025-10-31,163.1658935546875,163.5,20359289.0,3037,3037.TW
2025-11-03,178.13523864746094,178.5,89250715.0,3037,3037.TW
2025-11-04,168.15567016601562,168.5,52367902.0,3037,3037.TW
2025-11-05,162.40084838867188,162.7333984375,31170967.0,3037,3037.TW
2025-11-06,163.88623046875,164.22181701660156,20285702.0,3037,3037.TW
2025-11-07,159.92523193359375,160.25270080566406,13543909.0,3037,3037.TW
2025-11-10,162.89598083496094,163.2295379638672,23179233.0,3037,3037.TW
2025-11-11,164.87648010253906,165.21409606933594,17067447.0,3037,3037.TW
2025-11-12,165.86671447753906,166.20635986328125,16790306.0,3037,3037.TW
2025-11-13,176.7594757080078,177.1214141845703,48480163.0,3037,3037.TW
2025-11-14,171.1495361328125,171.5,23010697.0,3037,3037.TW
2025-11-17,167.15771484375,167.5,19492721.0,3037,3037.TW
2025-11-18,169.65260314941406,170.0,49807769.0,3037,3037.TW
2025-11-19,160.17202758789062,160.5,38149555.0,3037,3037.TW
2025-11-20,171.1495361328125,171.5,28649658.0,3037,3037.TW
2025-11-21,159.67303466796875,160.0,33455073.0,3037,3037.TW
2025-11-24,163.6648712158203,164.0,24638525.0,3037,3037.TW
2025-11-25,175.64035034179688,176.0,45090361.0,3037,3037.TW
2025-11-26,178.13523864746094,178.5,50943119.0,3037,3037.TW
2025-11-27,186.6178741455078,187.0,54580779.0,3037,3037.TW
2025-11-28,186.118896484375,186.5,20712314.0,3037,3037.TW
2025-12-01,196.59742736816406,197.0,70880853.0,3037,3037.TW
2025-12-02,195.59947204589844,196.0,43577865.0,3037,3037.TW
2025-12-03,196.09844970703125,196.5,30541390.0,3037,3037.TW
2025-12-04,198.09437561035156,198.5,33730488.0,3037,3037.TW
2025-12-05,214.56065368652344,215.0,79844923.0,3037,3037.TW
2025-12-08,220.04940795898438,220.5,53386567.0,3037,3037.TW
2025-12-09,225.53817749023438,226.0,72177435.0,3037,3037.TW
2025-12-10,227.0351104736328,227.5,36374898.0,3037,3037.TW
2025-12-11,224.54022216796875,225.0,35820817.0,3037,3037.TW
2025-12-12,224.54022216796875,225.0,19584637.0,3037,3037.TW
2025-12-15,221.04736328125,221.5,12119889.0,3037,3037.TW
2025-12-16,213.5626983642578,214.0,23034970.0,3037,3037.TW
2025-12-17,211.56678771972656,212.0,20874080.0,3037,3037.TW
2025-12-18,206.57699584960938,207.0,18442793.0,3037,3037.TW
2025-12-19,214.56065368652344,215.0,25900078.0,3037,3037.TW
2025-12-22,220.04940795898438,220.5,24783309.0,3037,3037.TW
2025-12-23,215.05963134765625,215.5,15378226.0,3037,3037.TW
2025-12-24,216.5565643310547,217.0,13325125.0,3037,3037.TW
2025-12-26,220.04940795898438,220.5,15968723.0,3037,3037.TW
2025-12-29,220.04940795898438,220.5,10909813.0,3037,3037.TW
2025-12-30,219.05145263671875,219.5,11001118.0,3037,3037.TW
2025-12-31,219.55043029785156,220.0,12630436.0,3037,3037.TW
2026-01-02,218.55247497558594,219.0,21094592.0,3037,3037.TW
2026-01-05,229.52999877929688,230.0,48483738.0,3037,3037.TW
2026-01-06,230.0289764404297,230.5,26037317.0,3037,3037.TW
2026-01-07,225.53817749023438,226.0,58674260.0,3037,3037.TW
2026-01-08,227.0351104736328,227.5,23498448.0,3037,3037.TW
2026-01-09,225.03919982910156,225.5,19148599.0,3037,3037.TW
2026-01-12,243.00241088867188,243.5,40888116.0,3037,3037.TW
2026-01-13,253.48095703125,254.0,55866832.0,3037,3037.TW
2026-01-14,249.4891357421875,250.0,29859691.0,3037,3037.TW
2026-01-15,248.99014282226562,249.5,30014413.0,3037,3037.TW
2026-01-16,273.4400939941406,274.0,72713669.0,3037,3037.TW
2026-01-19,300.3849182128906,301.0,75476349.0,3037,3037.TW
2026-01-20,307.37060546875,308.0,116054872.0,3037,3037.TW
2026-01-21,320.34405517578125,321.0,77785211.0,3037,3037.TW
2026-01-22,326.331787109375,327.0,63173993.0,3037,3037.TW
2026-01-23,338.3072509765625,339.0,44470771.0,3037,3037.TW
2026-01-26,332.31951904296875,333.0,42502720.0,3037,3037.TW
2026-01-27,353.276611328125,354.0,67829255.0,3037,3037.TW
2026-01-28,366.7490234375,367.5,45332486.0,3037,3037.TW
2026-01-29,343.7960205078125,344.5,57886632.0,3037,3037.TW
2026-01-30,377.7265319824219,378.5,75821512.0,3037,3037.TW
2026-02-02,364.2541198730469,365.0,87382905.0,3037,3037.TW
2026-02-03,384.2132568359375,385.0,67977123.0,3037,3037.TW
2026-02-04,387.2071228027344,388.0,100536743.0,3037,3037.TW
2026-02-05,364.75311279296875,365.5,70445419.0,3037,3037.TW
2026-02-06,339.3052062988281,340.0,67050756.0,3037,3037.TW
2026-02-09,346.7898864746094,347.5,79690167.0,3037,3037.TW
2026-02-10,370.7408447265625,371.5,62580182.0,3037,3037.TW
2026-02-11,368.2459411621094,369.0,46066925.0,3037,3037.TW
2026-02-23,404.6713562011719,405.5,50836218.0,3037,3037.TW
2026-02-24,445.0885925292969,446.0,84526078.0,3037,3037.TW
2026-02-25,457.56304931640625,458.5,75908928.0,3037,3037.TW
2026-02-26,480.51605224609375,481.5,83769164.0,3037,3037.TW
2026-03-02,480.01708984375,481.0,75410182.0,3037,3037.TW
2026-03-03,462.0538635253906,463.0,17477055.0,3037,3037.TW
2026-03-04,416.1478576660156,417.0,25501973.0,3037,3037.TW
2026-03-05,449.0804443359375,450.0,17820312.0,3037,3037.TW
2026-03-06,431.1172180175781,432.0,13338280.0,3037,3037.TW
2026-03-09,388.205078125,389.0,15115299.0,3037,3037.TW
2026-03-10,423.1335754394531,424.0,14989856.0,3037,3037.TW
2026-03-11,465.0477294921875,466.0,14643583.0,3037,3037.TW
2026-03-12,479.0191345214844,480.0,14702393.0,3037,3037.TW
2026-03-13,506.9619140625,508.0,20175530.0,3037,3037.TW
2026-03-16,547.8781127929688,549.0,16872740.0,3037,3037.TW
2026-03-17,541.890380859375,543.0,60474213.0,3037,3037.TW
2026-03-18,578.8147583007812,580.0,49391183.0,3037,3037.TW
2026-03-19,579.812744140625,581.0,9236900.0,3037,3037.TW
2026-03-20,552.867919921875,554.0,8616318.0,3037,3037.TW
2026-03-23,497.98028564453125,499.0,8196910.0,3037,3037.TW
2026-03-24,459.05999755859375,460.0,9720628.0,3037,3037.TW
2026-03-25,504.96600341796875,506.0,5006058.0,3037,3037.TW
2026-03-26,500.97418212890625,502.0,7764979.0,3037,3037.TW
2026-03-27,503.9680480957031,505.0,5507848.0,3037,3037.TW
2026-03-30,492.4915466308594,493.5,4841331.0,3037,3037.TW
2026-03-31,443.5916748046875,444.5,9163775.0,3037,3037.TW
2026-04-01,487.50177001953125,488.5,7106429.0,3037,3037.TW
2026-04-02,517.939453125,519.0,47779722.0,3037,3037.TW
2026-04-07,562.8474731445312,564.0,35331669.0,3037,3037.TW
2026-04-08,618.7330322265625,620.0,38768758.0,3037,3037.TW
2026-04-09,623.7228393554688,625.0,42166568.0,3037,3037.TW
2026-04-10,636.6962280273438,638.0,30324454.0,3037,3037.TW
2026-04-13,624.7207641601562,626.0,57444695.0,3037,3037.TW
2026-04-14,595.780029296875,597.0,10435722.0,3037,3037.TW
2026-04-15,616.7371215820312,618.0,7844810.0,3037,3037.TW
2026-04-16,643.6819458007812,645.0,6733013.0,3037,3037.TW
2026-04-17,641.68603515625,643.0,4415240.0,3037,3037.TW
2026-04-20,676.614501953125,678.0,8980704.0,3037,3037.TW
2026-04-21,708.5491333007812,710.0,7964970.0,3037,3037.TW
2026-04-22,714.536865234375,716.0,4451814.0,3037,3037.TW
2026-04-23,726.5123291015625,728.0,7636670.0,3037,3037.TW
2026-04-24,788.3856201171875,790.0,9512782.0,3037,3037.TW
2026-04-27,837.2855224609375,839.0,7908161.0,3037,3037.TW
2026-04-28,823.3141479492188,825.0,38017164.0,3037,3037.TW
2026-04-29,801.3590698242188,803.0,31229061.0,3037,3037.TW
2026-04-30,881.1956176757812,883.0,33290155.0,3037,3037.TW
2026-05-04,909.1383666992188,911.0,42009149.0,3037,3037.TW
2026-05-05,901.1547241210938,903.0,25232084.0,3037,3037.TW
2026-05-06,856.2467041015625,858.0,40640067.0,3037,3037.TW
2026-05-07,894.1690673828125,896.0,25433902.0,3037,3037.TW
2026-05-08,816.3284301757812,818.0,31729292.0,3037,3037.TW
2026-05-11,859.2405395507812,861.0,26975631.0,3037,3037.TW
2026-05-12,873.2119750976562,875.0,28764891.0,3037,3037.TW
2026-05-13,890.1771850585938,892.0,25789633.0,3037,3037.TW
2026-05-14,879.19970703125,881.0,28575023.0,3037,3037.TW
2026-05-15,819.3223266601562,821.0,28486986.0,3037,3037.TW
2026-05-18,814.33251953125,816.0,20139190.0,3037,3037.TW
2026-05-19,816.3284301757812,818.0,22774572.0,3037,3037.TW
2026-05-20,821.3182373046875,823.0,20618087.0,3037,3037.TW
2026-05-21,903.150634765625,905.0,29979413.0,3037,3037.TW
2026-05-22,968.017822265625,970.0,37591265.0,3037,3037.TW
2026-05-25,987.9769287109375,990.0,22262249.0,3037,3037.TW
2026-05-26,1082.7828369140625,1085.0,29385677.0,3037,3037.TW
2026-05-27,1077.7930908203125,1080.0,26192140.0,3037,3037.TW
2026-05-28,1022.9054565429688,1025.0,23717822.0,3037,3037.TW
2026-05-29,1052.8441162109375,1055.0,20365943.0,3037,3037.TW
2026-06-01,1047.8543701171875,1050.0,18015769.0,3037,3037.TW
2026-06-02,973.0076293945312,975.0,25738274.0,3037,3037.TW
2026-06-03,997.95654296875,1000.0,18641649.0,3037,3037.TW
2026-06-04,969.0157470703125,971.0,12562046.0,3037,3037.TW
2026-06-05,931.0934448242188,933.0,24084822.0,3037,3037.TW
2026-06-08,909.1383666992188,911.0,24084885.0,3037,3037.TW
2026-06-09,967.0198364257812,969.0,22572697.0,3037,3037.TW
2026-06-10,882.1935424804688,884.0,24499604.0,3037,3037.TW
2026-06-11,852.2548828125,854.0,25382381.0,3037,3037.TW
2026-06-12,900.1567993164062,902.0,15171400.0,3037,3037.TW
2026-06-15,958.0382690429688,960.0,15473575.0,3037,3037.TW
2026-06-16,978.995361328125,981.0,18993088.0,3037,3037.TW
2026-06-17,985.9810180664062,988.0,17456918.0,3037,3037.TW
2026-06-18,966.0219116210938,968.0,20033869.0,3037,3037.TW
2026-06-22,1002.9462890625,1005.0,26146131.0,3037,3037.TW
2026-06-23,972.0096435546875,974.0,25057448.0,3037,3037.TW
2026-06-24,929.0975341796875,931.0,25116351.0,3037,3037.TW
2026-06-25,1017.9156494140625,1020.0,31912079.0,3037,3037.TW
2026-06-26,973.0076293945312,975.0,75665887.0,3037,3037.TW
2026-06-29,974.0055541992188,976.0,27526227.0,3037,3037.TW
2026-06-30,1067.8134765625,1070.0,31629375.0,3037,3037.TW
2026-07-01,1037.874755859375,1040.0,31051329.0,3037,3037.TW
2026-07-02,976.9994506835938,979.0,25870078.0,3037,3037.TW
2026-07-03,967.0198364257812,969.0,17574418.0,3037,3037.TW
2026-07-06,917.0,917.0,21829902.0,3037,3037.TW
2026-07-07,840.0,840.0,40643886.0,3037,3037.TW
2026-07-08,863.0,863.0,31614269.0,3037,3037.TW
2026-07-09,875.0,875.0,32490723.0,3037,3037.TW
2026-07-10,875.0,875.0,0.0,3037,3037.TW
2026-07-13,903.0,903.0,32563121.0,3037,3037.TW
2026-07-14,874.0,874.0,26823200.0,3037,3037.TW
2026-07-15,936.0,936.0,36228318.0,3037,3037.TW
2026-07-16,882.0,882.0,26226008.0,3037,3037.TW
2026-07-17,794.0,794.0,27074146.0,3037,3037.TW
2026-07-20,750.0,750.0,28925156.0,3037,3037.TW
2026-07-21,825.0,825.0,17427389.0,3037,3037.TW
2026-07-22,907.0,907.0,21515338.0,3037,3037.TW
2026-07-23,896.0,896.0,26400220.0,3037,3037.TW
2026-07-24,839.0,839.0,19038147.0,3037,3037.TW
2026-07-27,848.0,848.0,15263968.0,3037,3037.TW
2026-07-28,764.0,764.0,16512514.0,3037,3037.TW
2026-07-29,688.0,688.0,29543216.0,3037,3037.TW
2026-07-30,716.0,716.0,50036094.0,3037,3037.TW
2026-07-31,787.0,787.0,3139079.0,3037,3037.TW
2025-05-27,135.114501953125,141.5,7595227.0,3711,3711.TW
2025-05-28,135.59193420410156,142.0,8924512.0,3711,3711.TW
2025-05-29,131.77244567871094,138.0,29235703.0,3711,3711.TW
2025-06-02,128.43038940429688,134.5,15629483.0,3711,3711.TW
2025-06-03,127.47550201416016,133.5,21330056.0,3711,3711.TW
2025-06-04,133.68218994140625,140.0,17054298.0,3711,3711.TW
2025-06-05,133.2047576904297,139.5,11775484.0,3711,3711.TW
2025-06-06,132.72731018066406,139.0,6997588.0,3711,3711.TW
2025-06-09,133.68218994140625,140.0,8004102.0,3711,3711.TW
2025-06-10,136.06936645507812,142.5,13982300.0,3711,3711.TW
2025-06-11,138.93399047851562,145.5,16104979.0,3711,3711.TW
2025-06-12,138.45654296875,145.0,13036445.0,3711,3711.TW
2025-06-13,137.0242462158203,143.5,13717548.0,3711,3711.TW
2025-06-16,138.45654296875,145.0,9967870.0,3711,3711.TW
2025-06-17,141.3211669921875,148.0,12469401.0,3711,3711.TW
2025-06-18,141.3211669921875,148.0,10900858.0,3711,3711.TW
2025-06-19,139.4114227294922,146.0,8528558.0,3711,3711.TW
2025-06-20,137.97911071777344,144.5,11103075.0,3711,3711.TW
2025-06-23,140.36630249023438,147.0,13138081.0,3711,3711.TW
2025-06-24,142.75347900390625,149.5,13604439.0,3711,3711.TW
2025-06-25,146.0955352783203,153.0,12307157.0,3711,3711.TW
2025-06-26,145.6180877685547,152.5,16326024.0,3711,3711.TW
2025-06-27,143.2309112548828,150.0,20559915.0,3711,3711.TW
2025-06-30,140.84373474121094,147.5,19218356.0,3711,3711.TW
2025-07-01,138.93399047851562,145.5,21938561.0,3711,3711.TW
2025-07-02,140.21835327148438,141.5,53257125.0,3711,3711.TW
2025-07-03,142.69570922851562,144.0,35588727.0,3711,3711.TW
2025-07-04,145.66854858398438,147.0,25413248.0,3711,3711.TW
2025-07-07,142.69570922851562,144.0,15095979.0,3711,3711.TW
2025-07-08,141.70477294921875,143.0,8182217.0,3711,3711.TW
2025-07-09,145.17308044433594,146.5,12403324.0,3711,3711.TW
2025-07-10,148.64137268066406,150.0,16282968.0,3711,3711.TW
2025-07-11,148.64137268066406,150.0,11751914.0,3711,3711.TW
2025-07-14,147.1549530029297,148.5,7647831.0,3711,3711.TW
2025-07-15,149.1368408203125,150.5,9082459.0,3711,3711.TW
2025-07-16,149.63230895996094,151.0,12065474.0,3711,3711.TW
2025-07-17,150.12779235839844,151.5,9128480.0,3711,3711.TW
2025-07-18,152.6051483154297,154.0,14593048.0,3711,3711.TW
2025-07-21,151.1187286376953,152.5,10667070.0,3711,3711.TW
2025-07-22,149.63230895996094,151.0,11967753.0,3711,3711.TW
2025-07-23,152.1096649169922,153.5,12115409.0,3711,3711.TW
2025-07-24,154.091552734375,155.5,11154896.0,3711,3711.TW
2025-07-25,152.1096649169922,153.5,8186736.0,3711,3711.TW
2025-07-28,153.10061645507812,154.5,10521065.0,3711,3711.TW
2025-07-29,152.1096649169922,153.5,5066255.0,3711,3711.TW
2025-07-30,150.62326049804688,152.0,11369185.0,3711,3711.TW
2025-07-31,151.1187286376953,152.5,12360243.0,3711,3711.TW
2025-08-04,146.1640167236328,147.5,18214416.0,3711,3711.TW
2025-08-05,145.17308044433594,146.5,16009304.0,3711,3711.TW
2025-08-06,143.68666076660156,145.0,9637726.0,3711,3711.TW
2025-08-07,146.65948486328125,148.0,12912138.0,3711,3711.TW
2025-08-08,147.6504364013672,149.0,13814308.0,3711,3711.TW
2025-08-11,149.63230895996094,151.0,20357787.0,3711,3711.TW
2025-08-12,146.65948486328125,148.0,13333692.0,3711,3711.TW
2025-08-13,147.1549530029297,148.5,14450464.0,3711,3711.TW
2025-08-14,146.65948486328125,148.0,8382288.0,3711,3711.TW
2025-08-15,146.65948486328125,148.0,6113550.0,3711,3711.TW
2025-08-18,149.1368408203125,150.5,12005230.0,3711,3711.TW
2025-08-19,147.1549530029297,148.5,11328678.0,3711,3711.TW
2025-08-20,143.68666076660156,145.0,13056783.0,3711,3711.TW
2025-08-21,142.69570922851562,144.0,9841867.0,3711,3711.TW
2025-08-22,142.2002410888672,143.5,6568319.0,3711,3711.TW
2025-08-25,147.1549530029297,148.5,8961381.0,3711,3711.TW
2025-08-26,147.6504364013672,149.0,12768133.0,3711,3711.TW
2025-08-27,149.1368408203125,150.5,7870941.0,3711,3711.TW
2025-08-28,146.1640167236328,147.5,10306725.0,3711,3711.TW
2025-08-29,149.63230895996094,151.0,17429107.0,3711,3711.TW
2025-09-01,154.58702087402344,156.0,21629729.0,3711,3711.TW
2025-09-02,155.57797241210938,157.0,28130427.0,3711,3711.TW
2025-09-03,155.57797241210938,157.0,8727603.0,3711,3711.TW
2025-09-04,152.6051483154297,154.0,9807180.0,3711,3711.TW
2025-09-05,154.58702087402344,156.0,6164216.0,3711,3711.TW
2025-09-08,169.94664001464844,171.5,44847886.0,3711,3711.TW
2025-09-09,165.48739624023438,167.0,53127916.0,3711,3711.TW
2025-09-10,167.4692840576172,169.0,26524922.0,3711,3711.TW
2025-09-11,164.99192810058594,166.5,16206693.0,3711,3711.TW
2025-09-12,165.48739624023438,167.0,10835239.0,3711,3711.TW
2025-09-15,164.99192810058594,166.5,8513549.0,3711,3711.TW
2025-09-16,167.96475219726562,169.5,13795437.0,3711,3711.TW
2025-09-17,167.4692840576172,169.0,8772227.0,3711,3711.TW
2025-09-18,168.46022033691406,170.0,19220166.0,3711,3711.TW
2025-09-19,168.46022033691406,170.0,17569255.0,3711,3711.TW
2025-09-22,170.9375762939453,172.5,19664683.0,3711,3711.TW
2025-09-23,172.91946411132812,174.5,26390207.0,3711,3711.TW
2025-09-24,170.44210815429688,172.0,17026096.0,3711,3711.TW
2025-09-25,170.44210815429688,172.0,14585666.0,3711,3711.TW
2025-09-26,164.0009765625,165.5,15320820.0,3711,3711.TW
2025-09-30,162.5145721435547,164.0,24699831.0,3711,3711.TW
2025-10-01,161.52362060546875,163.0,14064869.0,3711,3711.TW
2025-10-02,163.01004028320312,164.5,15281684.0,3711,3711.TW
2025-10-03,164.0009765625,165.5,19851462.0,3711,3711.TW
2025-10-07,171.9285125732422,173.5,35702965.0,3711,3711.TW
2025-10-08,172.91946411132812,174.5,21809884.0,3711,3711.TW
2025-10-09,177.3787078857422,179.0,25717989.0,3711,3711.TW
2025-10-13,171.43304443359375,173.0,22382400.0,3711,3711.TW
2025-10-14,167.96475219726562,169.5,24886793.0,3711,3711.TW
2025-10-15,176.38775634765625,178.0,20892418.0,3711,3711.TW
2025-10-16,189.76548767089844,191.5,52249067.0,3711,3711.TW
2025-10-17,194.2247314453125,196.0,42800794.0,3711,3711.TW
2025-10-20,198.18849182128906,200.0,24346390.0,3711,3711.TW
2025-10-21,193.23377990722656,195.0,24511033.0,3711,3711.TW
2025-10-22,191.25189208984375,193.0,18298110.0,3711,3711.TW
2025-10-23,194.2247314453125,196.0,18805422.0,3711,3711.TW
2025-10-27,200.6658477783203,202.5,30721529.0,3711,3711.TW
2025-10-28,201.16131591796875,203.0,20552049.0,3711,3711.TW
2025-10-29,218.998291015625,221.0,42778749.0,3711,3711.TW
2025-10-30,222.96205139160156,225.0,46098588.0,3711,3711.TW
2025-10-31,245.25827026367188,247.5,53508720.0,3711,3711.TW
2025-11-03,243.7718505859375,246.0,40547486.0,3711,3711.TW
2025-11-04,236.8352508544922,239.0,38287998.0,3711,3711.TW
2025-11-05,232.87147521972656,235.0,32926607.0,3711,3711.TW
2025-11-06,231.8805389404297,234.0,24595004.0,3711,3711.TW
2025-11-07,226.43035888671875,228.5,19979925.0,3711,3711.TW
2025-11-10,226.43035888671875,228.5,22469794.0,3711,3711.TW
2025-11-11,225.9348907470703,228.0,18464204.0,3711,3711.TW
2025-11-12,224.94393920898438,227.0,15728439.0,3711,3711.TW
2025-11-13,229.40318298339844,231.5,20791510.0,3711,3711.TW
2025-11-14,220.4846954345703,222.5,20160063.0,3711,3711.TW
2025-11-17,218.00733947753906,220.0,24790268.0,3711,3711.TW
2025-11-18,213.05262756347656,215.0,26925661.0,3711,3711.TW
2025-11-19,207.60244750976562,209.5,42074275.0,3711,3711.TW
2025-11-20,220.4846954345703,222.5,38649600.0,3711,3711.TW
2025-11-21,207.1069793701172,209.0,33450926.0,3711,3711.TW
2025-11-24,208.59339904785156,210.5,33538047.0,3711,3711.TW
2025-11-25,210.07980346679688,212.0,23773365.0,3711,3711.TW
2025-11-26,215.5299835205078,217.5,20194798.0,3711,3711.TW
2025-11-27,228.41224670410156,230.5,37417767.0,3711,3711.TW
2025-11-28,227.42129516601562,229.5,24070528.0,3711,3711.TW
2025-12-01,222.46658325195312,224.5,27949569.0,3711,3711.TW
2025-12-02,226.43035888671875,228.5,23476192.0,3711,3711.TW
2025-12-03,226.9258270263672,229.0,16158218.0,3711,3711.TW
2025-12-04,225.9348907470703,228.0,17735283.0,3711,3711.TW
2025-12-05,228.90771484375,231.0,13546836.0,3711,3711.TW
2025-12-08,235.3488311767578,237.5,23395926.0,3711,3711.TW
2025-12-09,237.82620239257812,240.0,25609918.0,3711,3711.TW
2025-12-10,242.28543090820312,244.5,19273928.0,3711,3711.TW
2025-12-11,242.28543090820312,244.5,17365542.0,3711,3711.TW
2025-12-12,241.29449462890625,243.5,13493070.0,3711,3711.TW
2025-12-15,231.8805389404297,234.0,17862871.0,3711,3711.TW
2025-12-16,226.9258270263672,229.0,22883392.0,3711,3711.TW
2025-12-17,226.43035888671875,228.5,14104640.0,3711,3711.TW
2025-12-18,219.98922729492188,222.0,16148902.0,3711,3711.TW
2025-12-19,227.42129516601562,229.5,22938314.0,3711,3711.TW
2025-12-22,229.89865112304688,232.0,16784299.0,3711,3711.TW
2025-12-23,232.37600708007812,234.5,16302106.0,3711,3711.TW
2025-12-24,232.37600708007812,234.5,19116079.0,3711,3711.TW
2025-12-26,238.32167053222656,240.5,16923277.0,3711,3711.TW
2025-12-29,248.7265625,251.0,25117141.0,3711,3711.TW
2025-12-30,246.7446746826172,249.0,14905827.0,3711,3711.TW
2025-12-31,248.23109436035156,250.5,18455471.0,3711,3711.TW
2026-01-02,255.6631622314453,258.0,23887655.0,3711,3711.TW
2026-01-05,261.11334228515625,263.5,22044292.0,3711,3711.TW
2026-01-06,269.0408935546875,271.5,28756712.0,3711,3711.TW
2026-01-07,272.5091857910156,275.0,25895668.0,3711,3711.TW
2026-01-08,271.02276611328125,273.5,19472093.0,3711,3711.TW
2026-01-09,269.5363464355469,272.0,17690821.0,3711,3711.TW
2026-01-12,280.43670654296875,283.0,24352743.0,3711,3711.TW
2026-01-13,286.8778381347656,289.5,27217906.0,3711,3711.TW
2026-01-14,291.8325500488281,294.5,18228104.0,3711,3711.TW
2026-01-15,295.79632568359375,298.5,15724829.0,3711,3711.TW
2026-01-16,300.75103759765625,303.5,28768101.0,3711,3711.TW
2026-01-19,296.29180908203125,299.0,18109974.0,3711,3711.TW
2026-01-20,293.3189697265625,296.0,15164596.0,3711,3711.TW
2026-01-21,288.3642578125,291.0,20173348.0,3711,3711.TW
2026-01-22,295.3008728027344,298.0,20067266.0,3711,3711.TW
2026-01-23,304.7148132324219,307.5,24779763.0,3711,3711.TW
2026-01-26,309.1740417480469,312.0,15500436.0,3711,3711.TW
2026-01-27,303.723876953125,306.5,11664296.0,3711,3711.TW
2026-01-28,311.15594482421875,314.0,18628407.0,3711,3711.TW
2026-01-29,307.1921691894531,310.0,19819724.0,3711,3711.TW
2026-01-30,294.3099060058594,297.0,25417520.0,3711,3711.TW
2026-02-02,289.3551940917969,292.0,13567059.0,3711,3711.TW
2026-02-03,299.2646179199219,302.0,20111615.0,3711,3711.TW
2026-02-04,299.7601013183594,302.5,12634205.0,3711,3711.TW
2026-02-05,281.42767333984375,284.0,38532480.0,3711,3711.TW
2026-02-06,301.7419738769531,304.5,49870609.0,3711,3711.TW
2026-02-09,324.0381774902344,327.0,35002183.0,3711,3711.TW
2026-02-10,340.88421630859375,344.0,31763158.0,3711,3711.TW
2026-02-11,351.28912353515625,354.5,20827548.0,3711,3711.TW
2026-02-23,345.83892822265625,349.0,38745039.0,3711,3711.TW
2026-02-24,378.0445556640625,381.5,33894708.0,3711,3711.TW
2026-02-25,385.47662353515625,389.0,28856982.0,3711,3711.TW
2026-02-26,383.9902038574219,387.5,37767003.0,3711,3711.TW
2026-03-02,367.1441955566406,370.5,25016993.0,3711,3711.TW
2026-03-03,356.24383544921875,359.5,29787798.0,3711,3711.TW
2026-03-04,324.5336608886719,327.5,33919184.0,3711,3711.TW
2026-03-05,350.29815673828125,353.5,33485853.0,3711,3711.TW
2026-03-06,338.9023132324219,342.0,12622014.0,3711,3711.TW
2026-03-09,317.1015930175781,320.0,28686634.0,3711,3711.TW
2026-03-10,332.4612121582031,335.5,24659835.0,3711,3711.TW
2026-03-11,342.3706359863281,345.5,16364057.0,3711,3711.TW
2026-03-12,331.9657287597656,335.0,16532158.0,3711,3711.TW
2026-03-13,338.4068603515625,341.5,13237922.0,3711,3711.TW
2026-03-16,334.4430847167969,337.5,12051160.0,3711,3711.TW
2026-03-17,338.9023132324219,342.0,10234795.0,3711,3711.TW
2026-03-18,354.2619323730469,357.5,26458902.0,3711,3711.TW
2026-03-19,343.8570251464844,347.0,17655461.0,3711,3711.TW
2026-03-20,340.88421630859375,344.0,21952432.0,3711,3711.TW
2026-03-23,326.5155334472656,329.5,15053839.0,3711,3711.TW
2026-03-24,329.4883728027344,332.5,9985045.0,3711,3711.TW
2026-03-25,348.811767578125,352.0,16491466.0,3711,3711.TW
2026-03-26,355.74835205078125,359.0,19447365.0,3711,3711.TW
2026-03-27,350.29815673828125,353.5,16784878.0,3711,3711.TW
2026-03-30,350.29815673828125,353.5,15165392.0,3711,3711.TW
2026-03-31,325.52459716796875,328.5,22922496.0,3711,3711.TW
2026-04-01,357.730224609375,361.0,18034724.0,3711,3711.TW
2026-04-02,357.730224609375,361.0,24099753.0,3711,3711.TW
2026-04-07,348.811767578125,352.0,13602152.0,3711,3711.TW
2026-04-08,379.5309753417969,383.0,24931081.0,3711,3711.TW
2026-04-09,388.449462890625,392.0,20330283.0,3711,3711.TW
2026-04-10,389.4403991699219,393.0,15087158.0,3711,3711.TW
2026-04-13,413.7184753417969,417.5,25289906.0,3711,3711.TW
2026-04-14,420.15960693359375,424.0,18668212.0,3711,3711.TW
2026-04-15,442.455810546875,446.5,29996557.0,3711,3711.TW
2026-04-16,446.4195861816406,450.5,23061150.0,3711,3711.TW
2026-04-17,437.99658203125,442.0,23839650.0,3711,3711.TW
2026-04-20,457.3199462890625,461.5,21265170.0,3711,3711.TW
2026-04-21,467.724853515625,472.0,17256547.0,3711,3711.TW
2026-04-22,460.7882385253906,465.0,15643974.0,3711,3711.TW
2026-04-23,460.29278564453125,464.5,25246518.0,3711,3711.TW
2026-04-24,491.5074768066406,496.0,26583067.0,3711,3711.TW
2026-04-27,491.0119934082031,495.5,29200780.0,3711,3711.TW
2026-04-28,491.0119934082031,495.5,21147769.0,3711,3711.TW
2026-04-29,484.0754089355469,488.5,21088224.0,3711,3711.TW
2026-04-30,473.6705017089844,478.0,35678381.0,3711,3711.TW
2026-05-04,520.2448120117188,525.0,26384377.0,3711,3711.TW
2026-05-05,515.2901000976562,520.0,36440062.0,3711,3711.TW
2026-05-06,519.2538452148438,524.0,30251038.0,3711,3711.TW
2026-05-07,535.1089477539062,540.0,24011832.0,3711,3711.TW
2026-05-08,511.3263244628906,516.0,22065126.0,3711,3711.TW
2026-05-11,532.1361083984375,537.0,20929873.0,3711,3711.TW
2026-05-12,549.9730834960938,555.0,30004153.0,3711,3711.TW
2026-05-13,543.0364990234375,548.0,20739465.0,3711,3711.TW
2026-05-14,543.0364990234375,548.0,13869448.0,3711,3711.TW
2026-05-15,542.0455322265625,547.0,18235215.0,3711,3711.TW
2026-05-18,505.38067626953125,510.0,24692257.0,3711,3711.TW
2026-05-19,467.724853515625,472.0,34699090.0,3711,3711.TW
2026-05-20,471.6886291503906,476.0,25163348.0,3711,3711.TW
2026-05-21,505.38067626953125,510.0,17919143.0,3711,3711.TW
2026-05-22,555.918701171875,561.0,29731074.0,3711,3711.TW
2026-05-25,611.4114990234375,617.0,25678273.0,3711,3711.TW
2026-05-26,605.4658813476562,611.0,37776122.0,3711,3711.TW
2026-05-27,636.18505859375,642.0,28399018.0,3711,3711.TW
2026-05-28,621.3209228515625,627.0,33518574.0,3711,3711.TW
2026-05-29,605.4658813476562,611.0,41562162.0,3711,3711.TW
2026-06-01,595.5564575195312,601.0,22430270.0,3711,3711.TW
2026-06-02,584.6560668945312,590.0,25336213.0,3711,3711.TW
2026-06-03,612.4024658203125,618.0,27435924.0,3711,3711.TW
2026-06-04,587.62890625,593.0,19829063.0,3711,3711.TW
2026-06-05,571.7738037109375,577.0,19878574.0,3711,3711.TW
2026-06-08,535.1089477539062,540.0,24681994.0,3711,3711.TW
2026-06-09,563.8462524414062,569.0,17605018.0,3711,3711.TW
2026-06-10,534.1179809570312,539.0,18539510.0,3711,3711.TW
2026-06-11,539.0726928710938,544.0,17704755.0,3711,3711.TW
2026-06-12,584.6560668945312,590.0,22530387.0,3711,3711.TW
2026-06-15,584.6560668945312,590.0,21686237.0,3711,3711.TW
2026-06-16,586.637939453125,592.0,15031670.0,3711,3711.TW
2026-06-17,589.6107788085938,595.0,12724420.0,3711,3711.TW
2026-06-18,607.44775390625,613.0,34220952.0,3711,3711.TW
2026-06-22,667.8952026367188,674.0,34148594.0,3711,3711.TW
2026-06-23,656.00390625,662.0,42984044.0,3711,3711.TW
2026-06-24,647.08544921875,653.0,34625995.0,3711,3711.TW
2026-06-25,635.1941528320312,641.0,30507412.0,3711,3711.TW
2026-06-26,626.275634765625,632.0,43302683.0,3711,3711.TW
2026-06-29,621.3209228515625,627.0,17306319.0,3711,3711.TW
2026-06-30,673.8408813476562,680.0,23388975.0,3711,3711.TW
2026-07-01,696.632568359375,703.0,20757598.0,3711,3711.TW
2026-07-02,720.4151611328125,727.0,23745963.0,3711,3711.TW
2026-07-03,682.0,682.0,36071197.0,3711,3711.TW
2026-07-06,679.0,679.0,22297685.0,3711,3711.TW
2026-07-07,651.0,651.0,23342545.0,3711,3711.TW
2026-07-08,625.0,625.0,25320402.0,3711,3711.TW
2026-07-09,677.0,677.0,30934462.0,3711,3711.TW
2026-07-10,677.0,677.0,0.0,3711,3711.TW
2026-07-13,670.0,670.0,27107820.0,3711,3711.TW
2026-07-14,641.0,641.0,22379867.0,3711,3711.TW
2026-07-15,683.0,683.0,25300314.0,3711,3711.TW
2026-07-16,682.0,682.0,21253949.0,3711,3711.TW
2026-07-17,614.0,614.0,25035279.0,3711,3711.TW
2026-07-20,597.0,597.0,29606367.0,3711,3711.TW
2026-07-21,633.0,633.0,15043596.0,3711,3711.TW
2026-07-22,656.0,656.0,21922297.0,3711,3711.TW
2026-07-23,649.0,649.0,14431963.0,3711,3711.TW
2026-07-24,613.0,613.0,16702992.0,3711,3711.TW
2026-07-27,608.0,608.0,15561984.0,3711,3711.TW
2026-07-28,554.0,554.0,27063044.0,3711,3711.TW
2026-07-29,499.0,499.0,21934351.0,3711,3711.TW
2026-07-30,505.0,505.0,30030475.0,3711,3711.TW
2026-07-31,555.0,555.0,7498429.0,3711,3711.TW
2025-05-27,948.2824096679688,965.0,26355315.0,2330,2330.TW
2025-05-28,950.2477416992188,967.0,26471533.0,2330,2330.TW
2025-05-29,950.2477416992188,967.0,48602590.0,2330,2330.TW
2025-06-02,929.611572265625,946.0,33676511.0,2330,2330.TW
2025-06-03,933.542236328125,950.0,26020787.0,2330,2330.TW
2025-06-04,972.849365234375,990.0,37233567.0,2330,2330.TW
2025-06-05,980.710693359375,998.0,24414444.0,2330,2330.TW
2025-06-06,977.7626953125,995.0,13670307.0,2330,2330.TW
2025-06-09,987.5894165039062,1005.0,21674308.0,2330,2330.TW
2025-06-10,1026.8963623046875,1045.0,44877640.0,2330,2330.TW
2025-06-11,1046.5498046875,1065.0,37178498.0,2330,2330.TW
2025-06-12,1031.25390625,1045.0,25221606.0,2330,2330.TW
2025-06-13,1016.4512329101562,1030.0,28393455.0,2330,2330.TW
2025-06-16,1011.5170288085938,1025.0,28580673.0,2330,2330.TW
2025-06-17,1031.25390625,1045.0,26517379.0,2330,2330.TW
2025-06-18,1041.122314453125,1055.0,37931721.0,2330,2330.TW
2025-06-19,1021.385498046875,1035.0,24002557.0,2330,2330.TW
2025-06-20,1041.122314453125,1055.0,57831332.0,2330,2330.TW
2025-06-23,1006.582763671875,1020.0,32143872.0,2330,2330.TW
2025-06-24,1036.18798828125,1050.0,28163537.0,2330,2330.TW
2025-06-25,1055.925048828125,1070.0,38783736.0,2330,2330.TW
2025-06-26,1060.8592529296875,1075.0,36056692.0,2330,2330.TW
2025-06-27,1065.7935791015625,1080.0,32549027.0,2330,2330.TW
2025-06-30,1046.056640625,1060.0,32413717.0,2330,2330.TW
2025-07-01,1070.727783203125,1085.0,44299887.0,2330,2330.TW
2025-07-02,1070.727783203125,1085.0,23822731.0,2330,2330.TW
2025-07-03,1075.661865234375,1090.0,36973556.0,2330,2330.TW
2025-07-04,1070.727783203125,1085.0,20363322.0,2330,2330.TW
2025-07-07,1065.7935791015625,1080.0,18829372.0,2330,2330.TW
2025-07-08,1065.7935791015625,1080.0,27461252.0,2330,2330.TW
2025-07-09,1075.661865234375,1090.0,23618216.0,2330,2330.TW
2025-07-10,1085.5303955078125,1100.0,22350503.0,2330,2330.TW
2025-07-11,1085.5303955078125,1100.0,28249780.0,2330,2330.TW
2025-07-14,1080.5963134765625,1095.0,25760632.0,2330,2330.TW
2025-07-15,1095.39892578125,1110.0,45416390.0,2330,2330.TW
2025-07-16,1115.1357421875,1130.0,31013743.0,2330,2330.TW
2025-07-17,1115.1357421875,1130.0,30648595.0,2330,2330.TW
2025-07-18,1139.8070068359375,1155.0,46645034.0,2330,2330.TW
2025-07-21,1134.8726806640625,1150.0,26749324.0,2330,2330.TW
2025-07-22,1115.1357421875,1130.0,50457506.0,2330,2330.TW
2025-07-23,1129.9384765625,1145.0,29747757.0,2330,2330.TW
2025-07-24,1129.9384765625,1145.0,15055463.0,2330,2330.TW
2025-07-25,1129.9384765625,1145.0,22476546.0,2330,2330.TW
2025-07-28,1129.9384765625,1145.0,20606376.0,2330,2330.TW
2025-07-29,1120.070068359375,1135.0,31763255.0,2330,2330.TW
2025-07-30,1139.8070068359375,1155.0,34182363.0,2330,2330.TW
2025-07-31,1144.7412109375,1160.0,33230751.0,2330,2330.TW
2025-08-04,1120.070068359375,1135.0,23939021.0,2330,2330.TW
2025-08-05,1134.8726806640625,1150.0,17012960.0,2330,2330.TW
2025-08-06,1110.2015380859375,1125.0,22023406.0,2330,2330.TW
2025-08-07,1164.47802734375,1180.0,61370031.0,2330,2330.TW
2025-08-08,1159.5438232421875,1175.0,25958258.0,2330,2330.TW
2025-08-11,1164.47802734375,1180.0,35579367.0,2330,2330.TW
2025-08-12,1164.47802734375,1180.0,28917167.0,2330,2330.TW
2025-08-13,1184.2149658203125,1200.0,37809952.0,2330,2330.TW
2025-08-14,1159.5438232421875,1175.0,32991791.0,2330,2330.TW
2025-08-15,1164.47802734375,1180.0,22231552.0,2330,2330.TW
2025-08-18,1164.47802734375,1180.0,18219895.0,2330,2330.TW
2025-08-19,1169.4122314453125,1185.0,17867547.0,2330,2330.TW
2025-08-20,1120.070068359375,1135.0,66982023.0,2330,2330.TW
2025-08-21,1134.8726806640625,1150.0,23424804.0,2330,2330.TW
2025-08-22,1120.070068359375,1135.0,19205763.0,2330,2330.TW
2025-08-25,1154.6094970703125,1170.0,25103514.0,2330,2330.TW
2025-08-26,1159.5438232421875,1175.0,35508897.0,2330,2330.TW
2025-08-27,1174.3465576171875,1190.0,21952558.0,2330,2330.TW
2025-08-28,1144.7412109375,1160.0,19975237.0,2330,2330.TW
2025-08-29,1144.7412109375,1160.0,19522740.0,2330,2330.TW
2025-09-01,1149.6754150390625,1165.0,22018940.0,2330,2330.TW
2025-09-02,1144.7412109375,1160.0,14037411.0,2330,2330.TW
2025-09-03,1144.7412109375,1160.0,19511981.0,2330,2330.TW
2025-09-04,1144.7412109375,1160.0,24333323.0,2330,2330.TW
2025-09-05,1164.47802734375,1180.0,27133819.0,2330,2330.TW
2025-09-08,1164.47802734375,1180.0,27281959.0,2330,2330.TW
2025-09-09,1184.2149658203125,1200.0,31329096.0,2330,2330.TW
2025-09-10,1208.88623046875,1225.0,39665156.0,2330,2330.TW
2025-09-11,1223.6888427734375,1240.0,30345708.0,2330,2330.TW
2025-09-12,1243.4256591796875,1260.0,26492972.0,2330,2330.TW
2025-09-15,1238.4915771484375,1255.0,24589707.0,2330,2330.TW
2025-09-16,1268.2154541015625,1280.0,40130070.0,2330,2330.TW
2025-09-17,1253.353515625,1265.0,29283972.0,2330,2330.TW
2025-09-18,1273.1693115234375,1285.0,24191307.0,2330,2330.TW
2025-09-19,1253.353515625,1265.0,44913316.0,2330,2330.TW
2025-09-22,1283.0772705078125,1295.0,28859955.0,2330,2330.TW
2025-09-23,1327.6629638671875,1340.0,33953781.0,2330,2330.TW
2025-09-24,1327.6629638671875,1340.0,44737182.0,2330,2330.TW
2025-09-25,1307.8470458984375,1320.0,25861812.0,2330,2330.TW
2025-09-26,1288.0311279296875,1300.0,25793295.0,2330,2330.TW
2025-09-30,1292.9852294921875,1305.0,36642789.0,2330,2330.TW
2025-10-01,1312.801025390625,1325.0,33837323.0,2330,2330.TW
2025-10-02,1352.4327392578125,1365.0,29593487.0,2330,2330.TW
2025-10-03,1387.110595703125,1400.0,31032341.0,2330,2330.TW
2025-10-07,1421.7882080078125,1435.0,38395572.0,2330,2330.TW
2025-10-08,1401.9725341796875,1415.0,23064494.0,2330,2330.TW
2025-10-09,1426.7423095703125,1440.0,39052134.0,2330,2330.TW
2025-10-13,1401.9725341796875,1415.0,53850992.0,2330,2330.TW
2025-10-14,1411.88037109375,1425.0,39889256.0,2330,2330.TW
2025-10-15,1451.51220703125,1465.0,41056405.0,2330,2330.TW
2025-10-16,1471.3280029296875,1485.0,37737678.0,2330,2330.TW
2025-10-17,1436.6502685546875,1450.0,38077331.0,2330,2330.TW
2025-10-20,1466.3740234375,1480.0,33015553.0,2330,2330.TW
2025-10-21,1466.3740234375,1480.0,34601251.0,2330,2330.TW
2025-10-22,1446.55810546875,1460.0,27360948.0,2330,2330.TW
2025-10-23,1436.6502685546875,1450.0,23570046.0,2330,2330.TW
2025-10-27,1466.3740234375,1480.0,32851952.0,2330,2330.TW
2025-10-28,1461.4200439453125,1475.0,28381919.0,2330,2330.TW
2025-10-29,1491.143798828125,1505.0,30631103.0,2330,2330.TW
2025-10-30,1491.143798828125,1505.0,27867757.0,2330,2330.TW
2025-10-31,1486.1898193359375,1500.0,31928423.0,2330,2330.TW
2025-11-03,1496.0977783203125,1510.0,29118770.0,2330,2330.TW
2025-11-04,1491.143798828125,1505.0,33925673.0,2330,2330.TW
2025-11-05,1446.55810546875,1460.0,56305422.0,2330,2330.TW
2025-11-06,1451.51220703125,1465.0,27411394.0,2330,2330.TW
2025-11-07,1446.55810546875,1460.0,20329390.0,2330,2330.TW
2025-11-10,1461.4200439453125,1475.0,25281744.0,2330,2330.TW
2025-11-11,1451.51220703125,1465.0,22444166.0,2330,2330.TW
2025-11-12,1461.4200439453125,1475.0,23642502.0,2330,2330.TW
2025-11-13,1446.55810546875,1460.0,21255597.0,2330,2330.TW
2025-11-14,1416.834228515625,1430.0,26861702.0,2330,2330.TW
2025-11-17,1431.6961669921875,1445.0,26602730.0,2330,2330.TW
2025-11-18,1392.0645751953125,1405.0,42198432.0,2330,2330.TW
2025-11-19,1382.156494140625,1395.0,35591948.0,2330,2330.TW
2025-11-20,1441.6041259765625,1455.0,25964403.0,2330,2330.TW
2025-11-21,1372.2486572265625,1385.0,54518246.0,2330,2330.TW
2025-11-24,1362.3406982421875,1375.0,79134658.0,2330,2330.TW
2025-11-25,1401.9725341796875,1415.0,27427405.0,2330,2330.TW
2025-11-26,1426.7423095703125,1440.0,29213211.0,2330,2330.TW
2025-11-27,1421.7882080078125,1435.0,22039774.0,2330,2330.TW
2025-11-28,1426.7423095703125,1440.0,23152513.0,2330,2330.TW
2025-12-01,1397.0185546875,1410.0,30559208.0,2330,2330.TW
2025-12-02,1416.834228515625,1430.0,23544477.0,2330,2330.TW
2025-12-03,1436.6502685546875,1450.0,20301540.0,2330,2330.TW
2025-12-04,1431.6961669921875,1445.0,20696944.0,2330,2330.TW
2025-12-05,1446.55810546875,1460.0,21072604.0,2330,2330.TW
2025-12-08,1481.23583984375,1495.0,24257260.0,2330,2330.TW
2025-12-09,1466.3740234375,1480.0,24235825.0,2330,2330.TW
2025-12-10,1491.143798828125,1505.0,23319221.0,2330,2330.TW
2025-12-11,1461.3209228515625,1470.0,28924982.0,2330,2330.TW
2025-12-12,1471.261962890625,1480.0,22107664.0,2330,2330.TW
2025-12-15,1441.4390869140625,1450.0,25889058.0,2330,2330.TW
2025-12-16,1426.5274658203125,1435.0,32168064.0,2330,2330.TW
2025-12-17,1421.5570068359375,1430.0,30535812.0,2330,2330.TW
2025-12-18,1421.5570068359375,1430.0,30534136.0,2330,2330.TW
2025-12-19,1421.5570068359375,1430.0,38763280.0,2330,2330.TW
2025-12-22,1456.3504638671875,1465.0,22661665.0,2330,2330.TW
2025-12-23,1481.202880859375,1490.0,20739075.0,2330,2330.TW
2025-12-24,1486.17333984375,1495.0,12987261.0,2330,2330.TW
2025-12-26,1501.0848388671875,1510.0,18823612.0,2330,2330.TW
2025-12-29,1520.9666748046875,1530.0,21124648.0,2330,2330.TW
2025-12-30,1511.0257568359375,1520.0,20325400.0,2330,2330.TW
2025-12-31,1540.8486328125,1550.0,29695967.0,2330,2330.TW
2026-01-02,1575.6419677734375,1585.0,37512761.0,2330,2330.TW
2026-01-05,1660.14013671875,1670.0,66871820.0,2330,2330.TW
2026-01-06,1694.9334716796875,1705.0,46751692.0,2330,2330.TW
2026-01-07,1665.110595703125,1675.0,49857449.0,2330,2330.TW
2026-01-08,1675.051513671875,1685.0,29215618.0,2330,2330.TW
2026-01-09,1670.0810546875,1680.0,37387656.0,2330,2330.TW
2026-01-12,1680.02197265625,1690.0,29987449.0,2330,2330.TW
2026-01-13,1699.9039306640625,1710.0,30171800.0,2330,2330.TW
2026-01-14,1699.9039306640625,1710.0,29100816.0,2330,2330.TW
2026-01-15,1680.02197265625,1690.0,36391886.0,2330,2330.TW
2026-01-16,1729.726806640625,1740.0,53551629.0,2330,2330.TW
2026-01-19,1749.6087646484375,1760.0,29580038.0,2330,2330.TW
2026-01-20,1764.520263671875,1775.0,29401234.0,2330,2330.TW
2026-01-21,1729.726806640625,1740.0,45192749.0,2330,2330.TW
2026-01-22,1749.6087646484375,1760.0,32069478.0,2330,2330.TW
2026-01-23,1759.5498046875,1770.0,27601167.0,2330,2330.TW
2026-01-26,1744.63818359375,1755.0,22960198.0,2330,2330.TW
2026-01-27,1769.49072265625,1780.0,28985200.0,2330,2330.TW
2026-01-28,1809.2545166015625,1820.0,29301156.0,2330,2330.TW
2026-01-29,1794.3431396484375,1805.0,32224002.0,2330,2330.TW
2026-01-30,1764.520263671875,1775.0,40825139.0,2330,2330.TW
2026-02-02,1754.5792236328125,1765.0,28251381.0,2330,2330.TW
2026-02-03,1789.37255859375,1800.0,26744162.0,2330,2330.TW
2026-02-04,1774.461181640625,1785.0,26952301.0,2330,2330.TW
2026-02-05,1754.5792236328125,1765.0,26299986.0,2330,2330.TW
2026-02-06,1769.49072265625,1780.0,33263592.0,2330,2330.TW
2026-02-09,1804.2840576171875,1815.0,36529289.0,2330,2330.TW
2026-02-10,1868.9002685546875,1880.0,41859169.0,2330,2330.TW
2026-02-11,1903.693603515625,1915.0,40488310.0,2330,2330.TW
2026-02-23,1888.7821044921875,1900.0,69816209.0,2330,2330.TW
2026-02-24,1953.3983154296875,1965.0,40961679.0,2330,2330.TW
2026-02-25,2003.1031494140625,2015.0,40832607.0,2330,2330.TW
2026-02-26,1983.22119140625,1995.0,58561388.0,2330,2330.TW
2026-03-02,1963.33935546875,1975.0,48884884.0,2330,2330.TW
2026-03-03,1923.5755615234375,1935.0,43090471.0,2330,2330.TW
2026-03-04,1853.98876953125,1865.0,68160943.0,2330,2330.TW
2026-03-05,1888.7821044921875,1900.0,48120463.0,2330,2330.TW
2026-03-06,1878.8411865234375,1890.0,30082724.0,2330,2330.TW
2026-03-09,1799.3135986328125,1810.0,76459172.0,2330,2330.TW
2026-03-10,1839.077392578125,1850.0,41375691.0,2330,2330.TW
2026-03-11,1928.5460205078125,1940.0,36167313.0,2330,2330.TW
2026-03-12,1873.8707275390625,1885.0,34040589.0,2330,2330.TW
2026-03-13,1853.98876953125,1865.0,31214304.0,2330,2330.TW
2026-03-16,1834.10693359375,1845.0,31249086.0,2330,2330.TW
2026-03-17,1865.0244140625,1870.0,23812211.0,2330,2330.TW
2026-03-18,1899.9312744140625,1905.0,23068156.0,2330,2330.TW
2026-03-19,1845.07763671875,1850.0,31040569.0,2330,2330.TW
2026-03-20,1835.104248046875,1840.0,46312322.0,2330,2330.TW
2026-03-23,1805.18408203125,1810.0,34902948.0,2330,2330.TW
2026-03-24,1805.18408203125,1810.0,27001025.0,2330,2330.TW
2026-03-25,1840.0909423828125,1845.0,40964040.0,2330,2330.TW
2026-03-26,1835.104248046875,1840.0,20958470.0,2330,2330.TW
2026-03-27,1815.157470703125,1820.0,28974140.0,2330,2330.TW
2026-03-30,1775.263916015625,1780.0,39889700.0,2330,2330.TW
2026-03-31,1755.317138671875,1760.0,49221091.0,2330,2330.TW
2026-04-01,1850.0643310546875,1855.0,35537379.0,2330,2330.TW
2026-04-02,1805.18408203125,1810.0,25132417.0,2330,2330.TW
2026-04-07,1855.051025390625,1860.0,17953562.0,2330,2330.TW
2026-04-08,1944.8115234375,1950.0,46515921.0,2330,2330.TW
2026-04-09,1949.7982177734375,1955.0,31835073.0,2330,2330.TW
2026-04-10,1994.678466796875,2000.0,28637625.0,2330,2330.TW
2026-04-13,1984.705078125,1990.0,28968757.0,2330,2330.TW
2026-04-14,2049.5322265625,2055.0,39113405.0,2330,2330.TW
2026-04-15,2074.465576171875,2080.0,40343568.0,2330,2330.TW
2026-04-16,2079.452392578125,2085.0,32038524.0,2330,2330.TW
2026-04-17,2024.5986328125,2030.0,39260244.0,2330,2330.TW
2026-04-20,2019.6119384765625,2025.0,25407621.0,2330,2330.TW
2026-04-21,2044.54541015625,2050.0,25783476.0,2330,2330.TW
2026-04-22,2044.54541015625,2050.0,24762881.0,2330,2330.TW
2026-04-23,2074.465576171875,2080.0,48682193.0,2330,2330.TW
2026-04-24,2179.186279296875,2185.0,45088050.0,2330,2330.TW
2026-04-27,2258.973388671875,2265.0,68696037.0,2330,2330.TW
2026-04-28,2209.1064453125,2215.0,47175356.0,2330,2330.TW
2026-04-29,2174.199462890625,2180.0,42895935.0,2330,2330.TW
2026-04-30,2129.3193359375,2135.0,48975164.0,2330,2330.TW
2026-05-04,2268.94677734375,2275.0,38390062.0,2330,2330.TW
2026-05-05,2244.013427734375,2250.0,21625279.0,2330,2330.TW
2026-05-06,2244.013427734375,2250.0,31918664.0,2330,2330.TW
2026-05-07,2303.853759765625,2310.0,35034517.0,2330,2330.TW
2026-05-08,2283.906982421875,2290.0,27102571.0,2330,2330.TW
2026-05-11,2229.05322265625,2235.0,37244077.0,2330,2330.TW
2026-05-12,2249.0,2255.0,44459541.0,2330,2330.TW
2026-05-13,2214.093017578125,2220.0,35350292.0,2330,2330.TW
2026-05-14,2263.960205078125,2270.0,31747100.0,2330,2330.TW
2026-05-15,2258.973388671875,2265.0,29922154.0,2330,2330.TW
2026-05-18,2234.0400390625,2240.0,25875079.0,2330,2330.TW
2026-05-19,2199.133056640625,2205.0,34824449.0,2330,2330.TW
2026-05-20,2179.186279296875,2185.0,29320253.0,2330,2330.TW
2026-05-21,2224.06640625,2230.0,22964974.0,2330,2330.TW
2026-05-22,2249.0,2255.0,24437825.0,2330,2330.TW
2026-05-25,2303.853759765625,2310.0,25215869.0,2330,2330.TW
2026-05-26,2263.960205078125,2270.0,22586387.0,2330,2330.TW
2026-05-27,2293.88037109375,2300.0,31986652.0,2330,2330.TW
2026-05-28,2288.8935546875,2295.0,36889432.0,2330,2330.TW
2026-05-29,2348.73388671875,2355.0,86132863.0,2330,2330.TW
2026-06-01,2348.73388671875,2355.0,35023445.0,2330,2330.TW
2026-06-02,2373.66748046875,2380.0,29610654.0,2330,2330.TW
2026-06-03,2418.547607421875,2425.0,22536554.0,2330,2330.TW
2026-06-04,2378.654052734375,2385.0,25054494.0,2330,2330.TW
2026-06-05,2358.707275390625,2365.0,32795780.0,2330,2330.TW
2026-06-08,2288.8935546875,2295.0,44721632.0,2330,2330.TW
2026-06-09,2298.866943359375,2305.0,33252041.0,2330,2330.TW
2026-06-10,2249.0,2255.0,42608467.0,2330,2330.TW
2026-06-11,2250.0,2250.0,34790220.0,2330,2330.TW
2026-06-12,2310.0,2310.0,21560608.0,2330,2330.TW
2026-06-15,2375.0,2375.0,25573718.0,2330,2330.TW
2026-06-16,2400.0,2400.0,29594351.0,2330,2330.TW
2026-06-17,2385.0,2385.0,25510076.0,2330,2330.TW
2026-06-18,2410.0,2410.0,46429815.0,2330,2330.TW
2026-06-22,2510.0,2510.0,39272494.0,2330,2330.TW
2026-06-23,2490.0,2490.0,34264856.0,2330,2330.TW
2026-06-24,2390.0,2390.0,55667954.0,2330,2330.TW
2026-06-25,2390.0,2390.0,34424468.0,2330,2330.TW
2026-06-26,2340.0,2340.0,39547254.0,2330,2330.TW
2026-06-29,2370.0,2370.0,33267315.0,2330,2330.TW
2026-06-30,2410.0,2410.0,42933128.0,2330,2330.TW
2026-07-01,2505.0,2505.0,30489002.0,2330,2330.TW
2026-07-02,2465.0,2465.0,27485121.0,2330,2330.TW
2026-07-03,2445.0,2445.0,26489446.0,2330,2330.TW
2026-07-06,2460.0,2460.0,19281603.0,2330,2330.TW
2026-07-07,2440.0,2440.0,27867172.0,2330,2330.TW
2026-07-08,2465.0,2465.0,23373702.0,2330,2330.TW
2026-07-09,2415.0,2415.0,27134789.0,2330,2330.TW
2026-07-10,2415.0,2415.0,0.0,2330,2330.TW
2026-07-13,2440.0,2440.0,32938379.0,2330,2330.TW
2026-07-14,2420.0,2420.0,35607811.0,2330,2330.TW
2026-07-15,2440.0,2440.0,28532735.0,2330,2330.TW
2026-07-16,2470.0,2470.0,27848158.0,2330,2330.TW
2026-07-17,2290.0,2290.0,75253147.0,2330,2330.TW
2026-07-20,2320.0,2320.0,45272691.0,2330,2330.TW
2026-07-21,2410.0,2410.0,29931277.0,2330,2330.TW
2026-07-22,2400.0,2400.0,28887275.0,2330,2330.TW
2026-07-23,2405.0,2405.0,23190117.0,2330,2330.TW
2026-07-24,2350.0,2350.0,21646770.0,2330,2330.TW
2026-07-27,2350.0,2350.0,24040916.0,2330,2330.TW
2026-07-28,2280.0,2280.0,36576835.0,2330,2330.TW
2026-07-29,2200.0,2200.0,55449661.0,2330,2330.TW
2026-07-30,2205.0,2205.0,44446679.0,2330,2330.TW
2026-07-31,2425.0,2425.0,63786116.0,2330,2330.TW
2025-05-27,113.25791931152344,114.5,9156809.0,8046,8046.TW
2025-05-28,105.3447036743164,106.5,20293738.0,8046,8046.TW
2025-05-29,103.86097717285156,105.0,4309310.0,8046,8046.TW
2025-06-02,96.8379898071289,97.9000015258789,5599671.0,8046,8046.TW
2025-06-03,97.62931823730469,98.69999694824219,2819246.0,8046,8046.TW
2025-06-04,103.86097717285156,105.0,5100624.0,8046,8046.TW
2025-06-05,104.85012817382812,106.0,5256495.0,8046,8046.TW
2025-06-06,105.83927917480469,107.0,1282033.0,8046,8046.TW
2025-06-09,102.871826171875,104.0,2518238.0,8046,8046.TW
2025-06-10,107.81758880615234,109.0,3056644.0,8046,8046.TW
2025-06-11,110.29045867919922,111.5,3519440.0,8046,8046.TW
2025-06-12,108.8067398071289,110.0,1639120.0,8046,8046.TW
2025-06-13,105.3447036743164,106.5,1377701.0,8046,8046.TW
2025-06-16,108.8067398071289,110.0,2849577.0,8046,8046.TW
2025-06-17,106.82843017578125,108.0,2070210.0,8046,8046.TW
2025-06-18,107.81758880615234,109.0,959242.0,8046,8046.TW
2025-06-19,105.3447036743164,106.5,1242275.0,8046,8046.TW
2025-06-20,103.86097717285156,105.0,1172160.0,8046,8046.TW
2025-06-23,106.33385467529297,107.5,5721257.0,8046,8046.TW
2025-06-24,110.78504180908203,112.0,4079170.0,8046,8046.TW
2025-06-25,111.27961730957031,112.5,2271130.0,8046,8046.TW
2025-06-26,111.7741928100586,113.0,1858490.0,8046,8046.TW
2025-06-27,111.27961730957031,112.5,2079377.0,8046,8046.TW
2025-06-30,110.78504180908203,112.0,828293.0,8046,8046.TW
2025-07-01,110.29045867919922,111.5,2507664.0,8046,8046.TW
2025-07-02,112.76334381103516,114.0,2239498.0,8046,8046.TW
2025-07-03,123.74031066894531,124.0,14093526.0,8046,8046.TW
2025-07-04,125.73612213134766,126.0,22776713.0,8046,8046.TW
2025-07-07,124.73822021484375,125.0,31118863.0,8046,8046.TW
2025-07-08,126.23507690429688,126.5,12375177.0,8046,8046.TW
2025-07-09,138.70889282226562,139.0,26817586.0,8046,8046.TW
2025-07-10,139.70680236816406,140.0,48657030.0,8046,8046.TW
2025-07-11,144.19737243652344,144.5,19723989.0,8046,8046.TW
2025-07-14,143.19947814941406,143.5,14497852.0,8046,8046.TW
2025-07-15,157.17015075683594,157.5,24474830.0,8046,8046.TW
2025-07-16,172.6376953125,173.0,86901637.0,8046,8046.TW
2025-07-17,169.64398193359375,170.0,60751699.0,8046,8046.TW
2025-07-18,170.64187622070312,171.0,32548685.0,8046,8046.TW
2025-07-21,167.64816284179688,168.0,19212318.0,8046,8046.TW
2025-07-22,162.65863037109375,163.0,16813873.0,8046,8046.TW
2025-07-23,171.14083862304688,171.5,45046864.0,8046,8046.TW
2025-07-24,174.6334991455078,175.0,25688397.0,8046,8046.TW
2025-07-25,180.12197875976562,180.5,52219342.0,8046,8046.TW
2025-07-28,184.1136016845703,184.5,23512128.0,8046,8046.TW
2025-07-29,176.6293182373047,177.0,42965667.0,8046,8046.TW
2025-07-30,179.62303161621094,180.0,16276672.0,8046,8046.TW
2025-07-31,177.12826538085938,177.5,12524340.0,8046,8046.TW
2025-08-04,176.13035583496094,176.5,10039007.0,8046,8046.TW
2025-08-05,177.12826538085938,177.5,10179867.0,8046,8046.TW
2025-08-06,173.63558959960938,174.0,7747897.0,8046,8046.TW
2025-08-07,172.13873291015625,172.5,6125900.0,8046,8046.TW
2025-08-08,168.14710998535156,168.5,12344955.0,8046,8046.TW
2025-08-11,180.62094116210938,181.0,22911471.0,8046,8046.TW
2025-08-12,176.6293182373047,177.0,10130700.0,8046,8046.TW
2025-08-13,172.13873291015625,172.5,10876042.0,8046,8046.TW
2025-08-14,170.64187622070312,171.0,8686655.0,8046,8046.TW
2025-08-15,169.14501953125,169.5,15053011.0,8046,8046.TW
2025-08-18,182.6167449951172,183.0,22211840.0,8046,8046.TW
2025-08-19,179.62303161621094,180.0,32740547.0,8046,8046.TW
2025-08-20,166.65025329589844,167.0,17023625.0,8046,8046.TW
2025-08-21,168.6460723876953,169.0,6338937.0,8046,8046.TW
2025-08-22,172.13873291015625,172.5,5132118.0,8046,8046.TW
2025-08-25,185.6104736328125,186.0,20666953.0,8046,8046.TW
2025-08-26,186.60836791992188,187.0,41238861.0,8046,8046.TW
2025-08-27,205.0696258544922,205.5,28676756.0,8046,8046.TW
2025-08-28,225.52670288085938,226.0,60456441.0,8046,8046.TW
2025-08-29,219.5392608642578,220.0,64920387.0,8046,8046.TW
2025-09-01,200.5790557861328,201.0,25014198.0,8046,8046.TW
2025-09-02,196.58743286132812,197.0,19801597.0,8046,8046.TW
2025-09-03,190.10104370117188,190.5,12274768.0,8046,8046.TW
2025-09-04,185.11151123046875,185.5,16457361.0,8046,8046.TW
2025-09-05,187.10733032226562,187.5,12834095.0,8046,8046.TW
2025-09-08,185.6104736328125,186.0,9818129.0,8046,8046.TW
2025-09-09,183.61465454101562,184.0,10871758.0,8046,8046.TW
2025-09-10,184.61256408691406,185.0,10071968.0,8046,8046.TW
2025-09-11,179.12408447265625,179.5,12788220.0,8046,8046.TW
2025-09-12,183.61465454101562,184.0,9291426.0,8046,8046.TW
2025-09-15,178.6251220703125,179.0,6450534.0,8046,8046.TW
2025-09-16,196.08847045898438,196.5,17599073.0,8046,8046.TW
2025-09-17,193.09475708007812,193.5,40090726.0,8046,8046.TW
2025-09-18,199.58114624023438,200.0,20868494.0,8046,8046.TW
2025-09-19,219.5392608642578,220.0,45692219.0,8046,8046.TW
2025-09-22,235.00680541992188,235.5,52543885.0,8046,8046.TW
2025-09-23,234.00889587402344,234.5,45112736.0,8046,8046.TW
2025-09-24,220.0382080078125,220.5,29679440.0,8046,8046.TW
2025-09-25,228.52041625976562,229.0,29018079.0,8046,8046.TW
2025-09-26,218.54135131835938,219.0,22654232.0,8046,8046.TW
2025-09-30,225.52670288085938,226.0,15026384.0,8046,8046.TW
2025-10-01,227.5225067138672,228.0,14367953.0,8046,8046.TW
2025-10-02,230.51622009277344,231.0,12331316.0,8046,8046.TW
2025-10-03,253.46804809570312,254.0,45523514.0,8046,8046.TW
2025-10-07,252.47015380859375,253.0,43420016.0,8046,8046.TW
2025-10-08,259.9544372558594,260.5,25597289.0,8046,8046.TW
2025-10-09,264.44500732421875,265.0,68375872.0,8046,8046.TW
2025-10-13,266.9397888183594,267.5,29037959.0,8046,8046.TW
2025-10-14,255.4638671875,256.0,43270562.0,8046,8046.TW
2025-10-15,280.91046142578125,281.5,45993863.0,8046,8046.TW
2025-10-16,280.91046142578125,281.5,72392198.0,8046,8046.TW
2025-10-17,279.9125671386719,280.5,27855254.0,8046,8046.TW
2025-10-20,276.9188537597656,277.5,23563404.0,8046,8046.TW
2025-10-21,272.9272155761719,273.5,16014681.0,8046,8046.TW
2025-10-22,274.92303466796875,275.5,22569595.0,8046,8046.TW
2025-10-23,271.9293212890625,272.5,13104550.0,8046,8046.TW
2025-10-27,277.916748046875,278.5,19420598.0,8046,8046.TW
2025-10-28,275.4219970703125,276.0,24866430.0,8046,8046.TW
2025-10-29,289.8916015625,290.5,26348039.0,8046,8046.TW
2025-10-30,281.409423828125,282.0,29196800.0,8046,8046.TW
2025-10-31,289.8916015625,290.5,28424638.0,8046,8046.TW
2025-11-03,284.40313720703125,285.0,37167742.0,8046,8046.TW
2025-11-04,279.4136047363281,280.0,30015841.0,8046,8046.TW
2025-11-05,271.43035888671875,272.0,21258065.0,8046,8046.TW
2025-11-06,272.4282531738281,273.0,20471511.0,8046,8046.TW
2025-11-07,272.4282531738281,273.0,14496515.0,8046,8046.TW
2025-11-10,289.8916015625,290.5,31905709.0,8046,8046.TW
2025-11-11,288.3947448730469,289.0,21453910.0,8046,8046.TW
2025-11-12,283.9041748046875,284.5,18042938.0,8046,8046.TW
2025-11-13,291.38848876953125,292.0,19747913.0,8046,8046.TW
2025-11-14,281.9083557128906,282.5,17618004.0,8046,8046.TW
2025-11-17,271.9293212890625,272.5,18174343.0,8046,8046.TW
2025-11-18,264.9439697265625,265.5,17353230.0,8046,8046.TW
2025-11-19,250.47433471679688,251.0,16256831.0,8046,8046.TW
2025-11-20,268.4366455078125,269.0,13291911.0,8046,8046.TW
2025-11-21,249.4764404296875,250.0,11705834.0,8046,8046.TW
2025-11-24,246.4827117919922,247.0,9788236.0,8046,8046.TW
2025-11-25,249.4764404296875,250.0,13242775.0,8046,8046.TW
2025-11-26,256.4617614746094,257.0,11394713.0,8046,8046.TW
2025-11-27,259.9544372558594,260.5,11500858.0,8046,8046.TW
2025-11-28,261.95025634765625,262.5,7444987.0,8046,8046.TW
2025-12-01,265.9418640136719,266.5,13100464.0,8046,8046.TW
2025-12-02,261.4512939453125,262.0,8146716.0,8046,8046.TW
2025-12-03,268.4366455078125,269.0,11361133.0,8046,8046.TW
2025-12-04,257.9586181640625,258.5,11147916.0,8046,8046.TW
2025-12-05,269.4345397949219,270.0,20615797.0,8046,8046.TW
2025-12-08,269.4345397949219,270.0,8901971.0,8046,8046.TW
2025-12-09,283.40521240234375,284.0,21297620.0,8046,8046.TW
2025-12-10,279.4136047363281,280.0,14458005.0,8046,8046.TW
2025-12-11,277.41778564453125,278.0,12005967.0,8046,8046.TW
2025-12-12,270.931396484375,271.5,8638426.0,8046,8046.TW
2025-12-15,265.44293212890625,266.0,6276045.0,8046,8046.TW
2025-12-16,248.47853088378906,249.0,10665214.0,8046,8046.TW
2025-12-17,242.99005126953125,243.5,9976499.0,8046,8046.TW
2025-12-18,234.00889587402344,234.5,11011900.0,8046,8046.TW
2025-12-19,238.99842834472656,239.5,5790900.0,8046,8046.TW
2025-12-22,243.48899841308594,244.0,4385770.0,8046,8046.TW
2025-12-23,238.4994659423828,239.0,3478477.0,8046,8046.TW
2025-12-24,238.4994659423828,239.0,3805739.0,8046,8046.TW
2025-12-26,245.9837646484375,246.5,7159425.0,8046,8046.TW
2025-12-29,239.99632263183594,240.5,6081876.0,8046,8046.TW
2025-12-30,239.99632263183594,240.5,4014855.0,8046,8046.TW
2025-12-31,240.4952850341797,241.0,4302002.0,8046,8046.TW
2026-01-02,236.503662109375,237.0,5552440.0,8046,8046.TW
2026-01-05,240.99423217773438,241.5,11682966.0,8046,8046.TW
2026-01-06,243.98794555664062,244.5,7642908.0,8046,8046.TW
2026-01-07,240.99423217773438,241.5,18986425.0,8046,8046.TW
2026-01-08,236.503662109375,237.0,5491348.0,8046,8046.TW
2026-01-09,239.99632263183594,240.5,4470261.0,8046,8046.TW
2026-01-12,253.96701049804688,254.5,16347539.0,8046,8046.TW
2026-01-13,267.438720703125,268.0,27038179.0,8046,8046.TW
2026-01-14,260.9523620605469,261.5,19529770.0,8046,8046.TW
2026-01-15,262.9481506347656,263.5,19750623.0,8046,8046.TW
2026-01-16,288.8937072753906,289.5,30304326.0,8046,8046.TW
2026-01-19,317.3340148925781,318.0,53778089.0,8046,8046.TW
2026-01-20,340.7848205566406,341.5,59623021.0,8046,8046.TW
2026-01-21,360.24395751953125,361.0,47317042.0,8046,8046.TW
2026-01-22,369.72406005859375,370.5,8171325.0,8046,8046.TW
2026-01-23,381.1999816894531,382.0,7178030.0,8046,8046.TW
2026-01-26,369.2251281738281,370.0,5048098.0,8046,8046.TW
2026-01-27,394.1727600097656,395.0,2968948.0,8046,8046.TW
2026-01-28,395.170654296875,396.0,1846275.0,8046,8046.TW
2026-01-29,373.21673583984375,374.0,4055995.0,8046,8046.TW
2026-01-30,387.6863708496094,388.5,3756776.0,8046,8046.TW
2026-02-02,367.22930908203125,368.0,2887720.0,8046,8046.TW
2026-02-03,393.6737976074219,394.5,2895599.0,8046,8046.TW
2026-02-04,409.141357421875,410.0,2765548.0,8046,8046.TW
2026-02-05,396.66754150390625,397.5,2271756.0,8046,8046.TW
2026-02-06,378.2062683105469,379.0,3229510.0,8046,8046.TW
2026-02-09,415.62774658203125,416.5,3486435.0,8046,8046.TW
2026-02-10,408.64239501953125,409.5,35361678.0,8046,8046.TW
2026-02-11,415.1287841796875,416.0,20473316.0,8046,8046.TW
2026-02-23,456.5418701171875,457.5,6120509.0,8046,8046.TW
2026-02-24,501.94659423828125,503.0,14501131.0,8046,8046.TW
2026-02-25,551.8418579101562,553.0,27118910.0,8046,8046.TW
2026-02-26,553.8377075195312,555.0,29243868.0,8046,8046.TW
2026-03-02,539.8670043945312,541.0,3473652.0,8046,8046.TW
2026-03-03,498.952880859375,500.0,3060492.0,8046,8046.TW
2026-03-04,449.0575866699219,450.0,4331670.0,8046,8046.TW
2026-03-05,460.0345458984375,461.0,4122457.0,8046,8046.TW
2026-03-06,468.5167541503906,469.5,2339913.0,8046,8046.TW
2026-03-09,422.1141357421875,423.0,617183.0,8046,8046.TW
2026-03-10,427.1036376953125,428.0,3736742.0,8046,8046.TW
2026-03-11,469.5146484375,470.5,1666335.0,8046,8046.TW
2026-03-12,467.5188293457031,468.5,1846647.0,8046,8046.TW
2026-03-13,513.9214477539062,515.0,3270438.0,8046,8046.TW
2026-03-16,564.8146362304688,566.0,30167740.0,8046,8046.TW
2026-03-17,542.8607177734375,544.0,28812746.0,8046,8046.TW
2026-03-18,565.8125610351562,567.0,18334709.0,8046,8046.TW
2026-03-19,559.8251342773438,561.0,19121051.0,8046,8046.TW
2026-03-20,539.8670043945312,541.0,19629090.0,8046,8046.TW
2026-03-23,532.8816528320312,534.0,15277046.0,8046,8046.TW
2026-03-24,489.9717102050781,491.0,30072587.0,8046,8046.TW
2026-03-25,538.8690795898438,540.0,10726972.0,8046,8046.TW
2026-03-26,567.808349609375,569.0,30559025.0,8046,8046.TW
2026-03-27,559.8251342773438,561.0,25050492.0,8046,8046.TW
2026-03-30,578.7853393554688,580.0,19320765.0,8046,8046.TW
2026-03-31,520.9067993164062,522.0,22415117.0,8046,8046.TW
2026-04-01,572.7979125976562,574.0,17302447.0,8046,8046.TW
2026-04-02,566.8104248046875,568.0,46263456.0,8046,8046.TW
2026-04-07,622.6931762695312,624.0,22976129.0,8046,8046.TW
2026-04-08,635.6659545898438,637.0,31538395.0,8046,8046.TW
2026-04-09,667.5989379882812,669.0,24195071.0,8046,8046.TW
2026-04-10,665.6031494140625,667.0,20419720.0,8046,8046.TW
2026-04-13,653.6282348632812,655.0,8814345.0,8046,8046.TW
2026-04-14,644.6470947265625,646.0,14464302.0,8046,8046.TW
2026-04-15,654.6261596679688,656.0,17575621.0,8046,8046.TW
2026-04-16,719.4900512695312,721.0,21254342.0,8046,8046.TW
2026-04-17,722.4837646484375,724.0,25227723.0,8046,8046.TW
2026-04-20,794.3329467773438,796.0,17055757.0,8046,8046.TW
2026-04-21,787.3475952148438,789.0,29481976.0,8046,8046.TW
2026-04-22,801.3182983398438,803.0,18698804.0,8046,8046.TW
2026-04-23,793.3350830078125,795.0,29493909.0,8046,8046.TW
2026-04-24,872.1696166992188,874.0,22112991.0,8046,8046.TW
2026-04-27,911.0879516601562,913.0,27647924.0,8046,8046.TW
2026-04-28,930.0481567382812,932.0,23286333.0,8046,8046.TW
2026-04-29,914.0816650390625,916.0,17288197.0,8046,8046.TW
2026-04-30,1002.895263671875,1005.0,20336203.0,8046,8046.TW
2026-05-04,983.93505859375,986.0,21653577.0,8046,8046.TW
2026-05-05,994.9119873046875,997.0,11624024.0,8046,8046.TW
2026-05-06,938.0313720703125,940.0,21747666.0,8046,8046.TW
2026-05-07,945.0167236328125,947.0,11579428.0,8046,8046.TW
2026-05-08,852.2114868164062,854.0,18940919.0,8046,8046.TW
2026-05-11,906.098388671875,908.0,13367644.0,8046,8046.TW
2026-05-12,898.1151733398438,900.0,15206707.0,8046,8046.TW
2026-05-13,878.1570434570312,880.0,11307783.0,8046,8046.TW
2026-05-14,845.2261352539062,847.0,19126039.0,8046,8046.TW
2026-05-15,784.3538818359375,786.0,17829658.0,8046,8046.TW
2026-05-18,789.3434448242188,791.0,10484883.0,8046,8046.TW
2026-05-19,796.3287963867188,798.0,9611338.0,8046,8046.TW
2026-05-20,827.2638549804688,829.0,12556199.0,8046,8046.TW
2026-05-21,870.173828125,872.0,18055400.0,8046,8046.TW
2026-05-22,932.0439453125,934.0,16635783.0,8046,8046.TW
2026-05-25,882.148681640625,884.0,28746510.0,8046,8046.TW
2026-05-26,920.069091796875,922.0,23340018.0,8046,8046.TW
2026-05-27,903.1046752929688,905.0,21696151.0,8046,8046.TW
2026-05-28,848.2198486328125,850.0,18753715.0,8046,8046.TW
2026-05-29,846.2240600585938,848.0,16985245.0,8046,8046.TW
2026-06-01,903.1046752929688,905.0,20366778.0,8046,8046.TW
2026-06-02,860.1947631835938,862.0,13380021.0,8046,8046.TW
2026-06-03,902.1068115234375,904.0,16388844.0,8046,8046.TW
2026-06-04,876.1612548828125,878.0,8464865.0,8046,8046.TW
2026-06-05,843.2303466796875,845.0,13614595.0,8046,8046.TW
2026-06-08,829.2596435546875,831.0,14710826.0,8046,8046.TW
2026-06-09,912.0858154296875,914.0,17888339.0,8046,8046.TW
2026-06-10,845.2261352539062,847.0,16943065.0,8046,8046.TW
2026-06-11,805.3099365234375,807.0,18577228.0,8046,8046.TW
2026-06-12,817.2847900390625,819.0,12711994.0,8046,8046.TW
2026-06-15,858.1989135742188,860.0,9762509.0,8046,8046.TW
2026-06-16,900.1109619140625,902.0,15798987.0,8046,8046.TW
2026-06-17,883.1465454101562,885.0,16559905.0,8046,8046.TW
2026-06-18,872.1696166992188,874.0,17183890.0,8046,8046.TW
2026-06-22,862.1905517578125,864.0,19799325.0,8046,8046.TW
2026-06-23,907.0963134765625,909.0,33079911.0,8046,8046.TW
2026-06-24,953.0,955.0,23485322.0,8046,8046.TW
2026-06-25,1045.0,1045.0,24823862.0,8046,8046.TW
2026-06-26,1125.0,1125.0,33252441.0,8046,8046.TW
2026-06-29,1080.0,1080.0,22378519.0,8046,8046.TW
2026-06-30,1185.0,1185.0,5947082.0,8046,8046.TW
2026-07-01,1175.0,1175.0,20684558.0,8046,8046.TW
2026-07-02,1145.0,1145.0,10814404.0,8046,8046.TW
2026-07-03,1185.0,1185.0,12835965.0,8046,8046.TW
2026-07-06,1075.0,1075.0,13377424.0,8046,8046.TW
2026-07-07,1030.0,1030.0,18361859.0,8046,8046.TW
2026-07-08,1105.0,1105.0,19361857.0,8046,8046.TW
2026-07-09,1215.0,1215.0,22490869.0,8046,8046.TW
2026-07-10,1215.0,1215.0,0.0,8046,8046.TW
2026-07-13,1270.0,1270.0,25011874.0,8046,8046.TW
2026-07-14,1290.0,1290.0,22600672.0,8046,8046.TW
2026-07-15,1415.0,1415.0,18954667.0,8046,8046.TW
2026-07-16,1275.0,1275.0,18853891.0,8046,8046.TW
2026-07-17,1150.0,1150.0,16004830.0,8046,8046.TW
2026-07-20,1105.0,1105.0,17824619.0,8046,8046.TW
2026-07-21,1190.0,1190.0,16770015.0,8046,8046.TW
2026-07-22,1305.0,1305.0,16786270.0,8046,8046.TW
2026-07-23,1230.0,1230.0,18700343.0,8046,8046.TW
2026-07-24,1110.0,1110.0,10739388.0,8046,8046.TW
2026-07-27,1075.0,1075.0,11953667.0,8046,8046.TW
2026-07-28,976.0,976.0,15409977.0,8046,8046.TW
2026-07-29,879.0,879.0,13067275.0,8046,8046.TW
2026-07-30,837.0,837.0,39961482.0,8046,8046.TW
2026-07-31,920.0,920.0,1725643.0,8046,8046.TW
2025-05-27,236.4058074951172,243.5,11996079.0,2368,2368.TW
2025-05-28,239.31838989257812,246.5,15281701.0,2368,2368.TW
2025-05-29,252.4250946044922,260.0,29535494.0,2368,2368.TW
2025-06-02,247.57077026367188,255.0,15833627.0,2368,2368.TW
2025-06-03,260.6774597167969,268.5,23796991.0,2368,2368.TW
2025-06-04,260.1920166015625,268.0,17325795.0,2368,2368.TW
2025-06-05,270.8715515136719,279.0,14519618.0,2368,2368.TW
2025-06-06,262.6191711425781,270.5,12396508.0,2368,2368.TW
2025-06-09,270.3861083984375,278.5,14879862.0,2368,2368.TW
2025-06-10,273.2987060546875,281.5,12254315.0,2368,2368.TW
2025-06-11,274.2695617675781,282.5,10542528.0,2368,2368.TW
2025-06-12,270.3861083984375,278.5,7553153.0,2368,2368.TW
2025-06-13,269.9006652832031,278.0,10353305.0,2368,2368.TW
2025-06-16,271.3569641113281,279.5,5373829.0,2368,2368.TW
2025-06-17,261.1628723144531,269.0,12887716.0,2368,2368.TW
2025-06-18,255.8231201171875,263.5,13549052.0,2368,2368.TW
2025-06-19,256.3085632324219,264.0,9350870.0,2368,2368.TW
2025-06-20,258.7357177734375,266.5,7369059.0,2368,2368.TW
2025-06-23,261.6482849121094,269.5,6569811.0,2368,2368.TW
2025-06-24,272.07452392578125,274.0,9814443.0,2368,2368.TW
2025-06-25,270.0885925292969,272.0,7436451.0,2368,2368.TW
2025-06-26,267.60614013671875,269.5,5409704.0,2368,2368.TW
2025-06-27,274.06048583984375,276.0,6659128.0,2368,2368.TW
2025-06-30,292.92694091796875,295.0,26653890.0,2368,2368.TW
2025-07-01,292.43048095703125,294.5,12757872.0,2368,2368.TW
2025-07-02,288.4585876464844,290.5,8875348.0,2368,2368.TW
2025-07-03,287.96209716796875,290.0,7523666.0,2368,2368.TW
2025-07-04,298.3883056640625,300.5,19430653.0,2368,2368.TW
2025-07-07,295.9058837890625,298.0,8630627.0,2368,2368.TW
2025-07-08,313.28289794921875,315.5,23921114.0,2368,2368.TW
2025-07-09,320.7301940917969,323.0,19057557.0,2368,2368.TW
2025-07-10,311.7934265136719,314.0,13736203.0,2368,2368.TW
2025-07-11,308.3180236816406,310.5,11194376.0,2368,2368.TW
2025-07-14,307.821533203125,310.0,12599875.0,2368,2368.TW
2025-07-15,317.75128173828125,320.0,12024454.0,2368,2368.TW
2025-07-16,315.2688293457031,317.5,9769643.0,2368,2368.TW
2025-07-17,317.2547912597656,319.5,6375910.0,2368,2368.TW
2025-07-18,327.6809997558594,330.0,12909135.0,2368,2368.TW
2025-07-21,330.1634216308594,332.5,10713548.0,2368,2368.TW
2025-07-22,324.2055969238281,326.5,18056924.0,2368,2368.TW
2025-07-23,324.2055969238281,326.5,7031422.0,2368,2368.TW
2025-07-24,328.6739807128906,331.0,14383456.0,2368,2368.TW
2025-07-25,335.1282958984375,337.5,6257489.0,2368,2368.TW
2025-07-28,342.5755920410156,345.0,8914643.0,2368,2368.TW
2025-07-29,347.0439758300781,349.5,8188865.0,2368,2368.TW
2025-07-30,351.015869140625,353.5,9469094.0,2368,2368.TW
2025-07-31,371.8682861328125,374.5,14703715.0,2368,2368.TW
2025-08-04,359.45611572265625,362.0,9742264.0,2368,2368.TW
2025-08-05,363.92449951171875,366.5,11218963.0,2368,2368.TW
2025-08-06,365.4139709472656,368.0,6948372.0,2368,2368.TW
2025-08-07,369.3858642578125,372.0,11000761.0,2368,2368.TW
2025-08-08,406.1258544921875,409.0,18092156.0,2368,2368.TW
2025-08-11,437.40447998046875,440.5,20240435.0,2368,2368.TW
2025-08-12,457.76043701171875,461.0,13377752.0,2368,2368.TW
2025-08-13,456.7674560546875,460.0,20696340.0,2368,2368.TW
2025-08-14,462.72528076171875,466.0,12006303.0,2368,2368.TW
2025-08-15,462.22882080078125,465.5,9526500.0,2368,2368.TW
2025-08-18,475.137451171875,478.5,11754989.0,2368,2368.TW
2025-08-19,464.71124267578125,468.0,14945978.0,2368,2368.TW
2025-08-20,440.3833923339844,443.5,14802246.0,2368,2368.TW
2025-08-21,445.8447570800781,449.0,10263872.0,2368,2368.TW
2025-08-22,455.77447509765625,459.0,9223215.0,2368,2368.TW
2025-08-25,462.22882080078125,465.5,7430627.0,2368,2368.TW
2025-08-26,454.7815246582031,458.0,6185532.0,2368,2368.TW
2025-08-27,472.655029296875,476.0,12002595.0,2368,2368.TW
2025-08-28,482.5847473144531,486.0,6952788.0,2368,2368.TW
2025-08-29,501.45123291015625,505.0,11949853.0,2368,2368.TW
2025-09-01,453.29205322265625,456.5,14011073.0,2368,2368.TW
2025-09-02,431.9431457519531,435.0,16466746.0,2368,2368.TW
2025-09-03,438.8939514160156,442.0,7496441.0,2368,2368.TW
2025-09-04,433.4325866699219,436.5,8605979.0,2368,2368.TW
2025-09-05,435.9150390625,439.0,7645956.0,2368,2368.TW
2025-09-08,445.8447570800781,449.0,5014389.0,2368,2368.TW
2025-09-09,461.7323303222656,465.0,14571698.0,2368,2368.TW
2025-09-10,485.56365966796875,489.0,15704347.0,2368,2368.TW
2025-09-11,490.03204345703125,493.5,15982171.0,2368,2368.TW
2025-09-12,483.5777282714844,487.0,9419572.0,2368,2368.TW
2025-09-15,465.7042236328125,469.0,11034292.0,2368,2368.TW
2025-09-16,455.77447509765625,459.0,6918301.0,2368,2368.TW
2025-09-17,444.8517761230469,448.0,6863248.0,2368,2368.TW
2025-09-18,440.3833923339844,443.5,8932679.0,2368,2368.TW
2025-09-19,432.43963623046875,435.5,9799907.0,2368,2368.TW
2025-09-22,446.34124755859375,449.5,6446779.0,2368,2368.TW
2025-09-23,451.8025817871094,455.0,7949769.0,2368,2368.TW
2025-09-24,455.77447509765625,459.0,6417543.0,2368,2368.TW
2025-09-25,434.92205810546875,438.0,5646046.0,2368,2368.TW
2025-09-26,409.60125732421875,412.5,10594611.0,2368,2368.TW
2025-09-30,432.43963623046875,435.5,6562663.0,2368,2368.TW
2025-10-01,431.9431457519531,435.0,6228082.0,2368,2368.TW
2025-10-02,431.9431457519531,435.0,8260001.0,2368,2368.TW
2025-10-03,438.3974609375,441.5,3434076.0,2368,2368.TW
2025-10-07,427.97125244140625,431.0,6785353.0,2368,2368.TW
2025-10-08,432.43963623046875,435.5,4616307.0,2368,2368.TW
2025-10-09,430.9501647949219,434.0,3948717.0,2368,2368.TW
2025-10-13,422.5098876953125,425.5,4114099.0,2368,2368.TW
2025-10-14,408.6082763671875,411.5,6077599.0,2368,2368.TW
2025-10-15,410.0977478027344,413.0,4191001.0,2368,2368.TW
2025-10-16,413.07666015625,416.0,7285531.0,2368,2368.TW
2025-10-17,401.1609802246094,404.0,7478132.0,2368,2368.TW
2025-10-20,411.0906982421875,414.0,5248471.0,2368,2368.TW
2025-10-21,417.5450439453125,420.5,3858553.0,2368,2368.TW
2025-10-22,397.6855773925781,400.5,8002167.0,2368,2368.TW
2025-10-23,396.19610595703125,399.0,7624800.0,2368,2368.TW
2025-10-27,405.13287353515625,408.0,3521854.0,2368,2368.TW
2025-10-28,419.5309753417969,422.5,5002253.0,2368,2368.TW
2025-10-29,413.07666015625,416.0,7461459.0,2368,2368.TW
2025-10-30,420.5239562988281,423.5,7069939.0,2368,2368.TW
2025-10-31,462.22882080078125,465.5,21832190.0,2368,2368.TW
2025-11-03,489.5355529785156,493.0,26514796.0,2368,2368.TW
2025-11-04,479.6058349609375,483.0,16743113.0,2368,2368.TW
2025-11-05,461.23583984375,464.5,14185697.0,2368,2368.TW
2025-11-06,475.137451171875,478.5,15381972.0,2368,2368.TW
2025-11-07,461.23583984375,464.5,8480888.0,2368,2368.TW
2025-11-10,478.61285400390625,482.0,15471689.0,2368,2368.TW
2025-11-11,494.9969177246094,498.5,20656851.0,2368,2368.TW
2025-11-12,544.1490478515625,548.0,5373949.0,2368,2368.TW
2025-11-13,563.0155639648438,567.0,25498006.0,2368,2368.TW
2025-11-14,540.1771850585938,544.0,12072895.0,2368,2368.TW
2025-11-17,533.2263793945312,537.0,11900904.0,2368,2368.TW
2025-11-18,503.4371643066406,507.0,11531599.0,2368,2368.TW
2025-11-19,518.331787109375,522.0,14102893.0,2368,2368.TW
2025-11-20,569.9663696289062,574.0,15212327.0,2368,2368.TW
2025-11-21,546.135009765625,550.0,16873142.0,2368,2368.TW
2025-11-24,536.2052612304688,540.0,42573046.0,2368,2368.TW
2025-11-25,589.8258056640625,594.0,21317091.0,2368,2368.TW
2025-11-26,605.71337890625,610.0,23478537.0,2368,2368.TW
2025-11-27,622.5939331054688,627.0,18351470.0,2368,2368.TW
2025-11-28,628.5517578125,633.0,10399708.0,2368,2368.TW
2025-12-01,617.6290283203125,622.0,17213324.0,2368,2368.TW
2025-12-02,595.7836303710938,600.0,17724001.0,2368,2368.TW
2025-12-03,584.8609619140625,589.0,10908636.0,2368,2368.TW
2025-12-04,577.91015625,582.0,7435720.0,2368,2368.TW
2025-12-05,591.811767578125,596.0,9817100.0,2368,2368.TW
2025-12-08,583.8679809570312,588.0,7322037.0,2368,2368.TW
2025-12-09,591.811767578125,596.0,8950579.0,2368,2368.TW
2025-12-10,611.6712036132812,616.0,12639367.0,2368,2368.TW
2025-12-11,598.7625732421875,603.0,9632528.0,2368,2368.TW
2025-12-12,613.6571655273438,618.0,7275148.0,2368,2368.TW
2025-12-15,598.7625732421875,603.0,6062928.0,2368,2368.TW
2025-12-16,589.8258056640625,594.0,8542223.0,2368,2368.TW
2025-12-17,581.8820190429688,586.0,6976041.0,2368,2368.TW
2025-12-18,584.8609619140625,589.0,4165530.0,2368,2368.TW
2025-12-19,603.7274169921875,608.0,9631520.0,2368,2368.TW
2025-12-22,645.4322509765625,650.0,11592939.0,2368,2368.TW
2025-12-23,646.4252319335938,651.0,6068860.0,2368,2368.TW
2025-12-24,663.3057861328125,668.0,9670162.0,2368,2368.TW
2025-12-26,692.1019897460938,697.0,9773212.0,2368,2368.TW
2025-12-29,692.1019897460938,697.0,4308389.0,2368,2368.TW
2025-12-30,687.1371459960938,692.0,4119379.0,2368,2368.TW
2025-12-31,682.1722412109375,687.0,5053597.0,2368,2368.TW
2026-01-02,638.4814453125,643.0,13336122.0,2368,2368.TW
2026-01-05,629.5447387695312,634.0,10323146.0,2368,2368.TW
2026-01-06,657.3479614257812,662.0,7516879.0,2368,2368.TW
2026-01-07,638.4814453125,643.0,8811038.0,2368,2368.TW
2026-01-08,627.5587768554688,632.0,5371039.0,2368,2368.TW
2026-01-09,632.5236206054688,637.0,9039822.0,2368,2368.TW
2026-01-12,661.31982421875,666.0,10023211.0,2368,2368.TW
2026-01-13,650.3971557617188,655.0,6952922.0,2368,2368.TW
2026-01-14,673.2355346679688,678.0,7259180.0,2368,2368.TW
2026-01-15,663.3057861328125,668.0,9337388.0,2368,2368.TW
2026-01-16,672.2425537109375,677.0,6697352.0,2368,2368.TW
2026-01-19,619.614990234375,624.0,14781329.0,2368,2368.TW
2026-01-20,625.5728149414062,630.0,7659447.0,2368,2368.TW
2026-01-21,591.811767578125,596.0,13780713.0,2368,2368.TW
2026-01-22,621.6009521484375,626.0,7972593.0,2368,2368.TW
2026-01-23,641.4603881835938,646.0,8578759.0,2368,2368.TW
2026-01-26,661.31982421875,666.0,7547272.0,2368,2368.TW
2026-01-27,681.1793212890625,686.0,9161622.0,2368,2368.TW
2026-01-28,714.9403686523438,720.0,13427029.0,2368,2368.TW
2026-01-29,687.1371459960938,692.0,9860089.0,2368,2368.TW
2026-01-30,696.0739135742188,701.0,9064675.0,2368,2368.TW
2026-02-02,701.0387573242188,706.0,9525050.0,2368,2368.TW
2026-02-03,749.6943969726562,755.0,10833834.0,2368,2368.TW
2026-02-04,791.3992919921875,797.0,10788481.0,2368,2368.TW
2026-02-05,754.6593017578125,760.0,8945176.0,2368,2368.TW
2026-02-06,739.7647094726562,745.0,9859882.0,2368,2368.TW
2026-02-09,791.3992919921875,797.0,7027434.0,2368,2368.TW
2026-02-10,840.054931640625,846.0,10584018.0,2368,2368.TW
2026-02-11,823.1743774414062,829.0,10834875.0,2368,2368.TW
2026-02-23,812.251708984375,818.0,8301136.0,2368,2368.TW
2026-02-24,827.1463012695312,833.0,5970085.0,2368,2368.TW
2026-02-25,839.0619506835938,845.0,7388102.0,2368,2368.TW
2026-02-26,820.1954956054688,826.0,8590518.0,2368,2368.TW
2026-03-02,781.4695434570312,787.0,7381419.0,2368,2368.TW
2026-03-03,760.6171264648438,766.0,7427267.0,2368,2368.TW
2026-03-04,704.0176391601562,709.0,9003674.0,2368,2368.TW
2026-03-05,730.8279418945312,736.0,7793197.0,2368,2368.TW
2026-03-06,786.4343872070312,792.0,11859469.0,2368,2368.TW
2026-03-09,755.6522216796875,761.0,11221572.0,2368,2368.TW
2026-03-10,811.2587280273438,817.0,13126533.0,2368,2368.TW
2026-03-11,891.6895141601562,898.0,9455858.0,2368,2368.TW
2026-03-12,904.59814453125,911.0,15503446.0,2368,2368.TW
2026-03-13,928.4295043945312,935.0,12177731.0,2368,2368.TW
2026-03-16,902.6121826171875,909.0,7041499.0,2368,2368.TW
2026-03-17,910.5559692382812,917.0,6254519.0,2368,2368.TW
2026-03-18,910.5559692382812,917.0,6514015.0,2368,2368.TW
2026-03-19,997.9376220703125,1005.0,12396682.0,2368,2368.TW
2026-03-20,981.0570678710938,988.0,25051541.0,2368,2368.TW
2026-03-23,955.23974609375,962.0,9822665.0,2368,2368.TW
2026-03-24,881.759765625,888.0,12031903.0,2368,2368.TW
2026-03-25,915.5208740234375,922.0,8441881.0,2368,2368.TW
2026-03-26,911.5489501953125,918.0,6893165.0,2368,2368.TW
2026-03-27,917.5067749023438,924.0,4817406.0,2368,2368.TW
2026-03-30,891.6895141601562,898.0,5955596.0,2368,2368.TW
2026-03-31,853.95654296875,860.0,8025319.0,2368,2368.TW
2026-04-01,939.3522338867188,946.0,7089816.0,2368,2368.TW
2026-04-02,898.6403198242188,905.0,9854053.0,2368,2368.TW
2026-04-07,920.4857177734375,927.0,5573989.0,2368,2368.TW
2026-04-08,990.98681640625,998.0,7607970.0,2368,2368.TW
2026-04-09,1087.30517578125,1095.0,9320498.0,2368,2368.TW
2026-04-10,1082.34033203125,1090.0,8786143.0,2368,2368.TW
2026-04-13,1047.586181640625,1055.0,4826029.0,2368,2368.TW
2026-04-14,1141.918701171875,1150.0,6708480.0,2368,2368.TW
2026-04-15,1156.813232421875,1165.0,9068553.0,2368,2368.TW
2026-04-16,1156.813232421875,1165.0,4175479.0,2368,2368.TW
2026-04-17,1166.742919921875,1175.0,3722027.0,2368,2368.TW
2026-04-20,1201.4969482421875,1210.0,5687391.0,2368,2368.TW
2026-04-21,1216.3916015625,1225.0,4284519.0,2368,2368.TW
2026-04-22,1241.2159423828125,1250.0,3875565.0,2368,2368.TW
2026-04-23,1256.1104736328125,1265.0,8073957.0,2368,2368.TW
2026-04-24,1380.2320556640625,1390.0,8425249.0,2368,2368.TW
2026-04-27,1410.021240234375,1420.0,9870394.0,2368,2368.TW
2026-04-28,1380.2320556640625,1390.0,5337412.0,2368,2368.TW
2026-04-29,1350.44287109375,1360.0,5491944.0,2368,2368.TW
2026-04-30,1380.2320556640625,1390.0,4826375.0,2368,2368.TW
2026-05-04,1429.8807373046875,1440.0,4382897.0,2368,2368.TW
2026-05-05,1469.599609375,1480.0,3573933.0,2368,2368.TW
2026-05-06,1434.8455810546875,1445.0,6084902.0,2368,2368.TW
2026-05-07,1439.8104248046875,1450.0,3989591.0,2368,2368.TW
2026-05-08,1320.6536865234375,1330.0,6534968.0,2368,2368.TW
2026-05-11,1390.161865234375,1400.0,5218726.0,2368,2368.TW
2026-05-12,1380.2320556640625,1390.0,4481401.0,2368,2368.TW
2026-05-13,1340.51318359375,1350.0,8941243.0,2368,2368.TW
2026-05-14,1419.9510498046875,1430.0,6678787.0,2368,2368.TW
2026-05-15,1280.934814453125,1290.0,6646143.0,2368,2368.TW
2026-05-18,1241.2159423828125,1250.0,7735032.0,2368,2368.TW
2026-05-19,1275.969970703125,1285.0,6318291.0,2368,2368.TW
2026-05-20,1226.3212890625,1235.0,5706248.0,2368,2368.TW
2026-05-21,1275.969970703125,1285.0,5052237.0,2368,2368.TW
2026-05-22,1320.6536865234375,1330.0,5415068.0,2368,2368.TW
2026-05-25,1414.986083984375,1425.0,6365511.0,2368,2368.TW
2026-05-26,1434.8455810546875,1445.0,5412765.0,2368,2368.TW
2026-05-27,1365.3375244140625,1375.0,5331753.0,2368,2368.TW
2026-05-28,1295.8294677734375,1305.0,4750834.0,2368,2368.TW
2026-05-29,1310.7239990234375,1320.0,6219325.0,2368,2368.TW
2026-06-01,1315.6888427734375,1325.0,4585480.0,2368,2368.TW
2026-06-02,1266.040283203125,1275.0,6806024.0,2368,2368.TW
2026-06-03,1375.2672119140625,1385.0,6938311.0,2368,2368.TW
2026-06-04,1340.51318359375,1350.0,4059002.0,2368,2368.TW
2026-06-05,1305.7591552734375,1315.0,5210538.0,2368,2368.TW
2026-06-08,1350.44287109375,1360.0,5670010.0,2368,2368.TW
2026-06-09,1484.4942626953125,1495.0,11279368.0,2368,2368.TW
2026-06-10,1410.021240234375,1420.0,9425182.0,2368,2368.TW
2026-06-11,1335.54833984375,1345.0,7612680.0,2368,2368.TW
2026-06-12,1310.7239990234375,1320.0,6004730.0,2368,2368.TW
2026-06-15,1310.7239990234375,1320.0,5000974.0,2368,2368.TW
2026-06-16,1335.54833984375,1345.0,3959992.0,2368,2368.TW
2026-06-17,1360.3726806640625,1370.0,3140799.0,2368,2368.TW
2026-06-18,1345.47802734375,1355.0,3381867.0,2368,2368.TW
2026-06-22,1385.197021484375,1395.0,4935177.0,2368,2368.TW
2026-06-23,1265.0,1265.0,8325585.0,2368,2368.TW
2026-06-24,1255.0,1255.0,6541143.0,2368,2368.TW
2026-06-25,1240.0,1240.0,5892786.0,2368,2368.TW
2026-06-26,1190.0,1190.0,5574360.0,2368,2368.TW
2026-06-29,1155.0,1155.0,4933863.0,2368,2368.TW
2026-06-30,1200.0,1200.0,5197228.0,2368,2368.TW
2026-07-01,1220.0,1220.0,4269682.0,2368,2368.TW
2026-07-02,1235.0,1235.0,5265698.0,2368,2368.TW
2026-07-03,1305.0,1305.0,5398538.0,2368,2368.TW
2026-07-06,1225.0,1225.0,5151821.0,2368,2368.TW
2026-07-07,1135.0,1135.0,4891198.0,2368,2368.TW
2026-07-08,1150.0,1150.0,3805985.0,2368,2368.TW
2026-07-09,1075.0,1075.0,7633795.0,2368,2368.TW
2026-07-10,1075.0,1075.0,0.0,2368,2368.TW
2026-07-13,1045.0,1045.0,4026620.0,2368,2368.TW
2026-07-14,1015.0,1015.0,5893110.0,2368,2368.TW
2026-07-15,1025.0,1025.0,4475706.0,2368,2368.TW
2026-07-16,1005.0,1005.0,3173718.0,2368,2368.TW
2026-07-17,927.0,927.0,5361408.0,2368,2368.TW
2026-07-20,927.0,927.0,5703670.0,2368,2368.TW
2026-07-21,980.0,980.0,4507657.0,2368,2368.TW
2026-07-22,940.0,940.0,7710082.0,2368,2368.TW
2026-07-23,941.0,941.0,4847262.0,2368,2368.TW
2026-07-24,901.0,901.0,3865419.0,2368,2368.TW
2026-07-27,895.0,895.0,2493889.0,2368,2368.TW
2026-07-28,809.0,809.0,5438525.0,2368,2368.TW
2026-07-29,729.0,729.0,7869448.0,2368,2368.TW
2026-07-30,721.0,721.0,9347290.0,2368,2368.TW
2026-07-31,793.0,793.0,2925135.0,2368,2368.TW
2025-05-27,87.0046615600586,90.76190185546875,6311462.0,2449,2449.TW
2025-05-28,87.0046615600586,90.76190185546875,10404066.0,2449,2449.TW
2025-05-29,88.55668640136719,92.38095092773438,21519466.0,2449,2449.TW
2025-06-02,84.44839477539062,88.0952377319336,16693751.0,2449,2449.TW
2025-06-03,87.3698501586914,91.14286041259766,11403842.0,2449,2449.TW
2025-06-04,89.28705596923828,93.14286041259766,16631652.0,2449,2449.TW
2025-06-05,90.65648651123047,94.57142639160156,17661982.0,2449,2449.TW
2025-06-06,90.38259887695312,94.28571319580078,10428257.0,2449,2449.TW
2025-06-09,93.12147521972656,97.14286041259766,15275919.0,2449,2449.TW
2025-06-10,94.49089813232422,98.57142639160156,19023684.0,2449,2449.TW
2025-06-11,90.83908081054688,94.76190185546875,18750427.0,2449,2449.TW
2025-06-12,91.2955551147461,95.23809814453125,10384977.0,2449,2449.TW
2025-06-13,92.66498565673828,96.66666412353516,12485928.0,2449,2449.TW
2025-06-16,93.57794952392578,97.61904907226562,8765591.0,2449,2449.TW
2025-06-17,94.034423828125,98.0952377319336,17582446.0,2449,2449.TW
2025-06-18,93.57794952392578,97.61904907226562,11339374.0,2449,2449.TW
2025-06-19,91.75203704833984,95.71428680419922,9813819.0,2449,2449.TW
2025-06-20,91.2955551147461,95.23809814453125,9831186.0,2449,2449.TW
2025-06-23,92.2085189819336,96.19047546386719,7834419.0,2449,2449.TW
2025-06-24,95.40386199951172,99.52381134033203,18388587.0,2449,2449.TW
2025-06-25,95.40386199951172,99.52381134033203,10329582.0,2449,2449.TW
2025-06-26,93.57794952392578,97.61904907226562,18637674.0,2449,2449.TW
2025-06-27,95.86033630371094,100.0,11998001.0,2449,2449.TW
2025-06-30,93.12147521972656,97.14286041259766,17210909.0,2449,2449.TW
2025-07-01,94.034423828125,98.0952377319336,14182545.0,2449,2449.TW
2025-07-02,94.49089813232422,98.57142639160156,16393190.0,2449,2449.TW
2025-07-03,98.1427230834961,102.38095092773438,25591743.0,2449,2449.TW
2025-07-04,97.68624877929688,101.9047622680664,26892529.0,2449,2449.TW
2025-07-07,98.59920501708984,102.85713958740234,24461297.0,2449,2449.TW
2025-07-08,94.9473876953125,99.04762268066406,17443170.0,2449,2449.TW
2025-07-09,96.7732925415039,100.95237731933594,14340685.0,2449,2449.TW
2025-07-10,96.29891204833984,96.66666412353516,13312152.0,2449,2449.TW
2025-07-11,97.72205352783203,98.0952377319336,9960924.0,2449,2449.TW
2025-07-14,94.40139770507812,94.76190185546875,13768582.0,2449,2449.TW
2025-07-15,98.19642639160156,98.57142639160156,19268061.0,2449,2449.TW
2025-07-16,103.88897705078125,104.28571319580078,48043528.0,2449,2449.TW
2025-07-17,105.78649139404297,106.19047546386719,61292274.0,2449,2449.TW
2025-07-18,103.88897705078125,104.28571319580078,34619541.0,2449,2449.TW
2025-07-21,108.63276672363281,109.04762268066406,39605981.0,2449,2449.TW
2025-07-22,105.31211853027344,105.71428680419922,35279660.0,2449,2449.TW
2025-07-23,105.78649139404297,106.19047546386719,19094138.0,2449,2449.TW
2025-07-24,108.63276672363281,109.04762268066406,18334635.0,2449,2449.TW
2025-07-25,106.26087188720703,106.66666412353516,10603658.0,2449,2449.TW
2025-07-28,109.10714721679688,109.52381134033203,28941315.0,2449,2449.TW
2025-07-29,109.10714721679688,109.52381134033203,31802195.0,2449,2449.TW
2025-07-30,108.63276672363281,109.04762268066406,19291174.0,2449,2449.TW
2025-07-31,111.95341491699219,112.38095092773438,31350118.0,2449,2449.TW
2025-08-04,111.47904205322266,111.9047622680664,19049725.0,2449,2449.TW
2025-08-05,112.42779541015625,112.85713958740234,20841347.0,2449,2449.TW
2025-08-06,110.05590057373047,110.47618865966797,12208752.0,2449,2449.TW
2025-08-07,115.2740707397461,115.71428680419922,49130125.0,2449,2449.TW
2025-08-08,126.65916442871094,127.14286041259766,102472981.0,2449,2449.TW
2025-08-11,132.82608032226562,133.3333282470703,122531800.0,2449,2449.TW
2025-08-12,133.7748565673828,134.2857208251953,42317797.0,2449,2449.TW
2025-08-13,132.82608032226562,133.3333282470703,47341451.0,2449,2449.TW
2025-08-14,132.35171508789062,132.85714721679688,39802155.0,2449,2449.TW
2025-08-15,131.40293884277344,131.90475463867188,21038164.0,2449,2449.TW
2025-08-18,133.7748565673828,134.2857208251953,25870461.0,2449,2449.TW
2025-08-19,129.97982788085938,130.4761962890625,39819223.0,2449,2449.TW
2025-08-20,120.96662139892578,121.42857360839844,44570361.0,2449,2449.TW
2025-08-21,126.18478393554688,126.66666412353516,25710537.0,2449,2449.TW
2025-08-22,124.76165008544922,125.23809814453125,17115474.0,2449,2449.TW
2025-08-25,128.5566864013672,129.04762268066406,25817470.0,2449,2449.TW
2025-08-26,132.35171508789062,132.85714721679688,33395232.0,2449,2449.TW
2025-08-27,131.87733459472656,132.38095092773438,29189969.0,2449,2449.TW
2025-08-28,134.72360229492188,135.23809814453125,40150573.0,2449,2449.TW
2025-08-29,148.00621032714844,148.57142639160156,20935785.0,2449,2449.TW
2025-09-01,150.37811279296875,150.95237731933594,148140241.0,2449,2449.TW
2025-09-02,144.211181640625,144.76190185546875,91871617.0,2449,2449.TW
2025-09-03,145.6343231201172,146.1904754638672,32274212.0,2449,2449.TW
2025-09-04,143.26242065429688,143.8095245361328,30329404.0,2449,2449.TW
2025-09-05,151.80123901367188,152.38095092773438,59524547.0,2449,2449.TW
2025-09-08,160.34005737304688,160.95237731933594,89114994.0,2449,2449.TW
2025-09-09,161.76319885253906,162.38095092773438,48086929.0,2449,2449.TW
2025-09-10,163.6607208251953,164.2857208251953,46100029.0,2449,2449.TW
2025-09-11,157.49380493164062,158.09524536132812,38903880.0,2449,2449.TW
2025-09-12,157.49380493164062,158.09524536132812,25193679.0,2449,2449.TW
2025-09-15,157.96817016601562,158.57142639160156,22635047.0,2449,2449.TW
2025-09-16,157.49380493164062,158.09524536132812,19854993.0,2449,2449.TW
2025-09-17,156.54502868652344,157.14285278320312,25846098.0,2449,2449.TW
2025-09-18,158.9169158935547,159.5238037109375,31919410.0,2449,2449.TW
2025-09-19,160.814453125,161.42857360839844,22513373.0,2449,2449.TW
2025-09-22,162.23757934570312,162.85714721679688,34088391.0,2449,2449.TW
2025-09-23,158.4425506591797,159.04762268066406,23130310.0,2449,2449.TW
2025-09-24,157.49380493164062,158.09524536132812,15261331.0,2449,2449.TW
2025-09-25,157.49380493164062,158.09524536132812,16418985.0,2449,2449.TW
2025-09-26,147.53184509277344,148.09524536132812,37839198.0,2449,2449.TW
2025-09-30,155.59628295898438,156.1904754638672,20581724.0,2449,2449.TW
2025-10-01,156.54502868652344,157.14285278320312,15677951.0,2449,2449.TW
2025-10-02,158.9169158935547,159.5238037109375,26009706.0,2449,2449.TW
2025-10-03,160.34005737304688,160.95237731933594,13433425.0,2449,2449.TW
2025-10-07,163.6607208251953,164.2857208251953,24472756.0,2449,2449.TW
2025-10-08,165.08384704589844,165.7142791748047,23901564.0,2449,2449.TW
2025-10-09,166.9813690185547,167.61904907226562,18056783.0,2449,2449.TW
2025-10-13,161.288818359375,161.90475463867188,20104890.0,2449,2449.TW
2025-10-14,153.22438049316406,153.8095245361328,29014013.0,2449,2449.TW
2025-10-15,157.49380493164062,158.09524536132812,16857799.0,2449,2449.TW
2025-10-16,171.2507781982422,171.90475463867188,51069950.0,2449,2449.TW
2025-10-17,166.03262329101562,166.6666717529297,46307549.0,2449,2449.TW
2025-10-20,168.87887573242188,169.5238037109375,17358172.0,2449,2449.TW
2025-10-21,174.57144165039062,175.23809814453125,34947111.0,2449,2449.TW
2025-10-22,167.45574951171875,168.09524536132812,31410000.0,2449,2449.TW
2025-10-23,166.03262329101562,166.6666717529297,18093860.0,2449,2449.TW
2025-10-27,178.36647033691406,179.04762268066406,44280705.0,2449,2449.TW
2025-10-28,178.84083557128906,179.5238037109375,28874964.0,2449,2449.TW
2025-10-29,196.39285278320312,197.14285278320312,61165499.0,2449,2449.TW
2025-10-30,192.5978240966797,193.3333282470703,49720795.0,2449,2449.TW
2025-10-31,205.8804473876953,206.6666717529297,63511584.0,2449,2449.TW
2025-11-03,212.52174377441406,213.3333282470703,43039897.0,2449,2449.TW
2025-11-04,203.03416442871094,203.8095245361328,36089334.0,2449,2449.TW
2025-11-05,209.2010955810547,210.0,36719382.0,2449,2449.TW
2025-11-06,206.3548126220703,207.14285278320312,31270005.0,2449,2449.TW
2025-11-07,202.55978393554688,203.3333282470703,21666814.0,2449,2449.TW
2025-11-10,205.8804473876953,206.6666717529297,25749537.0,2449,2449.TW
2025-11-11,202.08541870117188,202.85714721679688,22048490.0,2449,2449.TW
2025-11-12,199.71351623535156,200.4761962890625,15130024.0,2449,2449.TW
2025-11-13,204.45730590820312,205.23809814453125,19509149.0,2449,2449.TW
2025-11-14,197.8159942626953,198.57142639160156,19065182.0,2449,2449.TW
2025-11-17,202.55978393554688,203.3333282470703,31441193.0,2449,2449.TW
2025-11-18,187.85403442382812,188.57142639160156,43995088.0,2449,2449.TW
2025-11-19,186.43089294433594,187.14285278320312,36295443.0,2449,2449.TW
2025-11-20,200.6622772216797,201.42857360839844,44445877.0,2449,2449.TW
2025-11-21,194.02096557617188,194.76190185546875,44160868.0,2449,2449.TW
2025-11-24,193.07220458984375,193.8095245361328,116844394.0,2449,2449.TW
2025-11-25,194.49534606933594,195.23809814453125,30435447.0,2449,2449.TW
2025-11-26,201.1366424560547,201.90475463867188,33178531.0,2449,2449.TW
2025-11-27,210.62423706054688,211.42857360839844,38466380.0,2449,2449.TW
2025-11-28,217.26553344726562,218.09524536132812,42173433.0,2449,2449.TW
2025-12-01,206.3548126220703,207.14285278320312,33918682.0,2449,2449.TW
2025-12-02,214.8936309814453,215.7142791748047,50770664.0,2449,2449.TW
2025-12-03,214.4192657470703,215.23809814453125,28733267.0,2449,2449.TW
2025-12-04,209.2010955810547,210.0,23414325.0,2449,2449.TW
2025-12-05,210.14984130859375,210.95237731933594,15810037.0,2449,2449.TW
2025-12-08,216.3167724609375,217.14285278320312,17646308.0,2449,2449.TW
2025-12-09,216.79115295410156,217.61904907226562,28446649.0,2449,2449.TW
2025-12-10,217.26553344726562,218.09524536132812,14619141.0,2449,2449.TW
2025-12-11,210.14984130859375,210.95237731933594,21944880.0,2449,2449.TW
2025-12-12,218.21429443359375,219.04762268066406,19753132.0,2449,2449.TW
2025-12-15,210.14984130859375,210.95237731933594,18084404.0,2449,2449.TW
2025-12-16,204.93167114257812,205.7142791748047,17385268.0,2449,2449.TW
2025-12-17,203.98292541503906,204.76190185546875,17072756.0,2449,2449.TW
2025-12-18,197.8159942626953,198.57142639160156,17574473.0,2449,2449.TW
2025-12-19,204.45730590820312,205.23809814453125,12117896.0,2449,2449.TW
2025-12-22,209.67547607421875,210.4761962890625,19710321.0,2449,2449.TW
2025-12-23,208.72669982910156,209.5238037109375,8381458.0,2449,2449.TW
2025-12-24,207.7779541015625,208.57142639160156,10166988.0,2449,2449.TW
2025-12-26,211.57298278808594,212.38095092773438,11525918.0,2449,2449.TW
2025-12-29,232.44564819335938,233.3333282470703,64109070.0,2449,2449.TW
2025-12-30,231.0225067138672,231.90475463867188,54798248.0,2449,2449.TW
2025-12-31,234.8175506591797,235.7142791748047,65868816.0,2449,2449.TW
2026-01-02,253.79270935058594,254.76190185546875,59342543.0,2449,2449.TW
2026-01-05,249.52330017089844,250.4761962890625,44285637.0,2449,2449.TW
2026-01-06,253.31832885742188,254.2857208251953,26698705.0,2449,2449.TW
2026-01-07,252.8439483642578,253.8095245361328,26294558.0,2449,2449.TW
2026-01-08,249.52330017089844,250.4761962890625,18539871.0,2449,2449.TW
2026-01-09,249.99766540527344,250.95237731933594,20951803.0,2449,2449.TW
2026-01-12,256.16461181640625,257.1428527832031,24948683.0,2449,2449.TW
2026-01-13,256.63897705078125,257.6190490722656,28840649.0,2449,2449.TW
2026-01-14,256.63897705078125,257.6190490722656,16133308.0,2449,2449.TW
2026-01-15,253.79270935058594,254.76190185546875,20529699.0,2449,2449.TW
2026-01-16,259.4852600097656,260.4761962890625,27497510.0,2449,2449.TW
2026-01-19,257.5877380371094,258.5714416503906,18769765.0,2449,2449.TW
2026-01-20,260.4339904785156,261.4285583496094,17791206.0,2449,2449.TW
2026-01-21,253.31832885742188,254.2857208251953,17412311.0,2449,2449.TW
2026-01-22,260.4339904785156,261.4285583496094,20461262.0,2449,2449.TW
2026-01-23,271.8191223144531,272.8571472167969,31951176.0,2449,2449.TW
2026-01-26,282.2554626464844,283.3333435058594,26792077.0,2449,2449.TW
2026-01-27,284.6273498535156,285.71429443359375,30241284.0,2449,2449.TW
2026-01-28,295.0636901855469,296.19049072265625,22031281.0,2449,2449.TW
2026-01-29,289.3711242675781,290.4761962890625,27769584.0,2449,2449.TW
2026-01-30,280.8323059082031,281.9047546386719,17825510.0,2449,2449.TW
2026-02-02,270.3959655761719,271.4285583496094,17343135.0,2449,2449.TW
2026-02-03,278.4604187011719,279.5238037109375,12837063.0,2449,2449.TW
2026-02-04,281.78106689453125,282.8571472167969,12356354.0,2449,2449.TW
2026-02-05,266.1265563964844,267.1428527832031,18351382.0,2449,2449.TW
2026-02-06,268.97283935546875,270.0,32818038.0,2449,2449.TW
2026-02-09,276.5628967285156,277.6190490722656,21268654.0,2449,2449.TW
2026-02-10,286.52484130859375,287.6190490722656,26653557.0,2449,2449.TW
2026-02-11,297.4355773925781,298.5714416503906,23466517.0,2449,2449.TW
2026-02-23,300.2818298339844,301.4285583496094,28222678.0,2449,2449.TW
2026-02-24,309.2950439453125,310.4761962890625,20433946.0,2449,2449.TW
2026-02-25,303.60247802734375,304.76190185546875,18903923.0,2449,2449.TW
2026-02-26,310.2437744140625,311.4285583496094,19373375.0,2449,2449.TW
2026-03-02,299.8074645996094,300.952392578125,13295564.0,2449,2449.TW
2026-03-03,289.3711242675781,290.4761962890625,12321771.0,2449,2449.TW
2026-03-04,263.7546691894531,264.76190185546875,22014812.0,2449,2449.TW
2026-03-05,279.883544921875,280.952392578125,17077932.0,2449,2449.TW
2026-03-06,269.9216003417969,270.952392578125,14414689.0,2449,2449.TW
2026-03-09,258.0621032714844,259.047607421875,28532724.0,2449,2449.TW
2026-03-10,277.98602294921875,279.047607421875,25822581.0,2449,2449.TW
2026-03-11,290.3198547363281,291.4285583496094,24302179.0,2449,2449.TW
2026-03-12,284.6273498535156,285.71429443359375,17557567.0,2449,2449.TW
2026-03-13,280.35791015625,281.4285583496094,12888595.0,2449,2449.TW
2026-03-16,273.24224853515625,274.28570556640625,15233538.0,2449,2449.TW
2026-03-17,278.9347839355469,280.0,11247243.0,2449,2449.TW
2026-03-18,306.4487609863281,307.6190490722656,36216349.0,2449,2449.TW
2026-03-19,299.8074645996094,300.952392578125,24503184.0,2449,2449.TW
2026-03-20,292.2174072265625,293.3333435058594,49624831.0,2449,2449.TW
2026-03-23,271.3447265625,272.3809509277344,23092002.0,2449,2449.TW
2026-03-24,264.2290344238281,265.23809814453125,16360617.0,2449,2449.TW
2026-03-25,273.71661376953125,274.76190185546875,15034997.0,2449,2449.TW
2026-03-26,273.24224853515625,274.28570556640625,16371057.0,2449,2449.TW
2026-03-27,264.2290344238281,265.23809814453125,18663321.0,2449,2449.TW
2026-03-30,258.0621032714844,259.047607421875,17294849.0,2449,2449.TW
2026-03-31,247.6257781982422,248.57142639160156,20087576.0,2449,2449.TW
2026-04-01,266.1265563964844,267.1428527832031,20695113.0,2449,2449.TW
2026-04-02,245.728271484375,246.6666717529297,29006203.0,2449,2449.TW
2026-04-07,254.26708984375,255.23809814453125,13904291.0,2449,2449.TW
2026-04-08,265.65216064453125,266.6666564941406,16667271.0,2449,2449.TW
2026-04-09,260.90838623046875,261.9047546386719,17322796.0,2449,2449.TW
2026-04-10,263.2802734375,264.28570556640625,12516882.0,2449,2449.TW
2026-04-13,279.883544921875,280.952392578125,41039708.0,2449,2449.TW
2026-04-14,285.5760803222656,286.6666564941406,34471606.0,2449,2449.TW
2026-04-15,276.0885009765625,277.1428527832031,29485119.0,2449,2449.TW
2026-04-16,268.97283935546875,270.0,24949741.0,2449,2449.TW
2026-04-17,260.90838623046875,261.9047546386719,26692654.0,2449,2449.TW
2026-04-20,257.1133728027344,258.0952453613281,25443317.0,2449,2449.TW
2026-04-21,266.6009521484375,267.6190490722656,27300192.0,2449,2449.TW
2026-04-22,272.7678527832031,273.80950927734375,25124723.0,2449,2449.TW
2026-04-23,263.2802734375,264.28570556640625,56708226.0,2449,2449.TW
2026-04-24,271.3447265625,272.3809509277344,38009259.0,2449,2449.TW
2026-04-27,268.97283935546875,270.0,33735195.0,2449,2449.TW
2026-04-28,268.97283935546875,270.0,25958179.0,2449,2449.TW
2026-04-29,268.97283935546875,270.0,33641995.0,2449,2449.TW
2026-04-30,286.9992370605469,288.0952453613281,73065570.0,2449,2449.TW
2026-05-04,315.4619445800781,316.6666564941406,30982430.0,2449,2449.TW
2026-05-05,335.8602600097656,337.1428527832031,62269563.0,2449,2449.TW
2026-05-06,311.66693115234375,312.8571472167969,57292927.0,2449,2449.TW
2026-05-07,321.62890625,322.8571472167969,30813365.0,2449,2449.TW
2026-05-08,295.0636901855469,296.19049072265625,39761516.0,2449,2449.TW
2026-05-11,284.1529541015625,285.23809814453125,62844128.0,2449,2449.TW
2026-05-12,285.5760803222656,286.6666564941406,42030852.0,2449,2449.TW
2026-05-13,289.3711242675781,290.4761962890625,37380527.0,2449,2449.TW
2026-05-14,280.8323059082031,281.9047546386719,38930203.0,2449,2449.TW
2026-05-15,284.1529541015625,285.23809814453125,37029788.0,2449,2449.TW
2026-05-18,279.883544921875,280.952392578125,28420804.0,2449,2449.TW
2026-05-19,274.1910095214844,275.23809814453125,26336044.0,2449,2449.TW
2026-05-20,263.2802734375,264.28570556640625,33669449.0,2449,2449.TW
2026-05-21,271.3447265625,272.3809509277344,22599836.0,2449,2449.TW
2026-05-22,280.8323059082031,281.9047546386719,26781710.0,2449,2449.TW
2026-05-25,300.7562255859375,301.9047546386719,54502427.0,2449,2449.TW
2026-05-26,321.1545104980469,322.3809509277344,102785946.0,2449,2449.TW
2026-05-27,299.3330993652344,300.4761962890625,96148063.0,2449,2449.TW
2026-05-28,303.60247802734375,304.76190185546875,74349632.0,2449,2449.TW
2026-05-29,311.66693115234375,312.8571472167969,70640263.0,2449,2449.TW
2026-06-01,301.7049865722656,302.8571472167969,52347752.0,2449,2449.TW
2026-06-02,290.79425048828125,291.9047546386719,49190965.0,2449,2449.TW
2026-06-03,305.9743957519531,307.1428527832031,47228066.0,2449,2449.TW
2026-06-04,305.5,306.6666564941406,40501932.0,2449,2449.TW
2026-06-05,293.6405334472656,294.76190185546875,29106151.0,2449,2449.TW
2026-06-08,273.71661376953125,274.76190185546875,37286433.0,2449,2449.TW
2026-06-09,276.0885009765625,277.1428527832031,23269305.0,2449,2449.TW
2026-06-10,258.0621032714844,259.047607421875,30997348.0,2449,2449.TW
2026-06-11,258.0621032714844,259.047607421875,20405351.0,2449,2449.TW
2026-06-12,267.5497131347656,268.5714416503906,16810818.0,2449,2449.TW
2026-06-15,266.6009521484375,267.6190490722656,24426490.0,2449,2449.TW
2026-06-16,263.7546691894531,264.76190185546875,15248917.0,2449,2449.TW
2026-06-17,266.1265563964844,267.1428527832031,8742129.0,2449,2449.TW
2026-06-18,292.6917724609375,293.80950927734375,53614534.0,2449,2449.TW
2026-06-22,321.62890625,322.8571472167969,82493652.0,2449,2449.TW
2026-06-23,312.61566162109375,313.80950927734375,78708253.0,2449,2449.TW
2026-06-24,316.4107360839844,317.6190490722656,43093969.0,2449,2449.TW
2026-06-25,317.3594970703125,318.5714416503906,34393625.0,2449,2449.TW
2026-06-26,292.2174072265625,293.3333435058594,52993128.0,2449,2449.TW
2026-06-29,292.6917724609375,293.80950927734375,17191812.0,2449,2449.TW
2026-06-30,320.20574951171875,321.4285583496094,38625469.0,2449,2449.TW
2026-07-01,314.038818359375,315.23809814453125,37992100.0,2449,2449.TW
2026-07-02,329.6933288574219,330.952392578125,24339786.0,2449,2449.TW
2026-07-03,317.8338317871094,319.047607421875,32379306.0,2449,2449.TW
2026-07-06,333.01397705078125,334.28570556640625,53645052.0,2449,2449.TW
2026-07-07,300.7562255859375,301.9047546386719,49615289.0,2449,2449.TW
2026-07-08,289.84552001953125,290.952392578125,26497991.0,2449,2449.TW
2026-07-09,292.6917724609375,293.80950927734375,19930768.0,2449,2449.TW
2026-07-10,292.6917724609375,293.80950927734375,0.0,2449,2449.TW
2026-07-13,291.2686462402344,292.3809509277344,19911022.0,2449,2449.TW
2026-07-14,276.5628967285156,277.6190490722656,29947783.0,2449,2449.TW
2026-07-15,291.2686462402344,292.3809509277344,24652326.0,2449,2449.TW
2026-07-16,301.7049865722656,302.8571472167969,31251084.0,2449,2449.TW
2026-07-17,271.8191223144531,272.8571472167969,37762511.0,2449,2449.TW
2026-07-20,256.63897705078125,257.6190490722656,30652683.0,2449,2449.TW
2026-07-21,264.70343017578125,265.71429443359375,13792917.0,2449,2449.TW
2026-07-22,279.883544921875,280.952392578125,23523610.0,2449,2449.TW
2026-07-23,271.3447265625,272.3809509277344,17051748.0,2449,2449.TW
2026-07-24,257.1133728027344,258.0952453613281,14526189.0,2449,2449.TW
2026-07-27,261.8571472167969,262.8571472167969,17813961.0,2449,2449.TW
2026-07-28,236.0,236.0,24203602.0,2449,2449.TW
2026-07-29,212.5,212.5,20952929.0,2449,2449.TW
2026-07-30,203.5,203.5,37031468.0,2449,2449.TW
2026-07-31,223.5,223.5,6713151.0,2449,2449.TW
2025-05-27,706.1021728515625,721.0,2796599.0,2345,2345.TW
2025-05-28,720.792236328125,736.0,4532068.0,2345,2345.TW
2025-05-29,729.6062622070312,745.0,5552676.0,2345,2345.TW
2025-06-02,710.01953125,725.0,4289171.0,2345,2345.TW
2025-06-03,709.0401611328125,724.0,3501980.0,2345,2345.TW
2025-06-04,717.8541870117188,733.0,5338076.0,2345,2345.TW
2025-06-05,717.8541870117188,733.0,3537213.0,2345,2345.TW
2025-06-06,708.0608520507812,723.0,3605942.0,2345,2345.TW
2025-06-09,721.7715454101562,737.0,4185971.0,2345,2345.TW
2025-06-10,769.759033203125,786.0,8328631.0,2345,2345.TW
2025-06-11,788.366455078125,805.0,6131190.0,2345,2345.TW
2025-06-12,778.5730590820312,795.0,3499338.0,2345,2345.TW
2025-06-13,780.53173828125,797.0,3792883.0,2345,2345.TW
2025-06-16,770.7384033203125,787.0,2776541.0,2345,2345.TW
2025-06-17,733.5235595703125,749.0,8011345.0,2345,2345.TW
2025-06-18,714.9161987304688,730.0,5835246.0,2345,2345.TW
2025-06-19,700.2261352539062,715.0,4270940.0,2345,2345.TW
2025-06-20,698.2674560546875,713.0,4925606.0,2345,2345.TW
2025-06-23,699.2467651367188,714.0,3011336.0,2345,2345.TW
2025-06-24,708.0608520507812,723.0,4336053.0,2345,2345.TW
2025-06-25,727.6475830078125,743.0,4297991.0,2345,2345.TW
2025-06-26,727.6475830078125,743.0,3505016.0,2345,2345.TW
2025-06-27,716.8748779296875,732.0,2967432.0,2345,2345.TW
2025-06-30,714.9161987304688,730.0,3092657.0,2345,2345.TW
2025-07-01,747.2342529296875,763.0,8165365.0,2345,2345.TW
2025-07-02,752.1309814453125,768.0,5058123.0,2345,2345.TW
2025-07-03,764.8623657226562,781.0,4302048.0,2345,2345.TW
2025-07-04,752.1309814453125,768.0,3097596.0,2345,2345.TW
2025-07-07,722.7509155273438,738.0,4962618.0,2345,2345.TW
2025-07-08,744.2962646484375,760.0,3680921.0,2345,2345.TW
2025-07-09,779.5524291992188,796.0,10656025.0,2345,2345.TW
2025-07-10,796.201171875,813.0,6626558.0,2345,2345.TW
2025-07-11,780.53173828125,797.0,6283963.0,2345,2345.TW
2025-07-14,745.2755737304688,761.0,4746670.0,2345,2345.TW
2025-07-15,759.9656982421875,776.0,4439751.0,2345,2345.TW
2025-07-16,753.1102905273438,769.0,3994514.0,2345,2345.TW
2025-07-17,748.213623046875,764.0,4327158.0,2345,2345.TW
2025-07-18,781.5111083984375,798.0,5195422.0,2345,2345.TW
2025-07-21,776.6143798828125,793.0,4015095.0,2345,2345.TW
2025-07-22,753.1102905273438,769.0,4479608.0,2345,2345.TW
2025-07-23,760.9450073242188,777.0,4961100.0,2345,2345.TW
2025-07-24,757.0276489257812,773.0,3172229.0,2345,2345.TW
2025-07-25,776.6143798828125,793.0,3225870.0,2345,2345.TW
2025-07-28,833.416015625,851.0,7781146.0,2345,2345.TW
2025-07-29,834.3953247070312,852.0,5405110.0,2345,2345.TW
2025-07-30,836.3795776367188,843.0,6949025.0,2345,2345.TW
2025-07-31,884.9947509765625,892.0,6356990.0,2345,2345.TW
2025-08-04,878.0497436523438,885.0,3666146.0,2345,2345.TW
2025-08-05,893.924072265625,901.0,7404281.0,2345,2345.TW
2025-08-06,893.924072265625,901.0,5221320.0,2345,2345.TW
2025-08-07,967.3429565429688,975.0,8012932.0,2345,2345.TW
2025-08-08,981.2329711914062,989.0,7745200.0,2345,2345.TW
2025-08-11,1011.9895629882812,1020.0,4432519.0,2345,2345.TW
2025-08-12,1011.9895629882812,1020.0,2890237.0,2345,2345.TW
2025-08-13,1036.793212890625,1045.0,3987962.0,2345,2345.TW
2025-08-14,1026.8717041015625,1035.0,4031974.0,2345,2345.TW
2025-08-15,1026.8717041015625,1035.0,2925543.0,2345,2345.TW
2025-08-18,1071.518310546875,1080.0,4666920.0,2345,2345.TW
2025-08-19,1007.02880859375,1015.0,5143787.0,2345,2345.TW
2025-08-20,948.4921875,956.0,7174562.0,2345,2345.TW
2025-08-21,942.539306640625,950.0,5951379.0,2345,2345.TW
2025-08-22,932.6177978515625,940.0,4048279.0,2345,2345.TW
2025-08-25,954.445068359375,962.0,4237648.0,2345,2345.TW
2025-08-26,973.2958374023438,981.0,5675034.0,2345,2345.TW
2025-08-27,975.2800903320312,983.0,2945160.0,2345,2345.TW
2025-08-28,976.2722778320312,984.0,2948625.0,2345,2345.TW
2025-08-29,1007.02880859375,1015.0,5259996.0,2345,2345.TW
2025-09-01,936.58642578125,944.0,8011226.0,2345,2345.TW
2025-09-02,955.4371948242188,963.0,4260893.0,2345,2345.TW
2025-09-03,962.3822021484375,970.0,3334059.0,2345,2345.TW
2025-09-04,967.3429565429688,975.0,3414594.0,2345,2345.TW
2025-09-05,1011.9895629882812,1020.0,4297984.0,2345,2345.TW
2025-09-08,1011.9895629882812,1020.0,4387975.0,2345,2345.TW
2025-09-09,1011.9895629882812,1020.0,3719361.0,2345,2345.TW
2025-09-10,1081.4398193359375,1090.0,6739438.0,2345,2345.TW
2025-09-11,1111.2042236328125,1120.0,8397813.0,2345,2345.TW
2025-09-12,1096.322021484375,1105.0,3882532.0,2345,2345.TW
2025-09-15,1061.596923828125,1070.0,3066238.0,2345,2345.TW
2025-09-16,1061.596923828125,1070.0,3565915.0,2345,2345.TW
2025-09-17,1056.6361083984375,1065.0,2948021.0,2345,2345.TW
2025-09-18,1071.518310546875,1080.0,2743806.0,2345,2345.TW
2025-09-19,1007.02880859375,1015.0,6731970.0,2345,2345.TW
2025-09-22,981.2329711914062,989.0,5315532.0,2345,2345.TW
2025-09-23,997.1073608398438,1005.0,3944303.0,2345,2345.TW
2025-09-24,997.1073608398438,1005.0,2382803.0,2345,2345.TW
2025-09-25,968.3350830078125,976.0,3098784.0,2345,2345.TW
2025-09-26,976.2722778320312,984.0,5173485.0,2345,2345.TW
2025-09-30,1036.793212890625,1045.0,6421914.0,2345,2345.TW
2025-10-01,1031.83251953125,1040.0,4004162.0,2345,2345.TW
2025-10-02,1066.5576171875,1075.0,4995342.0,2345,2345.TW
2025-10-03,1096.322021484375,1105.0,4471318.0,2345,2345.TW
2025-10-07,1016.9502563476562,1025.0,5927681.0,2345,2345.TW
2025-10-08,1036.793212890625,1045.0,3168726.0,2345,2345.TW
2025-10-09,1041.75390625,1050.0,2998799.0,2345,2345.TW
2025-10-13,1026.8717041015625,1035.0,3948772.0,2345,2345.TW
2025-10-14,992.1466064453125,1000.0,3986561.0,2345,2345.TW
2025-10-15,1011.9895629882812,1020.0,4021368.0,2345,2345.TW
2025-10-16,992.1466064453125,1000.0,2999343.0,2345,2345.TW
2025-10-17,948.4921875,956.0,6435916.0,2345,2345.TW
2025-10-20,971.3115234375,979.0,3021005.0,2345,2345.TW
2025-10-21,952.4607543945312,960.0,3736401.0,2345,2345.TW
2025-10-22,896.9005126953125,904.0,12320443.0,2345,2345.TW
2025-10-23,926.6649169921875,934.0,5583770.0,2345,2345.TW
2025-10-27,954.445068359375,962.0,4659298.0,2345,2345.TW
2025-10-28,957.4215087890625,965.0,4478278.0,2345,2345.TW
2025-10-29,965.358642578125,973.0,4436849.0,2345,2345.TW
2025-10-30,1011.9895629882812,1020.0,6556144.0,2345,2345.TW
2025-10-31,1071.518310546875,1080.0,9491712.0,2345,2345.TW
2025-11-03,1066.5576171875,1075.0,4671891.0,2345,2345.TW
2025-11-04,1140.9686279296875,1150.0,12082046.0,2345,2345.TW
2025-11-05,1036.793212890625,1045.0,10518218.0,2345,2345.TW
2025-11-06,1046.7147216796875,1055.0,5866060.0,2345,2345.TW
2025-11-07,997.1073608398438,1005.0,7059497.0,2345,2345.TW
2025-11-10,990.1622924804688,998.0,5749625.0,2345,2345.TW
2025-11-11,971.3115234375,979.0,4819477.0,2345,2345.TW
2025-11-12,975.2800903320312,983.0,5442281.0,2345,2345.TW
2025-11-13,972.3036499023438,980.0,2917861.0,2345,2345.TW
2025-11-14,975.2800903320312,983.0,4890894.0,2345,2345.TW
2025-11-17,990.1622924804688,998.0,3422706.0,2345,2345.TW
2025-11-18,913.7670288085938,921.0,9148477.0,2345,2345.TW
2025-11-19,906.822021484375,914.0,4140066.0,2345,2345.TW
2025-11-20,937.5785522460938,945.0,4048956.0,2345,2345.TW
2025-11-21,899.876953125,907.0,6338124.0,2345,2345.TW
2025-11-24,936.58642578125,944.0,5311047.0,2345,2345.TW
2025-11-25,957.4215087890625,965.0,5224425.0,2345,2345.TW
2025-11-26,991.1544799804688,999.0,3722566.0,2345,2345.TW
2025-11-27,1021.9110107421875,1030.0,7943568.0,2345,2345.TW
2025-11-28,1016.9502563476562,1025.0,4540150.0,2345,2345.TW
2025-12-01,1011.9895629882812,1020.0,6926750.0,2345,2345.TW
2025-12-02,1041.75390625,1050.0,6516007.0,2345,2345.TW
2025-12-03,978.2565307617188,986.0,6405134.0,2345,2345.TW
2025-12-04,957.4215087890625,965.0,4323155.0,2345,2345.TW
2025-12-05,982.2251586914062,990.0,4545585.0,2345,2345.TW
2025-12-08,969.3272094726562,977.0,3977017.0,2345,2345.TW
2025-12-09,987.1858520507812,995.0,9920047.0,2345,2345.TW
2025-12-10,1081.4398193359375,1090.0,11392732.0,2345,2345.TW
2025-12-11,1126.08642578125,1135.0,15782178.0,2345,2345.TW
2025-12-12,1145.9293212890625,1155.0,5427309.0,2345,2345.TW
2025-12-15,1200.4974365234375,1210.0,8768974.0,2345,2345.TW
2025-12-16,1150.8900146484375,1160.0,7815975.0,2345,2345.TW
2025-12-17,1175.6937255859375,1185.0,6483855.0,2345,2345.TW
2025-12-18,1170.7330322265625,1180.0,4505017.0,2345,2345.TW
2025-12-19,1165.772216796875,1175.0,6190206.0,2345,2345.TW
2025-12-22,1160.8115234375,1170.0,4331476.0,2345,2345.TW
2025-12-23,1175.6937255859375,1185.0,2900635.0,2345,2345.TW
2025-12-24,1180.6544189453125,1190.0,4538255.0,2345,2345.TW
2025-12-26,1205.4581298828125,1215.0,2608307.0,2345,2345.TW
2025-12-29,1205.4581298828125,1215.0,3196339.0,2345,2345.TW
2025-12-30,1180.6544189453125,1190.0,2008936.0,2345,2345.TW
2025-12-31,1175.6937255859375,1185.0,3178871.0,2345,2345.TW
2026-01-02,1136.0078125,1145.0,3913197.0,2345,2345.TW
2026-01-05,1175.6937255859375,1185.0,4548684.0,2345,2345.TW
2026-01-06,1230.2618408203125,1240.0,6507442.0,2345,2345.TW
2026-01-07,1195.53662109375,1205.0,3867893.0,2345,2345.TW
2026-01-08,1255.0654296875,1265.0,7354936.0,2345,2345.TW
2026-01-09,1205.4581298828125,1215.0,8871449.0,2345,2345.TW
2026-01-12,1195.53662109375,1205.0,3999314.0,2345,2345.TW
2026-01-13,1170.7330322265625,1180.0,4268166.0,2345,2345.TW
2026-01-14,1205.4581298828125,1215.0,3142346.0,2345,2345.TW
2026-01-15,1230.2618408203125,1240.0,7130303.0,2345,2345.TW
2026-01-16,1220.34033203125,1230.0,3257786.0,2345,2345.TW
2026-01-19,1155.850830078125,1165.0,4321291.0,2345,2345.TW
2026-01-20,1175.6937255859375,1185.0,3453877.0,2345,2345.TW
2026-01-21,1140.9686279296875,1150.0,3658005.0,2345,2345.TW
2026-01-22,1140.9686279296875,1150.0,6531713.0,2345,2345.TW
2026-01-23,1165.772216796875,1175.0,4066113.0,2345,2345.TW
2026-01-26,1140.9686279296875,1150.0,4601117.0,2345,2345.TW
2026-01-27,1145.9293212890625,1155.0,3695494.0,2345,2345.TW
2026-01-28,1160.8115234375,1170.0,3285885.0,2345,2345.TW
2026-01-29,1160.8115234375,1170.0,4640809.0,2345,2345.TW
2026-01-30,1106.2435302734375,1115.0,4027897.0,2345,2345.TW
2026-02-02,1131.047119140625,1140.0,4253773.0,2345,2345.TW
2026-02-03,1175.6937255859375,1185.0,5275669.0,2345,2345.TW
2026-02-04,1175.6937255859375,1185.0,3216396.0,2345,2345.TW
2026-02-05,1116.1649169921875,1125.0,3392723.0,2345,2345.TW
2026-02-06,1180.6544189453125,1190.0,5760778.0,2345,2345.TW
2026-02-09,1294.7513427734375,1305.0,7486946.0,2345,2345.TW
2026-02-10,1379.083740234375,1390.0,9320490.0,2345,2345.TW
2026-02-11,1438.612548828125,1450.0,7403735.0,2345,2345.TW
2026-02-23,1389.0052490234375,1400.0,7522836.0,2345,2345.TW
2026-02-24,1393.9659423828125,1405.0,3252325.0,2345,2345.TW
2026-02-25,1438.612548828125,1450.0,4723251.0,2345,2345.TW
2026-02-26,1389.0052490234375,1400.0,5547248.0,2345,2345.TW
2026-03-02,1403.887451171875,1415.0,4046997.0,2345,2345.TW
2026-03-03,1408.84814453125,1420.0,4680672.0,2345,2345.TW
2026-03-04,1294.7513427734375,1305.0,4818570.0,2345,2345.TW
2026-03-05,1408.84814453125,1420.0,4318470.0,2345,2345.TW
2026-03-06,1453.4947509765625,1465.0,6137414.0,2345,2345.TW
2026-03-09,1369.162353515625,1380.0,5593062.0,2345,2345.TW
2026-03-10,1423.7303466796875,1435.0,5264312.0,2345,2345.TW
2026-03-11,1473.3377685546875,1485.0,4005897.0,2345,2345.TW
2026-03-12,1493.1806640625,1505.0,3820804.0,2345,2345.TW
2026-03-13,1408.84814453125,1420.0,6278564.0,2345,2345.TW
2026-03-16,1379.083740234375,1390.0,4192882.0,2345,2345.TW
2026-03-17,1443.5733642578125,1455.0,3451522.0,2345,2345.TW
2026-03-18,1587.4345703125,1600.0,7985448.0,2345,2345.TW
2026-03-19,1577.5130615234375,1590.0,7056954.0,2345,2345.TW
2026-03-20,1597.3560791015625,1610.0,5574007.0,2345,2345.TW
2026-03-23,1552.70947265625,1565.0,3184223.0,2345,2345.TW
2026-03-24,1522.945068359375,1535.0,4222449.0,2345,2345.TW
2026-03-25,1671.76708984375,1685.0,6739032.0,2345,2345.TW
2026-03-26,1661.8455810546875,1675.0,6934901.0,2345,2345.TW
2026-03-27,1642.002685546875,1655.0,4372366.0,2345,2345.TW
2026-03-30,1622.15966796875,1635.0,3829260.0,2345,2345.TW
2026-03-31,1498.141357421875,1510.0,5071126.0,2345,2345.TW
2026-04-01,1646.96337890625,1660.0,4168739.0,2345,2345.TW
2026-04-02,1577.5130615234375,1590.0,3219664.0,2345,2345.TW
2026-04-07,1602.3167724609375,1615.0,3245867.0,2345,2345.TW
2026-04-08,1696.5706787109375,1710.0,5219110.0,2345,2345.TW
2026-04-09,1676.727783203125,1690.0,3153701.0,2345,2345.TW
2026-04-10,1820.5889892578125,1835.0,5517060.0,2345,2345.TW
2026-04-13,1805.706787109375,1820.0,2860404.0,2345,2345.TW
2026-04-14,1875.1571044921875,1890.0,3716906.0,2345,2345.TW
2026-04-15,1954.52880859375,1970.0,7025204.0,2345,2345.TW
2026-04-16,2019.018310546875,2035.0,3738466.0,2345,2345.TW
2026-04-17,2053.743408203125,2070.0,3265578.0,2345,2345.TW
2026-04-20,1989.25390625,2005.0,3816176.0,2345,2345.TW
2026-04-21,2172.801025390625,2190.0,6139445.0,2345,2345.TW
2026-04-22,2182.72265625,2200.0,4604068.0,2345,2345.TW
2026-04-23,2063.6650390625,2080.0,6242141.0,2345,2345.TW
2026-04-24,2123.19384765625,2140.0,4827960.0,2345,2345.TW
2026-04-27,2157.9189453125,2175.0,4841215.0,2345,2345.TW
2026-04-28,2276.9765625,2295.0,5738981.0,2345,2345.TW
2026-04-29,2192.64404296875,2210.0,4360317.0,2345,2345.TW
2026-04-30,2262.09423828125,2280.0,3652277.0,2345,2345.TW
2026-05-04,2485.3271484375,2505.0,4261874.0,2345,2345.TW
2026-05-05,2475.40576171875,2495.0,3325662.0,2345,2345.TW
2026-05-06,2465.484375,2485.0,6017301.0,2345,2345.TW
2026-05-07,2539.895263671875,2560.0,3654358.0,2345,2345.TW
2026-05-08,2356.34814453125,2375.0,10164816.0,2345,2345.TW
2026-05-11,2569.65966796875,2590.0,8063084.0,2345,2345.TW
2026-05-12,2505.170166015625,2525.0,5559522.0,2345,2345.TW
2026-05-13,2415.876953125,2435.0,3697745.0,2345,2345.TW
2026-05-14,2653.9921875,2675.0,6883618.0,2345,2345.TW
2026-05-15,2485.3271484375,2505.0,6760600.0,2345,2345.TW
2026-05-18,2475.40576171875,2495.0,3039506.0,2345,2345.TW
2026-05-19,2371.23046875,2390.0,4082653.0,2345,2345.TW
2026-05-20,2336.50537109375,2355.0,4201941.0,2345,2345.TW
2026-05-21,2460.523681640625,2480.0,5317039.0,2345,2345.TW
2026-05-22,2450.60205078125,2470.0,2584018.0,2345,2345.TW
2026-05-25,2520.052490234375,2540.0,2529671.0,2345,2345.TW
2026-05-26,2599.424072265625,2620.0,3372224.0,2345,2345.TW
2026-05-27,2599.424072265625,2620.0,3795174.0,2345,2345.TW
2026-05-28,2415.876953125,2435.0,4511170.0,2345,2345.TW
2026-05-29,2410.916259765625,2430.0,6138040.0,2345,2345.TW
2026-06-01,2490.2880859375,2510.0,2374400.0,2345,2345.TW
2026-06-02,2405.95556640625,2425.0,3599143.0,2345,2345.TW
2026-06-03,2564.698974609375,2585.0,3818033.0,2345,2345.TW
2026-06-04,2490.2880859375,2510.0,2155489.0,2345,2345.TW
2026-06-05,2470.445068359375,2490.0,2436614.0,2345,2345.TW
2026-06-08,2400.994873046875,2420.0,3091255.0,2345,2345.TW
2026-06-09,2455.562744140625,2475.0,2425178.0,2345,2345.TW
2026-06-10,2346.4267578125,2365.0,3795901.0,2345,2345.TW
2026-06-11,2257.133544921875,2275.0,3415277.0,2345,2345.TW
2026-06-12,2316.662353515625,2335.0,2727344.0,2345,2345.TW
2026-06-15,2410.916259765625,2430.0,3232354.0,2345,2345.TW
2026-06-16,2500.20947265625,2520.0,2898710.0,2345,2345.TW
2026-06-17,2475.40576171875,2495.0,2493970.0,2345,2345.TW
2026-06-18,2415.876953125,2435.0,4075666.0,2345,2345.TW
2026-06-22,2574.620361328125,2595.0,3153980.0,2345,2345.TW
2026-06-23,2415.876953125,2435.0,3747091.0,2345,2345.TW
2026-06-24,2356.34814453125,2375.0,2867427.0,2345,2345.TW
2026-06-25,2361.308837890625,2380.0,4499168.0,2345,2345.TW
2026-06-26,2361.308837890625,2380.0,4724775.0,2345,2345.TW
2026-06-29,2321.623046875,2340.0,2925407.0,2345,2345.TW
2026-06-30,2475.40576171875,2495.0,3278649.0,2345,2345.TW
2026-07-01,2639.110107421875,2660.0,4250261.0,2345,2345.TW
2026-07-02,2728.403076171875,2750.0,4005048.0,2345,2345.TW
2026-07-03,2713.52099609375,2735.0,2924605.0,2345,2345.TW
2026-07-06,2624.227783203125,2645.0,2189561.0,2345,2345.TW
2026-07-07,2435.719970703125,2455.0,3746417.0,2345,2345.TW
2026-07-08,2396.0341796875,2415.0,3465804.0,2345,2345.TW
2026-07-09,2450.60205078125,2470.0,2765797.0,2345,2345.TW
2026-07-10,2450.60205078125,2470.0,0.0,2345,2345.TW
2026-07-13,2386.112548828125,2405.0,2027080.0,2345,2345.TW
2026-07-14,2262.09423828125,2280.0,2869461.0,2345,2345.TW
2026-07-15,2321.623046875,2340.0,1959848.0,2345,2345.TW
2026-07-16,2301.780029296875,2320.0,1209181.0,2345,2345.TW
2026-07-17,2073.58642578125,2090.0,3214713.0,2345,2345.TW
2026-07-20,2073.58642578125,2090.0,3853337.0,2345,2345.TW
2026-07-21,2202.5654296875,2220.0,1863406.0,2345,2345.TW
2026-07-22,2267.054931640625,2285.0,2816541.0,2345,2345.TW
2026-07-23,2306.740966796875,2325.0,1761522.0,2345,2345.TW
2026-07-24,2202.5654296875,2220.0,1533398.0,2345,2345.TW
2026-07-27,2222.408447265625,2240.0,1770502.0,2345,2345.TW
2026-07-28,2023.9791259765625,2040.0,2568271.0,2345,2345.TW
2026-07-29,1895.0,1910.0,3723989.0,2345,2345.TW
2026-07-30,1935.0,1935.0,3232432.0,2345,2345.TW
2026-07-31,2125.0,2125.0,949977.0,2345,2345.TW
2025-05-27,359.1985168457031,367.5,4513583.0,2308,2308.TW
2025-05-28,361.6420593261719,370.0,4201968.0,2308,2308.TW
2025-05-29,365.55169677734375,374.0,13005295.0,2308,2308.TW
2025-06-02,359.1985168457031,367.5,5906314.0,2308,2308.TW
2025-06-03,370.9274597167969,379.5,14118434.0,2308,2308.TW
2025-06-04,380.2128601074219,389.0,10651570.0,2308,2308.TW
2025-06-05,389.0095520019531,398.0,11147342.0,2308,2308.TW
2025-06-06,387.0547180175781,396.0,7562289.0,2308,2308.TW
2025-06-09,388.5208435058594,397.5,3767191.0,2308,2308.TW
2025-06-10,392.919189453125,402.0,6805847.0,2308,2308.TW
2025-06-11,392.919189453125,402.0,6391497.0,2308,2308.TW
2025-06-12,390.4756774902344,399.5,4715311.0,2308,2308.TW
2025-06-13,389.0095520019531,398.0,6256987.0,2308,2308.TW
2025-06-16,391.4530944824219,400.5,4977272.0,2308,2308.TW
2025-06-17,392.9452819824219,395.0,6977658.0,2308,2308.TW
2025-06-18,398.41668701171875,400.5,5519023.0,2308,2308.TW
2025-06-19,401.8984680175781,404.0,9073025.0,2308,2308.TW
2025-06-20,397.9192810058594,400.0,19669788.0,2308,2308.TW
2025-06-23,397.9192810058594,400.0,6099946.0,2308,2308.TW
2025-06-24,414.8308410644531,417.0,11116100.0,2308,2308.TW
2025-06-25,421.2970275878906,423.5,11108825.0,2308,2308.TW
2025-06-26,417.81524658203125,420.0,7336581.0,2308,2308.TW
2025-06-27,421.79443359375,424.0,7345295.0,2308,2308.TW
2025-06-30,410.8516540527344,413.0,5198117.0,2308,2308.TW
2025-07-01,425.77362060546875,428.0,10078725.0,2308,2308.TW
2025-07-02,427.26580810546875,429.5,6626261.0,2308,2308.TW
2025-07-03,456.61236572265625,459.0,22317749.0,2308,2308.TW
2025-07-04,454.6227722167969,457.0,14577748.0,2308,2308.TW
2025-07-07,447.6591796875,450.0,8986785.0,2308,2308.TW
2025-07-08,449.1513671875,451.5,10717852.0,2308,2308.TW
2025-07-09,448.65399169921875,451.0,11825025.0,2308,2308.TW
2025-07-10,479.9901123046875,482.5,22619776.0,2308,2308.TW
2025-07-11,480.4875183105469,483.0,13587750.0,2308,2308.TW
2025-07-14,470.53955078125,473.0,6912679.0,2308,2308.TW
2025-07-15,491.4302978515625,494.0,15644025.0,2308,2308.TW
2025-07-16,497.3990783691406,500.0,23245466.0,2308,2308.TW
2025-07-17,496.404296875,499.0,9166864.0,2308,2308.TW
2025-07-18,506.3522644042969,509.0,7238844.0,2308,2308.TW
2025-07-21,512.321044921875,515.0,9627700.0,2308,2308.TW
2025-07-22,510.33148193359375,513.0,13326683.0,2308,2308.TW
2025-07-23,517.2950439453125,520.0,10567662.0,2308,2308.TW
2025-07-24,515.3054809570312,518.0,9134695.0,2308,2308.TW
2025-07-25,514.3106689453125,517.0,8134464.0,2308,2308.TW
2025-07-28,519.28466796875,522.0,7048224.0,2308,2308.TW
2025-07-29,522.26904296875,525.0,7290167.0,2308,2308.TW
2025-07-30,527.2430419921875,530.0,7441150.0,2308,2308.TW
2025-07-31,564.0505981445312,567.0,14290496.0,2308,2308.TW
2025-08-04,589.9153442382812,593.0,11241547.0,2308,2308.TW
2025-08-05,628.7124633789062,632.0,20244945.0,2308,2308.TW
2025-08-06,617.7696533203125,621.0,20094089.0,2308,2308.TW
2025-08-07,619.75927734375,623.0,14701639.0,2308,2308.TW
2025-08-08,633.6864624023438,637.0,11940640.0,2308,2308.TW
2025-08-11,634.6812133789062,638.0,9087647.0,2308,2308.TW
2025-08-12,638.6604614257812,642.0,8669434.0,2308,2308.TW
2025-08-13,671.48876953125,675.0,23398116.0,2308,2308.TW
2025-08-14,666.5147705078125,670.0,11571094.0,2308,2308.TW
2025-08-15,682.4315795898438,686.0,14052732.0,2308,2308.TW
2025-08-18,684.421142578125,688.0,12090726.0,2308,2308.TW
2025-08-19,657.5615844726562,661.0,12791048.0,2308,2308.TW
2025-08-20,621.7488403320312,625.0,23360715.0,2308,2308.TW
2025-08-21,644.6292114257812,648.0,17291029.0,2308,2308.TW
2025-08-22,660.5460205078125,664.0,9862231.0,2308,2308.TW
2025-08-25,672.4835815429688,676.0,9498974.0,2308,2308.TW
2025-08-26,681.436767578125,685.0,10083437.0,2308,2308.TW
2025-08-27,716.2546997070312,720.0,15231644.0,2308,2308.TW
2025-08-28,705.3118896484375,709.0,8589429.0,2308,2308.TW
2025-08-29,707.301513671875,711.0,10833614.0,2308,2308.TW
2025-09-01,684.421142578125,688.0,13704967.0,2308,2308.TW
2025-09-02,681.436767578125,685.0,11127649.0,2308,2308.TW
2025-09-03,676.4627685546875,680.0,11506701.0,2308,2308.TW
2025-09-04,687.405517578125,691.0,9965095.0,2308,2308.TW
2025-09-05,722.2235107421875,726.0,14205816.0,2308,2308.TW
2025-09-08,722.2235107421875,726.0,11029416.0,2308,2308.TW
2025-09-09,779.9217529296875,784.0,20739103.0,2308,2308.TW
2025-09-10,832.6460571289062,837.0,22858768.0,2308,2308.TW
2025-09-11,826.6773071289062,831.0,25892416.0,2308,2308.TW
2025-09-12,832.6460571289062,837.0,19279803.0,2308,2308.TW
2025-09-15,831.6513061523438,836.0,11977009.0,2308,2308.TW
2025-09-16,836.625244140625,841.0,14964160.0,2308,2308.TW
2025-09-17,831.6513061523438,836.0,10046309.0,2308,2308.TW
2025-09-18,887.3599853515625,892.0,21414831.0,2308,2308.TW
2025-09-19,883.3807983398438,888.0,19564182.0,2308,2308.TW
2025-09-22,902.281982421875,907.0,14261438.0,2308,2308.TW
2025-09-23,888.3547973632812,893.0,16298095.0,2308,2308.TW
2025-09-24,886.3651733398438,891.0,15633116.0,2308,2308.TW
2025-09-25,879.401611328125,884.0,11493170.0,2308,2308.TW
2025-09-26,843.5888671875,848.0,18652130.0,2308,2308.TW
2025-09-30,849.5576782226562,854.0,16138286.0,2308,2308.TW
2025-10-01,866.46923828125,871.0,9681582.0,2308,2308.TW
2025-10-02,889.3495483398438,894.0,17801201.0,2308,2308.TW
2025-10-03,937.0999145507812,942.0,17752218.0,2308,2308.TW
2025-10-07,981.8657836914062,987.0,25013368.0,2308,2308.TW
2025-10-08,975.8970336914062,981.0,11682890.0,2308,2308.TW
2025-10-09,993.8034057617188,999.0,14545045.0,2308,2308.TW
2025-10-13,1024.64208984375,1030.0,23036958.0,2308,2308.TW
2025-10-14,986.8397827148438,992.0,19658119.0,2308,2308.TW
2025-10-15,1009.7201538085938,1015.0,12815338.0,2308,2308.TW
2025-10-16,1019.6681518554688,1025.0,7584072.0,2308,2308.TW
2025-10-17,993.8034057617188,999.0,12240453.0,2308,2308.TW
2025-10-20,1009.7201538085938,1015.0,11890513.0,2308,2308.TW
2025-10-21,1014.6941528320312,1020.0,7639845.0,2308,2308.TW
2025-10-22,1014.6941528320312,1020.0,5599702.0,2308,2308.TW
2025-10-23,1004.7461547851562,1010.0,5140862.0,2308,2308.TW
2025-10-27,1064.43408203125,1070.0,13894647.0,2308,2308.TW
2025-10-28,1069.4080810546875,1075.0,8604771.0,2308,2308.TW
2025-10-29,1054.486083984375,1060.0,12152233.0,2308,2308.TW
2025-10-30,1004.7461547851562,1010.0,21746938.0,2308,2308.TW
2025-10-31,989.82421875,995.0,18521789.0,2308,2308.TW
2025-11-03,977.8865966796875,983.0,14781907.0,2308,2308.TW
2025-11-04,969.92822265625,975.0,17580080.0,2308,2308.TW
2025-11-05,961.9698486328125,967.0,16538385.0,2308,2308.TW
2025-11-06,972.91259765625,978.0,9760798.0,2308,2308.TW
2025-11-07,959.980224609375,965.0,9119881.0,2308,2308.TW
2025-11-10,976.891845703125,982.0,10503689.0,2308,2308.TW
2025-11-11,966.94384765625,972.0,10930686.0,2308,2308.TW
2025-11-12,961.9698486328125,967.0,13794867.0,2308,2308.TW
2025-11-13,953.0166625976562,958.0,10534466.0,2308,2308.TW
2025-11-14,917.2039184570312,922.0,17956984.0,2308,2308.TW
2025-11-17,911.235107421875,916.0,10205990.0,2308,2308.TW
2025-11-18,893.3287963867188,898.0,12776058.0,2308,2308.TW
2025-11-19,889.3495483398438,894.0,11496641.0,2308,2308.TW
2025-11-20,949.0374755859375,954.0,15713499.0,2308,2308.TW
2025-11-21,890.3443603515625,895.0,16093630.0,2308,2308.TW
2025-11-24,888.3547973632812,893.0,18570764.0,2308,2308.TW
2025-11-25,905.266357421875,910.0,10214403.0,2308,2308.TW
2025-11-26,940.0842895507812,945.0,11021726.0,2308,2308.TW
2025-11-27,937.0999145507812,942.0,8485835.0,2308,2308.TW
2025-11-28,927.1519165039062,932.0,7920998.0,2308,2308.TW
2025-12-01,967.9386596679688,973.0,16772623.0,2308,2308.TW
2025-12-02,983.8554077148438,989.0,19606844.0,2308,2308.TW
2025-12-03,991.8137817382812,997.0,12394746.0,2308,2308.TW
2025-12-04,993.8034057617188,999.0,6602493.0,2308,2308.TW
2025-12-05,973.9074096679688,979.0,9363660.0,2308,2308.TW
2025-12-08,973.9074096679688,979.0,5590132.0,2308,2308.TW
2025-12-09,965.9490356445312,971.0,7569165.0,2308,2308.TW
2025-12-10,962.9646606445312,968.0,6126655.0,2308,2308.TW
2025-12-11,940.0842895507812,945.0,11239205.0,2308,2308.TW
2025-12-12,933.1206665039062,938.0,9026719.0,2308,2308.TW
2025-12-15,917.2039184570312,922.0,6527359.0,2308,2308.TW
2025-12-16,896.3131713867188,901.0,10227812.0,2308,2308.TW
2025-12-17,885.370361328125,890.0,12462736.0,2308,2308.TW
2025-12-18,886.3651733398438,891.0,6069232.0,2308,2308.TW
2025-12-19,906.2611694335938,911.0,12394315.0,2308,2308.TW
2025-12-22,948.0426635742188,953.0,13468014.0,2308,2308.TW
2025-12-23,938.0946655273438,943.0,5730016.0,2308,2308.TW
2025-12-24,950.0322875976562,955.0,4891620.0,2308,2308.TW
2025-12-26,951.0270385742188,956.0,3106463.0,2308,2308.TW
2025-12-29,956.995849609375,962.0,6073574.0,2308,2308.TW
2025-12-30,956.0010375976562,961.0,4433797.0,2308,2308.TW
2025-12-31,957.9906616210938,963.0,8863603.0,2308,2308.TW
2026-01-02,989.82421875,995.0,13024209.0,2308,2308.TW
2026-01-05,1004.7461547851562,1010.0,12466679.0,2308,2308.TW
2026-01-06,1044.5380859375,1050.0,16032166.0,2308,2308.TW
2026-01-07,1024.64208984375,1030.0,18172207.0,2308,2308.TW
2026-01-08,1004.7461547851562,1010.0,9003951.0,2308,2308.TW
2026-01-09,1009.7201538085938,1015.0,7391100.0,2308,2308.TW
2026-01-12,1049.5120849609375,1055.0,11344658.0,2308,2308.TW
2026-01-13,1024.64208984375,1030.0,11474459.0,2308,2308.TW
2026-01-14,1054.486083984375,1060.0,8593128.0,2308,2308.TW
2026-01-15,1039.5640869140625,1045.0,8172566.0,2308,2308.TW
2026-01-16,1119.14794921875,1125.0,22782095.0,2308,2308.TW
2026-01-19,1114.1739501953125,1120.0,12008197.0,2308,2308.TW
2026-01-20,1124.1219482421875,1130.0,7198430.0,2308,2308.TW
2026-01-21,1129.095947265625,1135.0,18083264.0,2308,2308.TW
2026-01-22,1238.523681640625,1245.0,19318986.0,2308,2308.TW
2026-01-23,1253.4456787109375,1260.0,17512693.0,2308,2308.TW
2026-01-26,1223.601806640625,1230.0,11798393.0,2308,2308.TW
2026-01-27,1243.4976806640625,1250.0,8618449.0,2308,2308.TW
2026-01-28,1273.3416748046875,1280.0,10930051.0,2308,2308.TW
2026-01-29,1248.4716796875,1255.0,12829784.0,2308,2308.TW
2026-01-30,1213.65380859375,1220.0,10202205.0,2308,2308.TW
2026-02-02,1168.8878173828125,1175.0,12433041.0,2308,2308.TW
2026-02-03,1208.6798095703125,1215.0,11004255.0,2308,2308.TW
2026-02-04,1203.705810546875,1210.0,7111184.0,2308,2308.TW
2026-02-05,1144.0179443359375,1150.0,14283127.0,2308,2308.TW
2026-02-06,1153.9659423828125,1160.0,10257879.0,2308,2308.TW
2026-02-09,1173.86181640625,1180.0,8765470.0,2308,2308.TW
2026-02-10,1178.8358154296875,1185.0,7916235.0,2308,2308.TW
2026-02-11,1253.4456787109375,1260.0,14422679.0,2308,2308.TW
2026-02-23,1298.211669921875,1305.0,21053140.0,2308,2308.TW
2026-02-24,1377.7955322265625,1385.0,13399510.0,2308,2308.TW
2026-02-25,1427.535400390625,1435.0,13893910.0,2308,2308.TW
2026-02-26,1422.5614013671875,1430.0,16681606.0,2308,2308.TW
2026-03-02,1417.58740234375,1425.0,14087742.0,2308,2308.TW
2026-03-03,1333.029541015625,1340.0,16095323.0,2308,2308.TW
2026-03-04,1248.4716796875,1255.0,16961184.0,2308,2308.TW
2026-03-05,1328.0555419921875,1335.0,13120905.0,2308,2308.TW
2026-03-06,1313.133544921875,1320.0,10254707.0,2308,2308.TW
2026-03-09,1213.65380859375,1220.0,21625496.0,2308,2308.TW
2026-03-10,1283.2896728515625,1290.0,11474848.0,2308,2308.TW
2026-03-11,1392.7174072265625,1400.0,13726816.0,2308,2308.TW
2026-03-12,1362.87353515625,1370.0,7368490.0,2308,2308.TW
2026-03-13,1377.7955322265625,1385.0,7461038.0,2308,2308.TW
2026-03-16,1352.925537109375,1360.0,5929443.0,2308,2308.TW
2026-03-17,1432.5093994140625,1440.0,12515796.0,2308,2308.TW
2026-03-18,1457.37939453125,1465.0,10696722.0,2308,2308.TW
2026-03-19,1447.431396484375,1455.0,7980699.0,2308,2308.TW
2026-03-20,1467.3272705078125,1475.0,15113545.0,2308,2308.TW
2026-03-23,1402.6654052734375,1410.0,12888516.0,2308,2308.TW
2026-03-24,1407.639404296875,1415.0,12355449.0,2308,2308.TW
2026-03-25,1541.9371337890625,1550.0,15224832.0,2308,2308.TW
2026-03-26,1507.1192626953125,1515.0,12323637.0,2308,2308.TW
2026-03-27,1502.145263671875,1510.0,10081583.0,2308,2308.TW
2026-03-30,1477.2752685546875,1485.0,11069480.0,2308,2308.TW
2026-03-31,1372.821533203125,1380.0,18001261.0,2308,2308.TW
2026-04-01,1467.3272705078125,1475.0,11380012.0,2308,2308.TW
2026-04-02,1422.5614013671875,1430.0,9316602.0,2308,2308.TW
2026-04-07,1507.1192626953125,1515.0,9471155.0,2308,2308.TW
2026-04-08,1656.3389892578125,1665.0,11931374.0,2308,2308.TW
2026-04-09,1636.4429931640625,1645.0,14632032.0,2308,2308.TW
2026-04-10,1725.974853515625,1735.0,10973678.0,2308,2308.TW
2026-04-13,1730.9488525390625,1740.0,6680545.0,2308,2308.TW
2026-04-14,1740.8968505859375,1750.0,9707370.0,2308,2308.TW
2026-04-15,1775.7147216796875,1785.0,9811750.0,2308,2308.TW
2026-04-16,1835.402587890625,1845.0,9212364.0,2308,2308.TW
2026-04-17,1830.4287109375,1840.0,8436351.0,2308,2308.TW
2026-04-20,1890.1165771484375,1900.0,9692483.0,2308,2308.TW
2026-04-21,2004.518310546875,2015.0,8888821.0,2308,2308.TW
2026-04-22,2004.518310546875,2015.0,10117948.0,2308,2308.TW
2026-04-23,1969.700439453125,1980.0,15088821.0,2308,2308.TW
2026-04-24,2064.206298828125,2075.0,10846873.0,2308,2308.TW
2026-04-27,2009.4923095703125,2020.0,13935817.0,2308,2308.TW
2026-04-28,2113.946044921875,2125.0,13898931.0,2308,2308.TW
2026-04-29,2153.738037109375,2165.0,11741236.0,2308,2308.TW
2026-04-30,2153.738037109375,2165.0,13424815.0,2308,2308.TW
2026-05-04,2208.451904296875,2220.0,11783423.0,2308,2308.TW
2026-05-05,2153.738037109375,2165.0,9420938.0,2308,2308.TW
2026-05-06,2198.50390625,2210.0,14353798.0,2308,2308.TW
2026-05-07,2268.139892578125,2280.0,14784421.0,2308,2308.TW
2026-05-08,2188.555908203125,2200.0,10393004.0,2308,2308.TW
2026-05-11,2233.322021484375,2245.0,8790271.0,2308,2308.TW
2026-05-12,2183.58203125,2195.0,11944561.0,2308,2308.TW
2026-05-13,2153.738037109375,2165.0,6913371.0,2308,2308.TW
2026-05-14,2143.7900390625,2155.0,6872103.0,2308,2308.TW
2026-05-15,2064.206298828125,2075.0,10469059.0,2308,2308.TW
2026-05-18,2009.4923095703125,2020.0,8419378.0,2308,2308.TW
2026-05-19,1905.03857421875,1915.0,13603182.0,2308,2308.TW
2026-05-20,1905.03857421875,1915.0,9789768.0,2308,2308.TW
2026-05-21,2019.4403076171875,2030.0,10651255.0,2308,2308.TW
2026-05-22,2084.102294921875,2095.0,7818792.0,2308,2308.TW
2026-05-25,2278.087890625,2290.0,10142736.0,2308,2308.TW
2026-05-26,2337.775634765625,2350.0,10816822.0,2308,2308.TW
2026-05-27,2506.891357421875,2520.0,12553894.0,2308,2308.TW
2026-05-28,2377.567626953125,2390.0,10222545.0,2308,2308.TW
2026-05-29,2432.281494140625,2445.0,16536758.0,2308,2308.TW
2026-06-01,2407.41162109375,2420.0,8049328.0,2308,2308.TW
2026-06-02,2347.7236328125,2360.0,10988523.0,2308,2308.TW
2026-06-03,2442.2294921875,2455.0,9586099.0,2308,2308.TW
2026-06-04,2412.385498046875,2425.0,7468543.0,2308,2308.TW
2026-06-05,2288.035888671875,2300.0,10553680.0,2308,2308.TW
2026-06-08,2243.27001953125,2255.0,13577277.0,2308,2308.TW
2026-06-09,2402.4375,2415.0,14588560.0,2308,2308.TW
2026-06-10,2188.555908203125,2200.0,15899110.0,2308,2308.TW
2026-06-11,2148.76416015625,2160.0,13885654.0,2308,2308.TW
2026-06-12,2203.47802734375,2215.0,9226158.0,2308,2308.TW
2026-06-15,2198.50390625,2210.0,8753968.0,2308,2308.TW
2026-06-16,2218.39990234375,2230.0,8686389.0,2308,2308.TW
2026-06-17,2155.0,2155.0,9738528.0,2308,2308.TW
2026-06-18,2150.0,2150.0,10417286.0,2308,2308.TW
2026-06-22,2150.0,2150.0,13464755.0,2308,2308.TW
2026-06-23,2080.0,2080.0,12891436.0,2308,2308.TW
2026-06-24,2000.0,2000.0,20264727.0,2308,2308.TW
2026-06-25,1980.0,1980.0,12022420.0,2308,2308.TW
2026-06-26,1810.0,1810.0,23031042.0,2308,2308.TW
2026-06-29,1905.0,1905.0,15526992.0,2308,2308.TW
2026-06-30,1950.0,1950.0,13304651.0,2308,2308.TW
2026-07-01,1990.0,1990.0,7908636.0,2308,2308.TW
2026-07-02,1970.0,1970.0,6297745.0,2308,2308.TW
2026-07-03,2075.0,2075.0,14301078.0,2308,2308.TW
2026-07-06,1995.0,1995.0,8145268.0,2308,2308.TW
2026-07-07,1890.0,1890.0,7758597.0,2308,2308.TW
2026-07-08,1885.0,1885.0,9971797.0,2308,2308.TW
2026-07-09,1880.0,1880.0,7841958.0,2308,2308.TW
2026-07-10,1880.0,1880.0,0.0,2308,2308.TW
2026-07-13,1890.0,1890.0,8806668.0,2308,2308.TW
2026-07-14,1855.0,1855.0,9524870.0,2308,2308.TW
2026-07-15,1890.0,1890.0,8404556.0,2308,2308.TW
2026-07-16,1905.0,1905.0,8268310.0,2308,2308.TW
2026-07-17,1740.0,1740.0,11858468.0,2308,2308.TW
2026-07-20,1705.0,1705.0,10772125.0,2308,2308.TW
2026-07-21,1835.0,1835.0,10098929.0,2308,2308.TW
2026-07-22,1880.0,1880.0,10969269.0,2308,2308.TW
2026-07-23,1880.0,1880.0,5618996.0,2308,2308.TW
2026-07-24,1785.0,1785.0,6241072.0,2308,2308.TW
2026-07-27,1755.0,1755.0,9059474.0,2308,2308.TW
2026-07-28,1580.0,1580.0,13486947.0,2308,2308.TW
2026-07-29,1495.0,1495.0,20678144.0,2308,2308.TW
2026-07-30,1530.0,1530.0,21777808.0,2308,2308.TW
2026-07-31,1640.0,1640.0,31264247.0,2308,2308.TW
2025-05-27,320.0636291503906,331.0,1020020.0,2360,2360.TW
2025-05-28,321.03057861328125,332.0,1154030.0,2360,2360.TW
2025-05-29,324.4149169921875,335.5,1469177.0,2360,2360.TW
2025-06-02,321.9975280761719,333.0,1521112.0,2360,2360.TW
2025-06-03,331.1836242675781,342.5,1143684.0,2360,2360.TW
2025-06-04,337.4688720703125,349.0,2271942.0,2360,2360.TW
2025-06-05,329.73321533203125,341.0,1663080.0,2360,2360.TW
2025-06-06,335.53497314453125,347.0,1040100.0,2360,2360.TW
2025-06-09,335.53497314453125,347.0,1947210.0,2360,2360.TW
2025-06-10,328.7662353515625,340.0,1738547.0,2360,2360.TW
2025-06-11,346.1715393066406,358.0,2050333.0,2360,2360.TW
2025-06-12,343.2706298828125,355.0,2236235.0,2360,2360.TW
2025-06-13,338.43585205078125,350.0,2544233.0,2360,2360.TW
2025-06-16,342.3036804199219,354.0,2772228.0,2360,2360.TW
2025-06-17,345.2045593261719,357.0,2835360.0,2360,2360.TW
2025-06-18,346.1715393066406,358.0,2637253.0,2360,2360.TW
2025-06-19,350.03936767578125,362.0,1843279.0,2360,2360.TW
2025-06-20,347.06451416015625,350.0,2569433.0,2360,2360.TW
2025-06-23,351.5267639160156,354.5,1327114.0,2360,2360.TW
2025-06-24,370.367431640625,373.5,3813318.0,2360,2360.TW
2025-06-25,387.72064208984375,391.0,4149345.0,2360,2360.TW
2025-06-26,426.3935546875,430.0,8410951.0,2360,2360.TW
2025-06-27,425.8977355957031,429.5,8079094.0,2360,2360.TW
2025-06-30,438.7887268066406,442.5,6354611.0,2360,2360.TW
2025-07-01,434.822265625,438.5,5983667.0,2360,2360.TW
2025-07-02,433.8306579589844,437.5,2856201.0,2360,2360.TW
2025-07-03,430.8558044433594,434.5,3579439.0,2360,2360.TW
2025-07-04,431.35162353515625,435.0,2021160.0,2360,2360.TW
2025-07-07,428.8725891113281,432.5,1819053.0,2360,2360.TW
2025-07-08,424.41033935546875,428.0,5010782.0,2360,2360.TW
2025-07-09,421.43548583984375,425.0,2429853.0,2360,2360.TW
2025-07-10,422.4270935058594,426.0,2774165.0,2360,2360.TW
2025-07-11,425.8977355957031,429.5,2174385.0,2360,2360.TW
2025-07-14,420.9396667480469,424.5,1258125.0,2360,2360.TW
2025-07-15,423.418701171875,427.0,2394020.0,2360,2360.TW
2025-07-16,427.3851623535156,431.0,2539373.0,2360,2360.TW
2025-07-17,428.37677001953125,432.0,1922430.0,2360,2360.TW
2025-07-18,430.8558044433594,434.5,1775543.0,2360,2360.TW
2025-07-21,425.8977355957031,429.5,1567822.0,2360,2360.TW
2025-07-22,421.43548583984375,425.0,4025612.0,2360,2360.TW
2025-07-23,405.5696716308594,409.0,4738811.0,2360,2360.TW
2025-07-24,404.082275390625,407.5,2669215.0,2360,2360.TW
2025-07-25,401.6032409667969,405.0,1003501.0,2360,2360.TW
2025-07-28,405.0738830566406,408.5,2531492.0,2360,2360.TW
2025-07-29,404.082275390625,407.5,2621009.0,2360,2360.TW
2025-07-30,406.561279296875,410.0,1721090.0,2360,2360.TW
2025-07-31,426.88934326171875,430.5,3785524.0,2360,2360.TW
2025-08-04,490.3525695800781,494.5,11657278.0,2360,2360.TW
2025-08-05,489.8567810058594,494.0,4624636.0,2360,2360.TW
2025-08-06,490.3525695800781,494.5,2989910.0,2360,2360.TW
2025-08-07,490.3525695800781,494.5,3730351.0,2360,2360.TW
2025-08-08,497.7896728515625,502.0,3371127.0,2360,2360.TW
2025-08-11,513.655517578125,518.0,3692377.0,2360,2360.TW
2025-08-12,500.7645263671875,505.0,1722164.0,2360,2360.TW
2025-08-13,504.73095703125,509.0,2285106.0,2360,2360.TW
2025-08-14,510.6806640625,515.0,1885270.0,2360,2360.TW
2025-08-15,516.6303100585938,521.0,1890523.0,2360,2360.TW
2025-08-18,523.5715942382812,528.0,1627671.0,2360,2360.TW
2025-08-19,508.6974182128906,513.0,1656243.0,2360,2360.TW
2025-08-20,486.8819274902344,491.0,2006959.0,2360,2360.TW
2025-08-21,499.7729187011719,504.0,1552502.0,2360,2360.TW
2025-08-22,492.83160400390625,497.0,1788143.0,2360,2360.TW
2025-08-25,507.705810546875,512.0,1633608.0,2360,2360.TW
2025-08-26,530.5128784179688,535.0,3147475.0,2360,2360.TW
2025-08-27,544.3955078125,549.0,5427474.0,2360,2360.TW
2025-08-28,551.3367919921875,556.0,1955522.0,2360,2360.TW
2025-08-29,576.1270751953125,581.0,7356579.0,2360,2360.TW
2025-09-01,554.3116455078125,559.0,3347938.0,2360,2360.TW
2025-09-02,551.3367919921875,556.0,3719035.0,2360,2360.TW
2025-09-03,541.420654296875,546.0,2365630.0,2360,2360.TW
2025-09-04,538.44580078125,543.0,1608181.0,2360,2360.TW
2025-09-05,567.2025756835938,572.0,3147023.0,2360,2360.TW
2025-09-08,565.2193603515625,570.0,1894737.0,2360,2360.TW
2025-09-09,571.1690673828125,576.0,2464724.0,2360,2360.TW
2025-09-10,575.135498046875,580.0,3031315.0,2360,2360.TW
2025-09-11,569.185791015625,574.0,2124255.0,2360,2360.TW
2025-09-12,566.2109985351562,571.0,2351617.0,2360,2360.TW
2025-09-15,547.3703002929688,552.0,2015338.0,2360,2360.TW
2025-09-16,551.3367919921875,556.0,1697306.0,2360,2360.TW
2025-09-17,561.2529296875,566.0,1723142.0,2360,2360.TW
2025-09-18,608.850341796875,614.0,4500543.0,2360,2360.TW
2025-09-19,592.9844970703125,598.0,4323379.0,2360,2360.TW
2025-09-22,590.0097045898438,595.0,3190223.0,2360,2360.TW
2025-09-23,608.850341796875,614.0,4743047.0,2360,2360.TW
2025-09-24,597.9425659179688,603.0,3107512.0,2360,2360.TW
2025-09-25,591.0012817382812,596.0,2511260.0,2360,2360.TW
2025-09-26,559.2696533203125,564.0,3096857.0,2360,2360.TW
2025-09-30,574.1438598632812,579.0,2366764.0,2360,2360.TW
2025-10-01,600.9174194335938,606.0,3657331.0,2360,2360.TW
2025-10-02,628.6825561523438,634.0,5574221.0,2360,2360.TW
2025-10-03,633.640625,639.0,2930521.0,2360,2360.TW
2025-10-07,642.565185546875,648.0,4062331.0,2360,2360.TW
2025-10-08,626.6993408203125,632.0,3087179.0,2360,2360.TW
2025-10-09,616.783203125,622.0,3176643.0,2360,2360.TW
2025-10-13,638.5986938476562,644.0,5481295.0,2360,2360.TW
2025-10-14,657.4393310546875,663.0,9532180.0,2360,2360.TW
2025-10-15,681.2380981445312,687.0,5510339.0,2360,2360.TW
2025-10-16,688.1793823242188,694.0,4161415.0,2360,2360.TW
2025-10-17,656.44775390625,662.0,3713252.0,2360,2360.TW
2025-10-20,650.498046875,656.0,3042622.0,2360,2360.TW
2025-10-21,671.3219604492188,677.0,2820099.0,2360,2360.TW
2025-10-22,687.187744140625,693.0,2982346.0,2360,2360.TW
2025-10-23,686.1961059570312,692.0,2603086.0,2360,2360.TW
2025-10-27,731.810302734375,738.0,5583137.0,2360,2360.TW
2025-10-28,735.7767944335938,742.0,3869666.0,2360,2360.TW
2025-10-29,781.3909912109375,788.0,6056800.0,2360,2360.TW
2025-10-30,797.2567749023438,804.0,6223901.0,2360,2360.TW
2025-10-31,812.1309814453125,819.0,5268435.0,2360,2360.TW
2025-11-03,804.1980590820312,811.0,4746711.0,2360,2360.TW
2025-11-04,769.4916381835938,776.0,4679290.0,2360,2360.TW
2025-11-05,755.6090087890625,762.0,5763320.0,2360,2360.TW
2025-11-06,746.6845092773438,753.0,5349454.0,2360,2360.TW
2025-11-07,734.78515625,741.0,2883363.0,2360,2360.TW
2025-11-10,737.760009765625,744.0,2832920.0,2360,2360.TW
2025-11-11,753.6257934570312,760.0,4500031.0,2360,2360.TW
2025-11-12,791.30712890625,798.0,5996805.0,2360,2360.TW
2025-11-13,800.2316284179688,807.0,5417891.0,2360,2360.TW
2025-11-14,778.4161376953125,785.0,4569912.0,2360,2360.TW
2025-11-17,767.5084228515625,774.0,4268785.0,2360,2360.TW
2025-11-18,739.7432250976562,746.0,5341584.0,2360,2360.TW
2025-11-19,763.5419311523438,770.0,4931222.0,2360,2360.TW
2025-11-20,801.2232055664062,808.0,4178913.0,2360,2360.TW
2025-11-21,767.5084228515625,774.0,4074154.0,2360,2360.TW
2025-11-24,803.2064819335938,810.0,36521365.0,2360,2360.TW
2025-11-25,822.047119140625,829.0,7450798.0,2360,2360.TW
2025-11-26,793.2903442382812,800.0,4624495.0,2360,2360.TW
2025-11-27,804.1980590820312,811.0,2550426.0,2360,2360.TW
2025-11-28,812.1309814453125,819.0,5226936.0,2360,2360.TW
2025-12-01,778.4161376953125,785.0,4328112.0,2360,2360.TW
2025-12-02,771.474853515625,778.0,5923779.0,2360,2360.TW
2025-12-03,798.2484130859375,805.0,3631347.0,2360,2360.TW
2025-12-04,769.4916381835938,776.0,2905201.0,2360,2360.TW
2025-12-05,789.3238525390625,796.0,2140722.0,2360,2360.TW
2025-12-08,798.2484130859375,805.0,1897329.0,2360,2360.TW
2025-12-09,801.2232055664062,808.0,3213656.0,2360,2360.TW
2025-12-10,793.2903442382812,800.0,2029463.0,2360,2360.TW
2025-12-11,789.3238525390625,796.0,2907924.0,2360,2360.TW
2025-12-12,798.2484130859375,805.0,2632486.0,2360,2360.TW
2025-12-15,762.5503540039062,769.0,3959097.0,2360,2360.TW
2025-12-16,739.7432250976562,746.0,4822700.0,2360,2360.TW
2025-12-17,733.7935791015625,740.0,2459025.0,2360,2360.TW
2025-12-18,721.8942260742188,728.0,3335535.0,2360,2360.TW
2025-12-19,734.78515625,741.0,13167588.0,2360,2360.TW
2025-12-22,749.6593627929688,756.0,3122154.0,2360,2360.TW
2025-12-23,756.6006469726562,763.0,2939408.0,2360,2360.TW
2025-12-24,764.5335693359375,771.0,1758351.0,2360,2360.TW
2025-12-26,782.382568359375,789.0,2482075.0,2360,2360.TW
2025-12-29,774.44970703125,781.0,1711448.0,2360,2360.TW
2025-12-30,783.3742065429688,790.0,1411278.0,2360,2360.TW
2025-12-31,768.5,775.0,2335646.0,2360,2360.TW
2026-01-02,789.3238525390625,796.0,2331484.0,2360,2360.TW
2026-01-05,804.1980590820312,811.0,2480870.0,2360,2360.TW
2026-01-06,848.8206787109375,856.0,4503329.0,2360,2360.TW
2026-01-07,914.26708984375,922.0,5217240.0,2360,2360.TW
2026-01-08,917.241943359375,925.0,4156881.0,2360,2360.TW
2026-01-09,915.2587280273438,923.0,2219233.0,2360,2360.TW
2026-01-12,945.9987182617188,954.0,3110432.0,2360,2360.TW
2026-01-13,975.7471313476562,984.0,3316328.0,2360,2360.TW
2026-01-14,980.7051391601562,989.0,2815931.0,2360,2360.TW
2026-01-15,957.8980712890625,966.0,2046602.0,2360,2360.TW
2026-01-16,980.7051391601562,989.0,1798781.0,2360,2360.TW
2026-01-19,942.0322875976562,950.0,2594080.0,2360,2360.TW
2026-01-20,1021.361328125,1030.0,4413521.0,2360,2360.TW
2026-01-21,986.6548461914062,995.0,3382098.0,2360,2360.TW
2026-01-22,1001.529052734375,1010.0,2738439.0,2360,2360.TW
2026-01-23,1016.4032592773438,1025.0,1764372.0,2360,2360.TW
2026-01-26,1006.4871215820312,1015.0,1787271.0,2360,2360.TW
2026-01-27,1026.3193359375,1035.0,1795628.0,2360,2360.TW
2026-01-28,1026.3193359375,1035.0,2292450.0,2360,2360.TW
2026-01-29,1006.4871215820312,1015.0,2130793.0,2360,2360.TW
2026-01-30,971.7806396484375,980.0,2954527.0,2360,2360.TW
2026-02-02,962.8561401367188,971.0,1954797.0,2360,2360.TW
2026-02-03,1031.2774658203125,1040.0,3124678.0,2360,2360.TW
2026-02-04,1021.361328125,1030.0,1921257.0,2360,2360.TW
2026-02-05,965.8309936523438,974.0,2952068.0,2360,2360.TW
2026-02-06,958.8897094726562,967.0,2424453.0,2360,2360.TW
2026-02-09,1021.361328125,1030.0,2501799.0,2360,2360.TW
2026-02-10,1031.2774658203125,1040.0,1397145.0,2360,2360.TW
2026-02-11,1041.193603515625,1050.0,1640232.0,2360,2360.TW
2026-02-23,1145.3128662109375,1155.0,3797450.0,2360,2360.TW
2026-02-24,1214.725830078125,1225.0,4996994.0,2360,2360.TW
2026-02-25,1244.4742431640625,1255.0,3534909.0,2360,2360.TW
2026-02-26,1368.42578125,1380.0,2554718.0,2360,2360.TW
2026-03-02,1502.2935791015625,1515.0,10372732.0,2360,2360.TW
2026-03-03,1383.300048828125,1395.0,4205742.0,2360,2360.TW
2026-03-04,1328.7613525390625,1340.0,4465634.0,2360,2360.TW
2026-03-05,1393.2161865234375,1405.0,2771752.0,2360,2360.TW
2026-03-06,1363.4677734375,1375.0,1537225.0,2360,2360.TW
2026-03-09,1229.5999755859375,1240.0,2947315.0,2360,2360.TW
2026-03-10,1348.593505859375,1360.0,2685364.0,2360,2360.TW
2026-03-11,1482.4613037109375,1495.0,1684645.0,2360,2360.TW
2026-03-12,1482.4613037109375,1495.0,2172799.0,2360,2360.TW
2026-03-13,1517.167724609375,1530.0,2560423.0,2360,2360.TW
2026-03-16,1437.8387451171875,1450.0,2037843.0,2360,2360.TW
2026-03-17,1457.6710205078125,1470.0,5748919.0,2360,2360.TW
2026-03-18,1551.8741455078125,1565.0,5008050.0,2360,2360.TW
2026-03-19,1581.62255859375,1595.0,4616559.0,2360,2360.TW
2026-03-20,1571.7064208984375,1585.0,4972025.0,2360,2360.TW
2026-03-23,1507.2515869140625,1520.0,3441820.0,2360,2360.TW
2026-03-24,1467.587158203125,1480.0,4164492.0,2360,2360.TW
2026-03-25,1611.3709716796875,1625.0,2223619.0,2360,2360.TW
2026-03-26,1626.2451171875,1640.0,5746398.0,2360,2360.TW
2026-03-27,1601.454833984375,1615.0,3531525.0,2360,2360.TW
2026-03-30,1611.3709716796875,1625.0,3053434.0,2360,2360.TW
2026-03-31,1452.712890625,1465.0,4865662.0,2360,2360.TW
2026-04-01,1596.496826171875,1610.0,4298521.0,2360,2360.TW
2026-04-02,1522.1258544921875,1535.0,5784963.0,2360,2360.TW
2026-04-07,1556.832275390625,1570.0,3272791.0,2360,2360.TW
2026-04-08,1710.5322265625,1725.0,2355088.0,2360,2360.TW
2026-04-09,1824.5677490234375,1840.0,6290541.0,2360,2360.TW
2026-04-10,1770.029052734375,1785.0,3885471.0,2360,2360.TW
2026-04-13,1864.2322998046875,1880.0,4508003.0,2360,2360.TW
2026-04-14,1824.5677490234375,1840.0,3249167.0,2360,2360.TW
2026-04-15,2003.05810546875,2020.0,2822803.0,2360,2360.TW
2026-04-16,2032.8065185546875,2050.0,6649622.0,2360,2360.TW
2026-04-17,2236.087158203125,2255.0,5102149.0,2360,2360.TW
2026-04-20,2032.8065185546875,2050.0,7989339.0,2360,2360.TW
2026-04-21,2008.01611328125,2025.0,5637728.0,2360,2360.TW
2026-04-22,2012.9742431640625,2030.0,3878857.0,2360,2360.TW
2026-04-23,1923.72900390625,1940.0,5669018.0,2360,2360.TW
2026-04-24,1903.896728515625,1920.0,3157293.0,2360,2360.TW
2026-04-27,1908.8548583984375,1925.0,4759514.0,2360,2360.TW
2026-04-28,2047.6806640625,2065.0,4254849.0,2360,2360.TW
2026-04-29,2037.7645263671875,2055.0,2407731.0,2360,2360.TW
2026-04-30,2102.219482421875,2120.0,3768367.0,2360,2360.TW
2026-05-04,2290.625732421875,2310.0,6134497.0,2360,2360.TW
2026-05-05,2216.2548828125,2235.0,3896630.0,2360,2360.TW
2026-05-06,2325.332275390625,2345.0,6237671.0,2360,2360.TW
2026-05-07,2305.5,2325.0,3985907.0,2360,2360.TW
2026-05-08,2211.296875,2230.0,3914685.0,2360,2360.TW
2026-05-11,2340.20654296875,2360.0,3176719.0,2360,2360.TW
2026-05-12,2419.535400390625,2440.0,4335142.0,2360,2360.TW
2026-05-13,2384.8291015625,2405.0,2442863.0,2360,2360.TW
2026-05-14,2241.045166015625,2260.0,4549275.0,2360,2360.TW
2026-05-15,2221.212890625,2240.0,3005280.0,2360,2360.TW
2026-05-18,2166.67431640625,2185.0,2141525.0,2360,2360.TW
2026-05-19,2037.7645263671875,2055.0,4112844.0,2360,2360.TW
2026-05-20,2047.6806640625,2065.0,1827077.0,2360,2360.TW
2026-05-21,2250.96142578125,2270.0,1453115.0,2360,2360.TW
2026-05-22,2250.96142578125,2270.0,3561507.0,2360,2360.TW
2026-05-25,2439.36767578125,2460.0,2535639.0,2360,2360.TW
2026-05-26,2479.0322265625,2500.0,2724190.0,2360,2360.TW
2026-05-27,2602.98388671875,2625.0,2502927.0,2360,2360.TW
2026-05-28,2548.445068359375,2570.0,3858538.0,2360,2360.TW
2026-05-29,2498.864501953125,2520.0,5231893.0,2360,2360.TW
2026-06-01,2558.361328125,2580.0,2871317.0,2360,2360.TW
2026-06-02,2399.703125,2420.0,2827967.0,2360,2360.TW
2026-06-03,2523.65478515625,2545.0,1533586.0,2360,2360.TW
2026-06-04,2598.02587890625,2620.0,2380037.0,2360,2360.TW
2026-06-05,2543.487060546875,2565.0,2287511.0,2360,2360.TW
2026-06-08,2429.45166015625,2450.0,3063248.0,2360,2360.TW
2026-06-09,2369.954833984375,2390.0,3160585.0,2360,2360.TW
2026-06-10,2191.464599609375,2210.0,3025787.0,2360,2360.TW
2026-06-11,2171.63232421875,2190.0,2992637.0,2360,2360.TW
2026-06-12,2275.751708984375,2295.0,1496188.0,2360,2360.TW
2026-06-15,2246.003173828125,2265.0,1908501.0,2360,2360.TW
2026-06-16,2305.5,2325.0,2383176.0,2360,2360.TW
2026-06-17,2230.0,2230.0,2611870.0,2360,2360.TW
2026-06-18,2310.0,2310.0,1905599.0,2360,2360.TW
2026-06-22,2310.0,2310.0,2505254.0,2360,2360.TW
2026-06-23,2265.0,2265.0,1345570.0,2360,2360.TW
2026-06-24,2160.0,2160.0,2751483.0,2360,2360.TW
2026-06-25,2185.0,2185.0,1547514.0,2360,2360.TW
2026-06-26,2035.0,2035.0,1990557.0,2360,2360.TW
2026-06-29,2080.0,2080.0,1809532.0,2360,2360.TW
2026-06-30,2160.0,2160.0,2297416.0,2360,2360.TW
2026-07-01,2270.0,2270.0,2622296.0,2360,2360.TW
2026-07-02,2210.0,2210.0,1512181.0,2360,2360.TW
2026-07-03,2265.0,2265.0,1615368.0,2360,2360.TW
2026-07-06,2180.0,2180.0,1401338.0,2360,2360.TW
2026-07-07,1965.0,1965.0,2503330.0,2360,2360.TW
2026-07-08,1855.0,1855.0,5582441.0,2360,2360.TW
2026-07-09,1820.0,1820.0,2887344.0,2360,2360.TW
2026-07-10,1820.0,1820.0,0.0,2360,2360.TW
2026-07-13,1850.0,1850.0,2261703.0,2360,2360.TW
2026-07-14,1820.0,1820.0,2562217.0,2360,2360.TW
2026-07-15,1905.0,1905.0,2340133.0,2360,2360.TW
2026-07-16,1990.0,1990.0,3509463.0,2360,2360.TW
2026-07-17,1850.0,1850.0,3756324.0,2360,2360.TW
2026-07-20,1835.0,1835.0,2267489.0,2360,2360.TW
2026-07-21,2015.0,2015.0,3295493.0,2360,2360.TW
2026-07-22,2125.0,2125.0,3910476.0,2360,2360.TW
2026-07-23,2155.0,2155.0,2153229.0,2360,2360.TW
2026-07-24,2080.0,2080.0,2149872.0,2360,2360.TW
2026-07-27,2100.0,2100.0,2164254.0,2360,2360.TW
2026-07-28,1940.0,1940.0,3070311.0,2360,2360.TW
2026-07-29,1835.0,1835.0,3650204.0,2360,2360.TW
2026-07-30,1910.0,1910.0,5066086.0,2360,2360.TW
2026-07-31,2100.0,2100.0,6099695.0,2360,2360.TW
2025-05-27,602.7269287109375,608.0,3442502.0,3017,3017.TW
2025-05-28,608.6748657226562,614.0,6210461.0,3017,3017.TW
2025-05-29,614.6228637695312,620.0,6688661.0,3017,3017.TW
2025-06-02,623.5447998046875,629.0,6872923.0,3017,3017.TW
2025-06-03,653.2846069335938,659.0,17121623.0,3017,3017.TW
2025-06-04,675.0938110351562,681.0,16585321.0,3017,3017.TW
2025-06-05,670.1371459960938,676.0,6181632.0,3017,3017.TW
2025-06-06,675.0938110351562,681.0,9548252.0,3017,3017.TW
2025-06-09,676.0851440429688,682.0,7023370.0,3017,3017.TW
2025-06-10,694.9203491210938,701.0,9180053.0,3017,3017.TW
2025-06-11,717.7208862304688,724.0,11269547.0,3017,3017.TW
2025-06-12,752.4172973632812,759.0,18820328.0,3017,3017.TW
2025-06-13,756.3826293945312,763.0,10125490.0,3017,3017.TW
2025-06-16,743.495361328125,750.0,8193823.0,3017,3017.TW
2025-06-17,750.4346923828125,757.0,10079702.0,3017,3017.TW
2025-06-18,723.6688232421875,730.0,11974375.0,3017,3017.TW
2025-06-19,734.5734252929688,741.0,7772630.0,3017,3017.TW
2025-06-20,727.6341552734375,734.0,9003360.0,3017,3017.TW
2025-06-23,722.677490234375,729.0,5353035.0,3017,3017.TW
2025-06-24,730.6080932617188,737.0,5785965.0,3017,3017.TW
2025-06-25,738.5387573242188,745.0,6990162.0,3017,3017.TW
2025-06-26,731.5994262695312,738.0,5720978.0,3017,3017.TW
2025-06-27,730.6080932617188,737.0,3957384.0,3017,3017.TW
2025-06-30,736.5560913085938,743.0,3853188.0,3017,3017.TW
2025-07-01,748.4520263671875,755.0,9348564.0,3017,3017.TW
2025-07-02,752.4172973632812,759.0,9599231.0,3017,3017.TW
2025-07-03,776.2091674804688,783.0,12254620.0,3017,3017.TW
2025-07-04,770.26123046875,777.0,8961233.0,3017,3017.TW
2025-07-07,755.3912963867188,762.0,5443195.0,3017,3017.TW
2025-07-08,788.1051025390625,795.0,8079243.0,3017,3017.TW
2025-07-09,803.96630859375,811.0,8475829.0,3017,3017.TW
2025-07-10,837.6714477539062,845.0,10634897.0,3017,3017.TW
2025-07-11,819.8275756835938,827.0,8614695.0,3017,3017.TW
2025-07-14,821.8102416992188,829.0,4772309.0,3017,3017.TW
2025-07-15,845.60205078125,853.0,7873891.0,3017,3017.TW
2025-07-16,840.6454467773438,848.0,8740460.0,3017,3017.TW
2025-07-17,836.6801147460938,844.0,6091914.0,3017,3017.TW
2025-07-18,883.2725219726562,891.0,9706190.0,3017,3017.TW
2025-07-21,864.4373168945312,872.0,7050925.0,3017,3017.TW
2025-07-22,844.6107177734375,852.0,6910340.0,3017,3017.TW
2025-07-23,836.6801147460938,844.0,6403426.0,3017,3017.TW
2025-07-24,848.5760498046875,856.0,5187324.0,3017,3017.TW
2025-07-25,841.6367797851562,849.0,3855165.0,3017,3017.TW
2025-07-28,865.4285888671875,873.0,4794383.0,3017,3017.TW
2025-07-29,870.38525390625,878.0,5638691.0,3017,3017.TW
2025-07-30,864.4373168945312,872.0,5638403.0,3017,3017.TW
2025-07-31,914.9949951171875,923.0,10850147.0,3017,3017.TW
2025-08-04,925.8995971679688,934.0,6557591.0,3017,3017.TW
2025-08-05,968.526611328125,977.0,9775507.0,3017,3017.TW
2025-08-06,996.2838134765625,1005.0,8438265.0,3017,3017.TW
2025-08-07,1016.1103515625,1025.0,4524387.0,3017,3017.TW
2025-08-08,1080.546630859375,1090.0,8848750.0,3017,3017.TW
2025-08-11,1070.63330078125,1080.0,6005499.0,3017,3017.TW
2025-08-12,1080.546630859375,1090.0,4502550.0,3017,3017.TW
2025-08-13,1110.286376953125,1120.0,6198804.0,3017,3017.TW
2025-08-14,1065.6767578125,1075.0,8050968.0,3017,3017.TW
2025-08-15,1060.7200927734375,1070.0,3557813.0,3017,3017.TW
2025-08-18,1135.069580078125,1145.0,7547821.0,3017,3017.TW
2025-08-19,1070.0,1070.0,6836188.0,3017,3017.TW
2025-08-20,1005.0,1005.0,7216675.0,3017,3017.TW
2025-08-21,1050.0,1050.0,6156464.0,3017,3017.TW
2025-08-22,1030.0,1030.0,3340173.0,3017,3017.TW
2025-08-25,1060.0,1060.0,4590197.0,3017,3017.TW
2025-08-26,1025.0,1025.0,5595110.0,3017,3017.TW
2025-08-27,1050.0,1050.0,4504501.0,3017,3017.TW
2025-08-28,1015.0,1015.0,7721552.0,3017,3017.TW
2025-08-29,1010.0,1010.0,5764969.0,3017,3017.TW
2025-09-01,941.0,941.0,12346922.0,3017,3017.TW
2025-09-02,949.0,949.0,7277384.0,3017,3017.TW
2025-09-03,936.0,936.0,5047978.0,3017,3017.TW
2025-09-04,935.0,935.0,6550794.0,3017,3017.TW
2025-09-05,944.0,944.0,8920298.0,3017,3017.TW
2025-09-08,964.0,964.0,8951099.0,3017,3017.TW
2025-09-09,961.0,961.0,7443265.0,3017,3017.TW
2025-09-10,979.0,979.0,10471694.0,3017,3017.TW
2025-09-11,1025.0,1025.0,15486134.0,3017,3017.TW
2025-09-12,1050.0,1050.0,12102099.0,3017,3017.TW
2025-09-15,1045.0,1045.0,9610862.0,3017,3017.TW
2025-09-16,1040.0,1040.0,7018668.0,3017,3017.TW
2025-09-17,1005.0,1005.0,6315801.0,3017,3017.TW
2025-09-18,1055.0,1055.0,7811721.0,3017,3017.TW
2025-09-19,1040.0,1040.0,6282208.0,3017,3017.TW
2025-09-22,1015.0,1015.0,5052430.0,3017,3017.TW
2025-09-23,1015.0,1015.0,6488212.0,3017,3017.TW
2025-09-24,994.0,994.0,10312865.0,3017,3017.TW
2025-09-25,960.0,960.0,7579919.0,3017,3017.TW
2025-09-26,941.0,941.0,5357455.0,3017,3017.TW
2025-09-30,981.0,981.0,5875856.0,3017,3017.TW
2025-10-01,1025.0,1025.0,9168707.0,3017,3017.TW
2025-10-02,1100.0,1100.0,14311648.0,3017,3017.TW
2025-10-03,1165.0,1165.0,11427599.0,3017,3017.TW
2025-10-07,1150.0,1150.0,9230028.0,3017,3017.TW
2025-10-08,1145.0,1145.0,7029325.0,3017,3017.TW
2025-10-09,1170.0,1170.0,6080341.0,3017,3017.TW
2025-10-13,1160.0,1160.0,6708911.0,3017,3017.TW
2025-10-14,1155.0,1155.0,12839292.0,3017,3017.TW
2025-10-15,1220.0,1220.0,9608767.0,3017,3017.TW
2025-10-16,1195.0,1195.0,5410652.0,3017,3017.TW
2025-10-17,1150.0,1150.0,6900446.0,3017,3017.TW
2025-10-20,1140.0,1140.0,6060554.0,3017,3017.TW
2025-10-21,1155.0,1155.0,5691524.0,3017,3017.TW
2025-10-22,1175.0,1175.0,4378511.0,3017,3017.TW
2025-10-23,1170.0,1170.0,3692328.0,3017,3017.TW
2025-10-27,1190.0,1190.0,5745794.0,3017,3017.TW
2025-10-28,1300.0,1300.0,13049386.0,3017,3017.TW
2025-10-29,1330.0,1330.0,7697303.0,3017,3017.TW
2025-10-30,1410.0,1410.0,11331052.0,3017,3017.TW
2025-10-31,1425.0,1425.0,6700421.0,3017,3017.TW
2025-11-03,1495.0,1495.0,6442390.0,3017,3017.TW
2025-11-04,1435.0,1435.0,5517289.0,3017,3017.TW
2025-11-05,1445.0,1445.0,10733047.0,3017,3017.TW
2025-11-06,1495.0,1495.0,6353435.0,3017,3017.TW
2025-11-07,1465.0,1465.0,5987568.0,3017,3017.TW
2025-11-10,1550.0,1550.0,7976463.0,3017,3017.TW
2025-11-11,1540.0,1540.0,7258844.0,3017,3017.TW
2025-11-12,1505.0,1505.0,7683395.0,3017,3017.TW
2025-11-13,1495.0,1495.0,6499940.0,3017,3017.TW
2025-11-14,1420.0,1420.0,9079417.0,3017,3017.TW
2025-11-17,1420.0,1420.0,4932306.0,3017,3017.TW
2025-11-18,1370.0,1370.0,5524709.0,3017,3017.TW
2025-11-19,1340.0,1340.0,5241748.0,3017,3017.TW
2025-11-20,1335.0,1335.0,8564629.0,3017,3017.TW
2025-11-21,1240.0,1240.0,12370568.0,3017,3017.TW
2025-11-24,1245.0,1245.0,7875892.0,3017,3017.TW
2025-11-25,1315.0,1315.0,10337601.0,3017,3017.TW
2025-11-26,1385.0,1385.0,8053241.0,3017,3017.TW
2025-11-27,1395.0,1395.0,6437552.0,3017,3017.TW
2025-11-28,1375.0,1375.0,4417677.0,3017,3017.TW
2025-12-01,1340.0,1340.0,4670110.0,3017,3017.TW
2025-12-02,1315.0,1315.0,7298967.0,3017,3017.TW
2025-12-03,1355.0,1355.0,5634614.0,3017,3017.TW
2025-12-04,1325.0,1325.0,5307245.0,3017,3017.TW
2025-12-05,1385.0,1385.0,8021119.0,3017,3017.TW
2025-12-08,1385.0,1385.0,3734437.0,3017,3017.TW
2025-12-09,1410.0,1410.0,6528252.0,3017,3017.TW
2025-12-10,1425.0,1425.0,4566907.0,3017,3017.TW
2025-12-11,1430.0,1430.0,6634551.0,3017,3017.TW
2025-12-12,1425.0,1425.0,5685160.0,3017,3017.TW
2025-12-15,1380.0,1380.0,5303802.0,3017,3017.TW
2025-12-16,1345.0,1345.0,4332822.0,3017,3017.TW
2025-12-17,1340.0,1340.0,2831291.0,3017,3017.TW
2025-12-18,1360.0,1360.0,1866410.0,3017,3017.TW
2025-12-19,1450.0,1450.0,5930037.0,3017,3017.TW
2025-12-22,1475.0,1475.0,5044154.0,3017,3017.TW
2025-12-23,1510.0,1510.0,3819676.0,3017,3017.TW
2025-12-24,1500.0,1500.0,2517267.0,3017,3017.TW
2025-12-26,1520.0,1520.0,2322343.0,3017,3017.TW
2025-12-29,1545.0,1545.0,3279546.0,3017,3017.TW
2025-12-30,1530.0,1530.0,1830333.0,3017,3017.TW
2025-12-31,1510.0,1510.0,3169019.0,3017,3017.TW
2026-01-02,1455.0,1455.0,5368381.0,3017,3017.TW
2026-01-05,1450.0,1450.0,4128760.0,3017,3017.TW
2026-01-06,1425.0,1425.0,6261562.0,3017,3017.TW
2026-01-07,1375.0,1375.0,7766610.0,3017,3017.TW
2026-01-08,1355.0,1355.0,7288326.0,3017,3017.TW
2026-01-09,1375.0,1375.0,6525869.0,3017,3017.TW
2026-01-12,1355.0,1355.0,5240176.0,3017,3017.TW
2026-01-13,1345.0,1345.0,4285306.0,3017,3017.TW
2026-01-14,1420.0,1420.0,5943724.0,3017,3017.TW
2026-01-15,1380.0,1380.0,4936072.0,3017,3017.TW
2026-01-16,1360.0,1360.0,4502061.0,3017,3017.TW
2026-01-19,1280.0,1280.0,8436455.0,3017,3017.TW
2026-01-20,1295.0,1295.0,4572793.0,3017,3017.TW
2026-01-21,1280.0,1280.0,3389436.0,3017,3017.TW
2026-01-22,1355.0,1355.0,7432189.0,3017,3017.TW
2026-01-23,1375.0,1375.0,4009724.0,3017,3017.TW
2026-01-26,1370.0,1370.0,3929459.0,3017,3017.TW
2026-01-27,1420.0,1420.0,6148146.0,3017,3017.TW
2026-01-28,1465.0,1465.0,5466686.0,3017,3017.TW
2026-01-29,1495.0,1495.0,8427604.0,3017,3017.TW
2026-01-30,1460.0,1460.0,6528661.0,3017,3017.TW
2026-02-02,1490.0,1490.0,6505965.0,3017,3017.TW
2026-02-03,1635.0,1635.0,13739938.0,3017,3017.TW
2026-02-04,1675.0,1675.0,9705262.0,3017,3017.TW
2026-02-05,1630.0,1630.0,6234741.0,3017,3017.TW
2026-02-06,1595.0,1595.0,6049419.0,3017,3017.TW
2026-02-09,1600.0,1600.0,5432036.0,3017,3017.TW
2026-02-10,1620.0,1620.0,3595484.0,3017,3017.TW
2026-02-11,1605.0,1605.0,3098162.0,3017,3017.TW
2026-02-23,1520.0,1520.0,5581082.0,3017,3017.TW
2026-02-24,1550.0,1550.0,3946600.0,3017,3017.TW
2026-02-25,1675.0,1675.0,8447833.0,3017,3017.TW
2026-02-26,1765.0,1765.0,10043835.0,3017,3017.TW
2026-03-02,1765.0,1765.0,5044224.0,3017,3017.TW
2026-03-03,1795.0,1795.0,8370562.0,3017,3017.TW
2026-03-04,1750.0,1750.0,6496695.0,3017,3017.TW
2026-03-05,1820.0,1820.0,5253903.0,3017,3017.TW
2026-03-06,1845.0,1845.0,4096866.0,3017,3017.TW
2026-03-09,1665.0,1665.0,3575472.0,3017,3017.TW
2026-03-10,1695.0,1695.0,6262507.0,3017,3017.TW
2026-03-11,1860.0,1860.0,5070738.0,3017,3017.TW
2026-03-12,1875.0,1875.0,6455030.0,3017,3017.TW
2026-03-13,1865.0,1865.0,5800014.0,3017,3017.TW
2026-03-16,1830.0,1830.0,4073415.0,3017,3017.TW
2026-03-17,1905.0,1905.0,5238329.0,3017,3017.TW
2026-03-18,1850.0,1850.0,5139734.0,3017,3017.TW
2026-03-19,2015.0,2015.0,9607842.0,3017,3017.TW
2026-03-20,2050.0,2050.0,6779076.0,3017,3017.TW
2026-03-23,1995.0,1995.0,4804637.0,3017,3017.TW
2026-03-24,1945.0,1945.0,6481219.0,3017,3017.TW
2026-03-25,2100.0,2100.0,5325928.0,3017,3017.TW
2026-03-26,2275.0,2275.0,8187769.0,3017,3017.TW
2026-03-27,2195.0,2195.0,5251492.0,3017,3017.TW
2026-03-30,2135.0,2135.0,3093844.0,3017,3017.TW
2026-03-31,1990.0,1990.0,5178551.0,3017,3017.TW
2026-04-01,2110.0,2110.0,3861573.0,3017,3017.TW
2026-04-02,2070.0,2070.0,2973303.0,3017,3017.TW
2026-04-07,2030.0,2030.0,4277462.0,3017,3017.TW
2026-04-08,2230.0,2230.0,3565271.0,3017,3017.TW
2026-04-09,2235.0,2235.0,4408179.0,3017,3017.TW
2026-04-10,2265.0,2265.0,3063334.0,3017,3017.TW
2026-04-13,2200.0,2200.0,2907535.0,3017,3017.TW
2026-04-14,2310.0,2310.0,3569020.0,3017,3017.TW
2026-04-15,2325.0,2325.0,3098100.0,3017,3017.TW
2026-04-16,2440.0,2440.0,4412688.0,3017,3017.TW
2026-04-17,2400.0,2400.0,3700622.0,3017,3017.TW
2026-04-20,2490.0,2490.0,3400147.0,3017,3017.TW
2026-04-21,2565.0,2565.0,3940435.0,3017,3017.TW
2026-04-22,2695.0,2695.0,4908525.0,3017,3017.TW
2026-04-23,2680.0,2680.0,6411377.0,3017,3017.TW
2026-04-24,2945.0,2945.0,4928531.0,3017,3017.TW
2026-04-27,2835.0,2835.0,6053835.0,3017,3017.TW
2026-04-28,2780.0,2780.0,5520167.0,3017,3017.TW
2026-04-29,2835.0,2835.0,3937070.0,3017,3017.TW
2026-04-30,2835.0,2835.0,3160772.0,3017,3017.TW
2026-05-04,2885.0,2885.0,3534837.0,3017,3017.TW
2026-05-05,2705.0,2705.0,7336653.0,3017,3017.TW
2026-05-06,2435.0,2435.0,9405471.0,3017,3017.TW
2026-05-07,2415.0,2415.0,10193149.0,3017,3017.TW
2026-05-08,2445.0,2445.0,5474130.0,3017,3017.TW
2026-05-11,2555.0,2555.0,5707734.0,3017,3017.TW
2026-05-12,2520.0,2520.0,4673007.0,3017,3017.TW
2026-05-13,2585.0,2585.0,5871160.0,3017,3017.TW
2026-05-14,2555.0,2555.0,6660594.0,3017,3017.TW
2026-05-15,2455.0,2455.0,6049605.0,3017,3017.TW
2026-05-18,2410.0,2410.0,4373315.0,3017,3017.TW
2026-05-19,2390.0,2390.0,3348406.0,3017,3017.TW
2026-05-20,2340.0,2340.0,3242329.0,3017,3017.TW
2026-05-21,2495.0,2495.0,3533937.0,3017,3017.TW
2026-05-22,2545.0,2545.0,5185387.0,3017,3017.TW
2026-05-25,2575.0,2575.0,5225310.0,3017,3017.TW
2026-05-26,2725.0,2725.0,5591382.0,3017,3017.TW
2026-05-27,2700.0,2700.0,3970251.0,3017,3017.TW
2026-05-28,2580.0,2580.0,4555427.0,3017,3017.TW
2026-05-29,2665.0,2665.0,8887897.0,3017,3017.TW
2026-06-01,2785.0,2785.0,4494458.0,3017,3017.TW
2026-06-02,2700.0,2700.0,3844190.0,3017,3017.TW
2026-06-03,2855.0,2855.0,6322805.0,3017,3017.TW
2026-06-04,2710.0,2710.0,4017323.0,3017,3017.TW
2026-06-05,2600.0,2600.0,4396168.0,3017,3017.TW
2026-06-08,2570.0,2570.0,4029994.0,3017,3017.TW
2026-06-09,2545.0,2545.0,5954368.0,3017,3017.TW
2026-06-10,2360.0,2360.0,5081348.0,3017,3017.TW
2026-06-11,2335.0,2335.0,4219764.0,3017,3017.TW
2026-06-12,2405.0,2405.0,2348209.0,3017,3017.TW
2026-06-15,2410.0,2410.0,1846071.0,3017,3017.TW
2026-06-16,2370.0,2370.0,2773670.0,3017,3017.TW
2026-06-17,2365.0,2365.0,3538436.0,3017,3017.TW
2026-06-18,2400.0,2400.0,3136138.0,3017,3017.TW
2026-06-22,2420.0,2420.0,3032317.0,3017,3017.TW
2026-06-23,2425.0,2425.0,2789542.0,3017,3017.TW
2026-06-24,2530.0,2530.0,5902274.0,3017,3017.TW
2026-06-25,2505.0,2505.0,3600221.0,3017,3017.TW
2026-06-26,2255.0,2255.0,5758959.0,3017,3017.TW
2026-06-29,2300.0,2300.0,2887509.0,3017,3017.TW
2026-06-30,2525.0,2525.0,4356684.0,3017,3017.TW
2026-07-01,2620.0,2620.0,4933969.0,3017,3017.TW
2026-07-02,2740.0,2740.0,4461777.0,3017,3017.TW
2026-07-03,2760.0,2760.0,4297038.0,3017,3017.TW
2026-07-06,2670.0,2670.0,3478390.0,3017,3017.TW
2026-07-07,2450.0,2450.0,3979602.0,3017,3017.TW
2026-07-08,2325.0,2325.0,4016839.0,3017,3017.TW
2026-07-09,2350.0,2350.0,2613291.0,3017,3017.TW
2026-07-10,2350.0,2350.0,0.0,3017,3017.TW
2026-07-13,2225.0,2225.0,2337880.0,3017,3017.TW
2026-07-14,2120.0,2120.0,4037546.0,3017,3017.TW
2026-07-15,2165.0,2165.0,1909478.0,3017,3017.TW
2026-07-16,2225.0,2225.0,4084182.0,3017,3017.TW
2026-07-17,2200.0,2200.0,5312666.0,3017,3017.TW
2026-07-20,2135.0,2135.0,4171997.0,3017,3017.TW
2026-07-21,2320.0,2320.0,3532232.0,3017,3017.TW
2026-07-22,2265.0,2265.0,4054599.0,3017,3017.TW
2026-07-23,2440.0,2440.0,6567420.0,3017,3017.TW
2026-07-24,2380.0,2380.0,4348461.0,3017,3017.TW
2026-07-27,2400.0,2400.0,2277166.0,3017,3017.TW
2026-07-28,2240.0,2240.0,3020294.0,3017,3017.TW
2026-07-29,2095.0,2095.0,6105873.0,3017,3017.TW
2026-07-30,2110.0,2110.0,4369581.0,3017,3017.TW
2026-07-31,2320.0,2320.0,2487362.0,3017,3017.TW
2025-05-27,157.7383270263672,159.0,2209214.0,6274,6274.TWO
2025-05-28,165.6748504638672,167.0,18115912.0,6274,6274.TWO
2025-05-29,170.13914489746094,171.5,17792296.0,6274,6274.TWO
2025-06-02,172.6193084716797,174.0,21863151.0,6274,6274.TWO
2025-06-03,186.01217651367188,187.5,43740949.0,6274,6274.TWO
2025-06-04,186.01217651367188,187.5,31509315.0,6274,6274.TWO
2025-06-05,187.00424194335938,188.5,9181319.0,6274,6274.TWO
2025-06-06,187.50027465820312,189.0,21978605.0,6274,6274.TWO
2025-06-09,205.85348510742188,207.5,36615373.0,6274,6274.TWO
2025-06-10,215.27809143066406,217.0,55206198.0,6274,6274.TWO
2025-06-11,215.7741241455078,217.5,21472099.0,6274,6274.TWO
2025-06-12,212.30189514160156,214.0,14722077.0,6274,6274.TWO
2025-06-13,209.8217315673828,211.5,12073324.0,6274,6274.TWO
2025-06-16,214.7820587158203,216.5,13171806.0,6274,6274.TWO
2025-06-17,213.7899932861328,215.5,32010121.0,6274,6274.TWO
2025-06-18,212.7979278564453,214.5,7663902.0,6274,6274.TWO
2025-06-19,212.7979278564453,214.5,8005713.0,6274,6274.TWO
2025-06-20,206.34951782226562,208.0,15789131.0,6274,6274.TWO
2025-06-23,212.30189514160156,214.0,10868030.0,6274,6274.TWO
2025-06-24,222.22254943847656,224.0,21648431.0,6274,6274.TWO
2025-06-25,219.7423858642578,221.5,14516273.0,6274,6274.TWO
2025-06-26,220.7344512939453,222.5,9990057.0,6274,6274.TWO
2025-06-27,220.23841857910156,222.0,18393104.0,6274,6274.TWO
2025-06-30,225.6947784423828,227.5,38038176.0,6274,6274.TWO
2025-07-01,230.6551055908203,232.5,24732271.0,6274,6274.TWO
2025-07-02,222.22254943847656,224.0,21112615.0,6274,6274.TWO
2025-07-03,228.6709747314453,230.5,16010710.0,6274,6274.TWO
2025-07-04,233.6313018798828,235.5,27465197.0,6274,6274.TWO
2025-07-07,227.18287658691406,229.0,15431061.0,6274,6274.TWO
2025-07-08,238.0955810546875,240.0,18652320.0,6274,6274.TWO
2025-07-09,248.0162353515625,250.0,23512939.0,6274,6274.TWO
2025-07-10,253.9686279296875,256.0,38159879.0,6274,6274.TWO
2025-07-11,250.992431640625,253.0,15571881.0,6274,6274.TWO
2025-07-14,251.9844970703125,254.0,7604294.0,6274,6274.TWO
2025-07-15,261.9051513671875,264.0,17039194.0,6274,6274.TWO
2025-07-16,257.9368896484375,260.0,20460186.0,6274,6274.TWO
2025-07-17,253.9686279296875,256.0,13504962.0,6274,6274.TWO
2025-07-18,262.897216796875,265.0,18725808.0,6274,6274.TWO
2025-07-21,260.9130859375,263.0,10677721.0,6274,6274.TWO
2025-07-22,251.9844970703125,254.0,13774974.0,6274,6274.TWO
2025-07-23,249.50433349609375,251.5,15308365.0,6274,6274.TWO
2025-07-24,250.49639892578125,252.5,9698684.0,6274,6274.TWO
2025-07-25,251.48846435546875,253.5,5825527.0,6274,6274.TWO
2025-07-28,260.9130859375,263.0,20512560.0,6274,6274.TWO
2025-07-29,259.42498779296875,261.5,8888304.0,6274,6274.TWO
2025-07-30,259.9210205078125,262.0,9185255.0,6274,6274.TWO
2025-07-31,270.833740234375,273.0,28993973.0,6274,6274.TWO
2025-08-04,257.44085693359375,259.5,13523835.0,6274,6274.TWO
2025-08-05,256.44879150390625,258.5,15347528.0,6274,6274.TWO
2025-08-06,251.48846435546875,253.5,14447015.0,6274,6274.TWO
2025-08-07,259.42498779296875,261.5,15737445.0,6274,6274.TWO
2025-08-08,272.81787109375,275.0,27006827.0,6274,6274.TWO
2025-08-11,275.7940673828125,278.0,20615779.0,6274,6274.TWO
2025-08-12,272.32183837890625,274.5,10733300.0,6274,6274.TWO
2025-08-13,280.25836181640625,282.5,25942245.0,6274,6274.TWO
2025-08-14,291.6670837402344,294.0,29788934.0,6274,6274.TWO
2025-08-15,314.4845886230469,317.0,30897545.0,6274,6274.TWO
2025-08-18,345.7346496582031,348.5,29378165.0,6274,6274.TWO
2025-08-19,335.3179626464844,338.0,43601066.0,6274,6274.TWO
2025-08-20,314.9806213378906,317.5,24226781.0,6274,6274.TWO
2025-08-21,320.4369812011719,323.0,20058262.0,6274,6274.TWO
2025-08-22,317.9568176269531,320.5,12028462.0,6274,6274.TWO
2025-08-25,304.5639343261719,307.0,29963551.0,6274,6274.TWO
2025-08-26,299.6036071777344,302.0,19425466.0,6274,6274.TWO
2025-08-27,329.3655700683594,332.0,24948207.0,6274,6274.TWO
2025-08-28,347.7187805175781,350.5,42150434.0,6274,6274.TWO
2025-08-29,365.07989501953125,368.0,33945609.0,6274,6274.TWO
2025-09-01,338.2941589355469,341.0,26261535.0,6274,6274.TWO
2025-09-02,324.4052429199219,327.0,24156070.0,6274,6274.TWO
2025-09-03,317.9568176269531,320.5,22412742.0,6274,6274.TWO
2025-09-04,305.0599670410156,307.5,19715216.0,6274,6274.TWO
2025-09-05,313.4925231933594,316.0,25797901.0,6274,6274.TWO
2025-09-08,305.0599670410156,307.5,15714322.0,6274,6274.TWO
2025-09-09,312.5004577636719,315.0,22301273.0,6274,6274.TWO
2025-09-10,323.4131774902344,326.0,25045713.0,6274,6274.TWO
2025-09-11,316.9647521972656,319.5,23735060.0,6274,6274.TWO
2025-09-12,310.5163269042969,313.0,11221018.0,6274,6274.TWO
2025-09-15,296.1313781738281,298.5,16236497.0,6274,6274.TWO
2025-09-16,295.1393127441406,297.5,12833678.0,6274,6274.TWO
2025-09-17,292.1631164550781,294.5,9179661.0,6274,6274.TWO
2025-09-18,297.6194763183594,300.0,12243125.0,6274,6274.TWO
2025-09-19,289.6829528808594,292.0,9815495.0,6274,6274.TWO
2025-09-22,303.5718688964844,306.0,13243123.0,6274,6274.TWO
2025-09-23,316.4687194824219,319.0,24861547.0,6274,6274.TWO
2025-09-24,316.9647521972656,319.5,13802952.0,6274,6274.TWO
2025-09-25,300.0996398925781,302.5,13574414.0,6274,6274.TWO
2025-09-26,295.6353454589844,298.0,8630560.0,6274,6274.TWO
2025-09-30,312.0044250488281,314.5,11836174.0,6274,6274.TWO
2025-10-01,313.9885559082031,316.5,13374164.0,6274,6274.TWO
2025-10-02,325.8933410644531,328.5,18733448.0,6274,6274.TWO
2025-10-03,333.3338317871094,336.0,18222175.0,6274,6274.TWO
2025-10-07,330.8536682128906,333.5,22441432.0,6274,6274.TWO
2025-10-08,332.3417663574219,335.0,21393120.0,6274,6274.TWO
2025-10-09,340.7743225097656,343.5,12821308.0,6274,6274.TWO
2025-10-13,331.8457336425781,334.5,11238500.0,6274,6274.TWO
2025-10-14,307.0440979003906,309.5,22008060.0,6274,6274.TWO
2025-10-15,324.4052429199219,327.0,12672205.0,6274,6274.TWO
2025-10-16,323.9092102050781,326.5,7202233.0,6274,6274.TWO
2025-10-17,317.4607849121094,320.0,7512007.0,6274,6274.TWO
2025-10-20,328.3735046386719,331.0,10852352.0,6274,6274.TWO
2025-10-21,322.9171447753906,325.5,6606996.0,6274,6274.TWO
2025-10-22,319.9409484863281,322.5,4178784.0,6274,6274.TWO
2025-10-23,323.4131774902344,326.0,7639299.0,6274,6274.TWO
2025-10-27,335.8139953613281,338.5,11410054.0,6274,6274.TWO
2025-10-28,340.7743225097656,343.5,14156962.0,6274,6274.TWO
2025-10-29,353.671142578125,356.5,17387947.0,6274,6274.TWO
2025-10-30,363.09576416015625,366.0,30733043.0,6274,6274.TWO
2025-10-31,382.4410400390625,385.5,44848845.0,6274,6274.TWO
2025-11-03,385.417236328125,388.5,19069978.0,6274,6274.TWO
2025-11-04,391.86566162109375,395.0,31616424.0,6274,6274.TWO
2025-11-05,393.84979248046875,397.0,24294457.0,6274,6274.TWO
2025-11-06,394.3458251953125,397.5,17506446.0,6274,6274.TWO
2025-11-07,376.98468017578125,380.0,16010688.0,6274,6274.TWO
2025-11-10,380.95294189453125,384.0,8602096.0,6274,6274.TWO
2025-11-11,374.5045166015625,377.5,11654938.0,6274,6274.TWO
2025-11-12,403.77044677734375,407.0,32314284.0,6274,6274.TWO
2025-11-13,398.3140869140625,401.5,15001202.0,6274,6274.TWO
2025-11-14,394.3458251953125,397.5,11068080.0,6274,6274.TWO
2025-11-17,408.2347412109375,411.5,26234689.0,6274,6274.TWO
2025-11-18,383.92913818359375,387.0,19351678.0,6274,6274.TWO
2025-11-19,384.92120361328125,388.0,10761206.0,6274,6274.TWO
2025-11-20,412.69903564453125,416.0,22928889.0,6274,6274.TWO
2025-11-21,389.385498046875,392.5,15529201.0,6274,6274.TWO
2025-11-24,393.353759765625,396.5,12809779.0,6274,6274.TWO
2025-11-25,415.6752014160156,419.0,27066029.0,6274,6274.TWO
2025-11-26,426.5879211425781,430.0,20009152.0,6274,6274.TWO
2025-11-27,428.5720520019531,432.0,16862317.0,6274,6274.TWO
2025-11-28,436.5085754394531,440.0,12235956.0,6274,6274.TWO
2025-12-01,411.70697021484375,415.0,15548303.0,6274,6274.TWO
2025-12-02,408.73077392578125,412.0,13769664.0,6274,6274.TWO
2025-12-03,410.2188720703125,413.5,6837764.0,6274,6274.TWO
2025-12-04,407.73870849609375,411.0,7277021.0,6274,6274.TWO
2025-12-05,416.6672668457031,420.0,10700026.0,6274,6274.TWO
2025-12-08,417.6593322753906,421.0,6615077.0,6274,6274.TWO
2025-12-09,421.6275939941406,425.0,6027126.0,6274,6274.TWO
2025-12-10,428.5720520019531,432.0,10817673.0,6274,6274.TWO
2025-12-11,426.5879211425781,430.0,14702688.0,6274,6274.TWO
2025-12-12,439.4847717285156,443.0,7944210.0,6274,6274.TWO
2025-12-15,430.5561828613281,434.0,8900947.0,6274,6274.TWO
2025-12-16,401.78631591796875,405.0,15520640.0,6274,6274.TWO
2025-12-17,410.71490478515625,414.0,9642809.0,6274,6274.TWO
2025-12-18,409.226806640625,412.5,6224482.0,6274,6274.TWO
2025-12-19,423.6117248535156,427.0,8070251.0,6274,6274.TWO
2025-12-22,450.3974914550781,454.0,16174350.0,6274,6274.TWO
2025-12-23,461.8062438964844,465.5,10368104.0,6274,6274.TWO
2025-12-24,494.04833984375,498.0,19857336.0,6274,6274.TWO
2025-12-26,494.04833984375,498.0,8524607.0,6274,6274.TWO
2025-12-29,498.0166015625,502.0,5894719.0,6274,6274.TWO
2025-12-30,479.1673583984375,483.0,10712137.0,6274,6274.TWO
2025-12-31,490.080078125,494.0,8429248.0,6274,6274.TWO
2026-01-02,477.67926025390625,481.5,9505827.0,6274,6274.TWO
2026-01-05,471.2308654785156,475.0,9999344.0,6274,6274.TWO
2026-01-06,472.2229309082031,476.0,6556302.0,6274,6274.TWO
2026-01-07,461.3102111816406,465.0,10261290.0,6274,6274.TWO
2026-01-08,463.2943420410156,467.0,7870749.0,6274,6274.TWO
2026-01-09,462.3022766113281,466.0,4975951.0,6274,6274.TWO
2026-01-12,471.7268981933594,475.5,4850413.0,6274,6274.TWO
2026-01-13,475.1991271972656,479.0,10786834.0,6274,6274.TWO
2026-01-14,481.1514892578125,485.0,6128643.0,6274,6274.TWO
2026-01-15,477.1832275390625,481.0,7022975.0,6274,6274.TWO
2026-01-16,488.095947265625,492.0,7790086.0,6274,6274.TWO
2026-01-19,466.7665710449219,470.5,13057181.0,6274,6274.TWO
2026-01-20,471.2308654785156,475.0,5833952.0,6274,6274.TWO
2026-01-21,459.3260803222656,463.0,13464700.0,6274,6274.TWO
2026-01-22,482.1435546875,486.0,11796585.0,6274,6274.TWO
2026-01-23,500.000732421875,504.0,14310471.0,6274,6274.TWO
2026-01-26,507.937255859375,512.0,13304834.0,6274,6274.TWO
2026-01-27,525.79443359375,530.0,9738926.0,6274,6274.TWO
2026-01-28,534.7230224609375,539.0,10750272.0,6274,6274.TWO
2026-01-29,505.953125,510.0,9349613.0,6274,6274.TWO
2026-01-30,499.0086669921875,503.0,7631810.0,6274,6274.TWO
2026-02-02,491.0721435546875,495.0,9665580.0,6274,6274.TWO
2026-02-03,500.9927978515625,505.0,4673763.0,6274,6274.TWO
2026-02-04,532.7388916015625,537.0,8906371.0,6274,6274.TWO
2026-02-05,515.873779296875,520.0,7172398.0,6274,6274.TWO
2026-02-06,514.8817138671875,519.0,10797221.0,6274,6274.TWO
2026-02-09,523.810302734375,528.0,8674877.0,6274,6274.TWO
2026-02-10,527.778564453125,532.0,4518509.0,6274,6274.TWO
2026-02-11,527.778564453125,532.0,5484333.0,6274,6274.TWO
2026-02-23,534.7230224609375,539.0,7642926.0,6274,6274.TWO
2026-02-24,557.54052734375,562.0,7437655.0,6274,6274.TWO
2026-02-25,572.4214477539062,577.0,7590555.0,6274,6274.TWO
2026-02-26,540.6754150390625,545.0,12778965.0,6274,6274.TWO
2026-03-02,535.715087890625,540.0,8729659.0,6274,6274.TWO
2026-03-03,533.73095703125,538.0,8087842.0,6274,6274.TWO
2026-03-04,486.60784912109375,490.5,11392344.0,6274,6274.TWO
2026-03-05,501.98486328125,506.0,7396463.0,6274,6274.TWO
2026-03-06,500.000732421875,504.0,13482474.0,6274,6274.TWO
2026-03-09,450.3974914550781,454.0,5286257.0,6274,6274.TWO
2026-03-10,463.2943420410156,467.0,11566682.0,6274,6274.TWO
2026-03-11,484.62371826171875,488.5,8801336.0,6274,6274.TWO
2026-03-12,448.9093933105469,452.5,26073986.0,6274,6274.TWO
2026-03-13,493.55230712890625,497.5,17907465.0,6274,6274.TWO
2026-03-16,499.0086669921875,503.0,16629199.0,6274,6274.TWO
2026-03-17,500.9927978515625,505.0,9406881.0,6274,6274.TWO
2026-03-18,526.7864990234375,531.0,14099599.0,6274,6274.TWO
2026-03-19,579.3659057617188,584.0,25056179.0,6274,6274.TWO
2026-03-20,549.60400390625,554.0,22965626.0,6274,6274.TWO
2026-03-23,533.73095703125,538.0,13724324.0,6274,6274.TWO
2026-03-24,536.7071533203125,541.0,15408766.0,6274,6274.TWO
2026-03-25,575.3976440429688,580.0,15295795.0,6274,6274.TWO
2026-03-26,601.1913452148438,606.0,19389185.0,6274,6274.TWO
2026-03-27,621.0326538085938,626.0,13078693.0,6274,6274.TWO
2026-03-30,597.2230834960938,602.0,10277674.0,6274,6274.TWO
2026-03-31,564.4849853515625,569.0,12846356.0,6274,6274.TWO
2026-04-01,618.0564575195312,623.0,13023613.0,6274,6274.TWO
2026-04-02,616.0723266601562,621.0,16918733.0,6274,6274.TWO
2026-04-07,677.5803833007812,683.0,9896219.0,6274,6274.TWO
2026-04-08,719.2470703125,725.0,19773797.0,6274,6274.TWO
2026-04-09,790.67578125,797.0,11575327.0,6274,6274.TWO
2026-04-10,801.5885009765625,808.0,14448256.0,6274,6274.TWO
2026-04-13,794.64404296875,801.0,9246125.0,6274,6274.TWO
2026-04-14,853.1758422851562,860.0,10736609.0,6274,6274.TWO
2026-04-15,938.4934692382812,946.0,8014068.0,6274,6274.TWO
2026-04-16,960.0,960.0,15492746.0,6274,6274.TWO
2026-04-17,946.0,946.0,3724854.0,6274,6274.TWO
2026-04-20,950.0,950.0,3489642.0,6274,6274.TWO
2026-04-21,963.0,963.0,2926612.0,6274,6274.TWO
2026-04-22,973.0,973.0,2744054.0,6274,6274.TWO
2026-04-23,950.0,950.0,3992187.0,6274,6274.TWO
2026-04-24,1045.0,1045.0,4139003.0,6274,6274.TWO
2026-04-27,990.0,990.0,4148917.0,6274,6274.TWO
2026-04-28,966.0,966.0,2623593.0,6274,6274.TWO
2026-04-29,975.0,975.0,2469333.0,6274,6274.TWO
2026-04-30,1010.0,1010.0,3567512.0,6274,6274.TWO
2026-05-04,1110.0,1110.0,6982488.0,6274,6274.TWO
2026-05-05,1220.0,1220.0,13251072.0,6274,6274.TWO
2026-05-06,1315.0,1315.0,16339360.0,6274,6274.TWO
2026-05-07,1445.0,1445.0,4414243.0,6274,6274.TWO
2026-05-08,1370.0,1370.0,14097353.0,6274,6274.TWO
2026-05-11,1455.0,1455.0,2500751.0,6274,6274.TWO
2026-05-12,1450.0,1450.0,1434045.0,6274,6274.TWO
2026-05-13,1450.0,1450.0,1819940.0,6274,6274.TWO
2026-05-14,1450.0,1450.0,2086639.0,6274,6274.TWO
2026-05-15,1305.0,1305.0,1410266.0,6274,6274.TWO
2026-05-18,1260.0,1260.0,2674571.0,6274,6274.TWO
2026-05-19,1225.0,1225.0,1405306.0,6274,6274.TWO
2026-05-20,1205.0,1205.0,1572270.0,6274,6274.TWO
2026-05-21,1325.0,1325.0,706574.0,6274,6274.TWO
2026-05-22,1455.0,1455.0,1582543.0,6274,6274.TWO
2026-05-25,1600.0,1600.0,1402422.0,6274,6274.TWO
2026-05-26,1580.0,1580.0,9221644.0,6274,6274.TWO
2026-05-27,1630.0,1630.0,7944681.0,6274,6274.TWO
2026-05-28,1540.0,1540.0,8239025.0,6274,6274.TWO
2026-05-29,1690.0,1690.0,9336966.0,6274,6274.TWO
2026-06-01,1705.0,1705.0,8711259.0,6274,6274.TWO
2026-06-02,1590.0,1590.0,7475419.0,6274,6274.TWO
2026-06-03,1695.0,1695.0,6664218.0,6274,6274.TWO
2026-06-04,1695.0,1695.0,3326518.0,6274,6274.TWO
2026-06-05,1610.0,1610.0,7811723.0,6274,6274.TWO
2026-06-08,1535.0,1535.0,5505488.0,6274,6274.TWO
2026-06-09,1615.0,1615.0,8707775.0,6274,6274.TWO
2026-06-10,1500.0,1500.0,8654117.0,6274,6274.TWO
2026-06-11,1475.0,1475.0,8043394.0,6274,6274.TWO
2026-06-12,1430.0,1430.0,8808896.0,6274,6274.TWO
2026-06-15,1570.0,1570.0,4651425.0,6274,6274.TWO
2026-06-16,1610.0,1610.0,5633062.0,6274,6274.TWO
2026-06-17,1670.0,1670.0,5932612.0,6274,6274.TWO
2026-06-18,1835.0,1835.0,3466139.0,6274,6274.TWO
2026-06-22,1900.0,1900.0,7374095.0,6274,6274.TWO
2026-06-23,1735.0,1735.0,6148779.0,6274,6274.TWO
2026-06-24,1765.0,1765.0,4389325.0,6274,6274.TWO
2026-06-25,1700.0,1700.0,6734597.0,6274,6274.TWO
2026-06-26,1580.0,1580.0,5789728.0,6274,6274.TWO
2026-06-29,1555.0,1555.0,4753439.0,6274,6274.TWO
2026-06-30,1680.0,1680.0,5198122.0,6274,6274.TWO
2026-07-01,1690.0,1690.0,5275035.0,6274,6274.TWO
2026-07-02,1690.0,1690.0,4515966.0,6274,6274.TWO
2026-07-03,1790.0,1790.0,7646593.0,6274,6274.TWO
2026-07-06,1630.0,1630.0,7741681.0,6274,6274.TWO
2026-07-07,1575.0,1575.0,6397117.0,6274,6274.TWO
2026-07-08,1645.0,1645.0,5816178.0,6274,6274.TWO
2026-07-09,1570.0,1570.0,4834269.0,6274,6274.TWO
2026-07-10,1570.0,1570.0,0.0,6274,6274.TWO
2026-07-13,1550.0,1550.0,3723150.0,6274,6274.TWO
2026-07-14,1395.0,1395.0,4753415.0,6274,6274.TWO
2026-07-15,1435.0,1435.0,5831265.0,6274,6274.TWO
2026-07-16,1295.0,1295.0,9078381.0,6274,6274.TWO
2026-07-17,1170.0,1170.0,5568647.0,6274,6274.TWO
2026-07-20,1125.0,1125.0,8924001.0,6274,6274.TWO
2026-07-21,1235.0,1235.0,2302780.0,6274,6274.TWO
2026-07-22,1355.0,1355.0,553127.0,6274,6274.TWO
2026-07-23,1335.0,1335.0,9532248.0,6274,6274.TWO
2026-07-24,1250.0,1250.0,5847988.0,6274,6274.TWO
2026-07-27,1255.0,1255.0,5176530.0,6274,6274.TWO
2026-07-28,1130.0,1130.0,5533236.0,6274,6274.TWO
2026-07-29,1020.0,1020.0,7111129.0,6274,6274.TWO
2026-07-30,1010.0,1010.0,14195139.0,6274,6274.TWO
2026-07-31,1110.0,1110.0,825815.0,6274,6274.TWO
2025-05-27,1224.1044921875,1280.0,6424061.0,2454,2454.TW
2025-05-28,1224.1044921875,1280.0,7908648.0,2454,2454.TW
2025-05-29,1204.977783203125,1260.0,19212826.0,2454,2454.TW
2025-06-02,1204.977783203125,1260.0,10666133.0,2454,2454.TW
2025-06-03,1219.3228759765625,1275.0,5610470.0,2454,2454.TW
2025-06-04,1219.3228759765625,1275.0,10297345.0,2454,2454.TW
2025-06-05,1190.6328125,1245.0,15362134.0,2454,2454.TW
2025-06-06,1224.1044921875,1280.0,10710374.0,2454,2454.TW
2025-06-09,1228.885986328125,1285.0,7952617.0,2454,2454.TW
2025-06-10,1276.70263671875,1335.0,11338136.0,2454,2454.TW
2025-06-11,1257.575927734375,1315.0,11700995.0,2454,2454.TW
2025-06-12,1228.885986328125,1285.0,10502334.0,2454,2454.TW
2025-06-13,1195.4144287109375,1250.0,8841922.0,2454,2454.TW
2025-06-16,1200.196044921875,1255.0,4129774.0,2454,2454.TW
2025-06-17,1219.3228759765625,1275.0,5360829.0,2454,2454.TW
2025-06-18,1228.885986328125,1285.0,5525157.0,2454,2454.TW
2025-06-19,1209.7593994140625,1265.0,4766573.0,2454,2454.TW
2025-06-20,1195.4144287109375,1250.0,5271667.0,2454,2454.TW
2025-06-23,1200.196044921875,1255.0,4404035.0,2454,2454.TW
2025-06-24,1214.5411376953125,1270.0,4477491.0,2454,2454.TW
2025-06-25,1238.4493408203125,1295.0,5945025.0,2454,2454.TW
2025-06-26,1233.667724609375,1290.0,5174101.0,2454,2454.TW
2025-06-27,1228.885986328125,1285.0,5856843.0,2454,2454.TW
2025-06-30,1195.4144287109375,1250.0,7763199.0,2454,2454.TW
2025-07-01,1219.3228759765625,1275.0,8523024.0,2454,2454.TW
2025-07-02,1238.4493408203125,1295.0,6784867.0,2454,2454.TW
2025-07-03,1238.4495849609375,1270.0,11618186.0,2454,2454.TW
2025-07-04,1257.9527587890625,1290.0,7096708.0,2454,2454.TW
2025-07-07,1248.201171875,1280.0,4446172.0,2454,2454.TW
2025-07-08,1238.4495849609375,1270.0,3529215.0,2454,2454.TW
2025-07-09,1321.337890625,1355.0,13138793.0,2454,2454.TW
2025-07-10,1365.219970703125,1400.0,11433007.0,2454,2454.TW
2025-07-11,1384.72314453125,1420.0,9744661.0,2454,2454.TW
2025-07-14,1350.5926513671875,1385.0,5631886.0,2454,2454.TW
2025-07-15,1360.34423828125,1395.0,4329964.0,2454,2454.TW
2025-07-16,1374.9715576171875,1410.0,5897943.0,2454,2454.TW
2025-07-17,1355.468505859375,1390.0,5213698.0,2454,2454.TW
2025-07-18,1374.9715576171875,1410.0,4870093.0,2454,2454.TW
2025-07-21,1389.598876953125,1425.0,5766633.0,2454,2454.TW
2025-07-22,1394.474609375,1430.0,7721986.0,2454,2454.TW
2025-07-23,1394.474609375,1430.0,4835003.0,2454,2454.TW
2025-07-24,1394.474609375,1430.0,4937526.0,2454,2454.TW
2025-07-25,1394.474609375,1430.0,5748883.0,2454,2454.TW
2025-07-28,1365.219970703125,1400.0,6885421.0,2454,2454.TW
2025-07-29,1326.2137451171875,1360.0,9487581.0,2454,2454.TW
2025-07-30,1345.7169189453125,1380.0,5594339.0,2454,2454.TW
2025-07-31,1335.9652099609375,1370.0,8942761.0,2454,2454.TW
2025-08-04,1296.958984375,1330.0,4830756.0,2454,2454.TW
2025-08-05,1306.7105712890625,1340.0,3718187.0,2454,2454.TW
2025-08-06,1287.2073974609375,1320.0,5412343.0,2454,2454.TW
2025-08-07,1321.337890625,1355.0,5024691.0,2454,2454.TW
2025-08-08,1316.462158203125,1350.0,5016534.0,2454,2454.TW
2025-08-11,1321.337890625,1355.0,3478971.0,2454,2454.TW
2025-08-12,1326.2137451171875,1360.0,3238403.0,2454,2454.TW
2025-08-13,1335.9652099609375,1370.0,7678115.0,2454,2454.TW
2025-08-14,1355.468505859375,1390.0,4387884.0,2454,2454.TW
2025-08-15,1335.9652099609375,1370.0,4043678.0,2454,2454.TW
2025-08-18,1374.9715576171875,1410.0,5827468.0,2454,2454.TW
2025-08-19,1355.468505859375,1390.0,6127596.0,2454,2454.TW
2025-08-20,1321.337890625,1355.0,6525541.0,2454,2454.TW
2025-08-21,1331.0894775390625,1365.0,4264972.0,2454,2454.TW
2025-08-22,1331.0894775390625,1365.0,2686120.0,2454,2454.TW
2025-08-25,1374.9715576171875,1410.0,4859204.0,2454,2454.TW
2025-08-26,1365.219970703125,1400.0,5024316.0,2454,2454.TW
2025-08-27,1365.219970703125,1400.0,3355567.0,2454,2454.TW
2025-08-28,1350.5926513671875,1385.0,3766722.0,2454,2454.TW
2025-08-29,1335.9652099609375,1370.0,3723539.0,2454,2454.TW
2025-09-01,1326.2137451171875,1360.0,3659694.0,2454,2454.TW
2025-09-02,1326.2137451171875,1360.0,3283160.0,2454,2454.TW
2025-09-03,1360.34423828125,1395.0,4604408.0,2454,2454.TW
2025-09-04,1350.5926513671875,1385.0,3400107.0,2454,2454.TW
2025-09-05,1399.3505859375,1435.0,8668643.0,2454,2454.TW
2025-09-08,1394.474609375,1430.0,6384542.0,2454,2454.TW
2025-09-09,1472.4873046875,1510.0,10954327.0,2454,2454.TW
2025-09-10,1452.984130859375,1490.0,6557814.0,2454,2454.TW
2025-09-11,1443.2325439453125,1480.0,4509127.0,2454,2454.TW
2025-09-12,1448.1082763671875,1485.0,4172705.0,2454,2454.TW
2025-09-15,1448.1082763671875,1485.0,2733745.0,2454,2454.TW
2025-09-16,1496.8662109375,1535.0,8152357.0,2454,2454.TW
2025-09-17,1472.4873046875,1510.0,4695051.0,2454,2454.TW
2025-09-18,1472.4873046875,1510.0,3539535.0,2454,2454.TW
2025-09-19,1404.226318359375,1440.0,13241946.0,2454,2454.TW
2025-09-22,1370.0958251953125,1405.0,8578839.0,2454,2454.TW
2025-09-23,1340.841064453125,1375.0,10776401.0,2454,2454.TW
2025-09-24,1296.958984375,1330.0,11129639.0,2454,2454.TW
2025-09-25,1311.5863037109375,1345.0,7547381.0,2454,2454.TW
2025-09-26,1277.455810546875,1310.0,6728741.0,2454,2454.TW
2025-09-30,1282.33154296875,1315.0,7200191.0,2454,2454.TW
2025-10-01,1253.076904296875,1285.0,6432244.0,2454,2454.TW
2025-10-02,1248.201171875,1280.0,8209274.0,2454,2454.TW
2025-10-03,1287.2073974609375,1320.0,6383512.0,2454,2454.TW
2025-10-07,1292.083251953125,1325.0,7016903.0,2454,2454.TW
2025-10-08,1301.8348388671875,1335.0,5034301.0,2454,2454.TW
2025-10-09,1311.5863037109375,1345.0,4738227.0,2454,2454.TW
2025-10-13,1282.33154296875,1315.0,7286313.0,2454,2454.TW
2025-10-14,1272.580078125,1305.0,5520842.0,2454,2454.TW
2025-10-15,1282.33154296875,1315.0,4146372.0,2454,2454.TW
2025-10-16,1296.958984375,1330.0,3748755.0,2454,2454.TW
2025-10-17,1296.958984375,1330.0,6827509.0,2454,2454.TW
2025-10-20,1306.7105712890625,1340.0,3287582.0,2454,2454.TW
2025-10-21,1306.7105712890625,1340.0,3905400.0,2454,2454.TW
2025-10-22,1296.958984375,1330.0,3704329.0,2454,2454.TW
2025-10-23,1262.8284912109375,1295.0,7752802.0,2454,2454.TW
2025-10-27,1301.8348388671875,1335.0,5678203.0,2454,2454.TW
2025-10-28,1282.33154296875,1315.0,4800134.0,2454,2454.TW
2025-10-29,1267.7042236328125,1300.0,7886343.0,2454,2454.TW
2025-10-30,1277.455810546875,1310.0,5190139.0,2454,2454.TW
2025-10-31,1277.455810546875,1310.0,7057671.0,2454,2454.TW
2025-11-03,1267.7042236328125,1300.0,10235098.0,2454,2454.TW
2025-11-04,1282.33154296875,1315.0,6324011.0,2454,2454.TW
2025-11-05,1296.958984375,1330.0,6722398.0,2454,2454.TW
2025-11-06,1257.9527587890625,1290.0,7307681.0,2454,2454.TW
2025-11-07,1228.697998046875,1260.0,7288497.0,2454,2454.TW
2025-11-10,1218.9464111328125,1250.0,5195821.0,2454,2454.TW
2025-11-11,1209.19482421875,1240.0,5414867.0,2454,2454.TW
2025-11-12,1214.0706787109375,1245.0,4199743.0,2454,2454.TW
2025-11-13,1214.0706787109375,1245.0,2865882.0,2454,2454.TW
2025-11-14,1199.4432373046875,1230.0,4154705.0,2454,2454.TW
2025-11-17,1199.4432373046875,1230.0,4804227.0,2454,2454.TW
2025-11-18,1140.933837890625,1170.0,9021735.0,2454,2454.TW
2025-11-19,1131.182373046875,1160.0,6293318.0,2454,2454.TW
2025-11-20,1155.5611572265625,1185.0,7131739.0,2454,2454.TW
2025-11-21,1116.554931640625,1145.0,7293277.0,2454,2454.TW
2025-11-24,1121.4306640625,1150.0,9436199.0,2454,2454.TW
2025-11-25,1155.5611572265625,1185.0,6872636.0,2454,2454.TW
2025-11-26,1267.7042236328125,1300.0,11771497.0,2454,2454.TW
2025-11-27,1306.7105712890625,1340.0,19171766.0,2454,2454.TW
2025-11-28,1360.34423828125,1395.0,17773470.0,2454,2454.TW
2025-12-01,1409.10205078125,1445.0,19274425.0,2454,2454.TW
2025-12-02,1379.8472900390625,1415.0,11326485.0,2454,2454.TW
2025-12-03,1365.219970703125,1400.0,9738032.0,2454,2454.TW
2025-12-04,1370.0958251953125,1405.0,6241494.0,2454,2454.TW
2025-12-05,1389.598876953125,1425.0,7682537.0,2454,2454.TW
2025-12-08,1404.226318359375,1440.0,5746578.0,2454,2454.TW
2025-12-09,1384.72314453125,1420.0,4993367.0,2454,2454.TW
2025-12-10,1423.7293701171875,1460.0,8224726.0,2454,2454.TW
2025-12-11,1360.34423828125,1395.0,8965596.0,2454,2454.TW
2025-12-12,1370.0958251953125,1405.0,5029971.0,2454,2454.TW
2025-12-15,1384.72314453125,1420.0,9540796.0,2454,2454.TW
2025-12-16,1384.72314453125,1420.0,8922061.0,2454,2454.TW
2025-12-17,1389.598876953125,1425.0,8490679.0,2454,2454.TW
2025-12-18,1384.72314453125,1420.0,5247800.0,2454,2454.TW
2025-12-19,1374.9715576171875,1410.0,8034656.0,2454,2454.TW
2025-12-22,1365.219970703125,1400.0,5675053.0,2454,2454.TW
2025-12-23,1355.468505859375,1390.0,5114619.0,2454,2454.TW
2025-12-24,1345.7169189453125,1380.0,3022674.0,2454,2454.TW
2025-12-26,1350.5926513671875,1385.0,3000352.0,2454,2454.TW
2025-12-29,1384.72314453125,1420.0,6343754.0,2454,2454.TW
2025-12-30,1384.72314453125,1420.0,4276067.0,2454,2454.TW
2025-12-31,1394.474609375,1430.0,6354048.0,2454,2454.TW
2026-01-02,1433.48095703125,1470.0,11449412.0,2454,2454.TW
2026-01-05,1487.1146240234375,1525.0,13343442.0,2454,2454.TW
2026-01-06,1476.179931640625,1485.0,7914854.0,2454,2454.TW
2026-01-07,1481.1502685546875,1490.0,7065696.0,2454,2454.TW
2026-01-08,1436.41748046875,1445.0,8133244.0,2454,2454.TW
2026-01-09,1411.5660400390625,1420.0,7989973.0,2454,2454.TW
2026-01-12,1436.41748046875,1445.0,4084929.0,2454,2454.TW
2026-01-13,1476.179931640625,1485.0,9900355.0,2454,2454.TW
2026-01-14,1491.0908203125,1500.0,6058106.0,2454,2454.TW
2026-01-15,1481.1502685546875,1490.0,7795923.0,2454,2454.TW
2026-01-16,1496.0611572265625,1505.0,10170235.0,2454,2454.TW
2026-01-19,1476.179931640625,1485.0,5649790.0,2454,2454.TW
2026-01-20,1476.179931640625,1485.0,5623268.0,2454,2454.TW
2026-01-21,1456.2987060546875,1465.0,8433519.0,2454,2454.TW
2026-01-22,1476.179931640625,1485.0,7732602.0,2454,2454.TW
2026-01-23,1620.3187255859375,1630.0,21949189.0,2454,2454.TW
2026-01-26,1759.4871826171875,1770.0,23813770.0,2454,2454.TW
2026-01-27,1764.45751953125,1775.0,11706065.0,2454,2454.TW
2026-01-28,1769.4278564453125,1780.0,9806198.0,2454,2454.TW
2026-01-29,1769.4278564453125,1780.0,9803415.0,2454,2454.TW
2026-01-30,1749.546630859375,1760.0,10669850.0,2454,2454.TW
2026-02-02,1694.873291015625,1705.0,8793337.0,2454,2454.TW
2026-02-03,1784.3387451171875,1795.0,11037015.0,2454,2454.TW
2026-02-04,1789.30908203125,1800.0,11261034.0,2454,2454.TW
2026-02-05,1759.4871826171875,1770.0,15699947.0,2454,2454.TW
2026-02-06,1699.8436279296875,1710.0,10786108.0,2454,2454.TW
2026-02-09,1819.130859375,1830.0,11613075.0,2454,2454.TW
2026-02-10,1834.041748046875,1845.0,10813438.0,2454,2454.TW
2026-02-11,1843.982421875,1855.0,8232637.0,2454,2454.TW
2026-02-23,1784.3387451171875,1795.0,15948909.0,2454,2454.TW
2026-02-24,1814.1605224609375,1825.0,6740003.0,2454,2454.TW
2026-02-25,1858.893310546875,1870.0,7857623.0,2454,2454.TW
2026-02-26,1933.4478759765625,1945.0,13692370.0,2454,2454.TW
2026-03-02,1888.715087890625,1900.0,8811661.0,2454,2454.TW
2026-03-03,1804.219970703125,1815.0,9621376.0,2454,2454.TW
2026-03-04,1709.7841796875,1720.0,11024269.0,2454,2454.TW
2026-03-05,1764.45751953125,1775.0,7826693.0,2454,2454.TW
2026-03-06,1754.5169677734375,1765.0,4418206.0,2454,2454.TW
2026-03-09,1655.11083984375,1665.0,11475137.0,2454,2454.TW
2026-03-10,1694.873291015625,1705.0,5273491.0,2454,2454.TW
2026-03-11,1754.5169677734375,1765.0,5783121.0,2454,2454.TW
2026-03-12,1774.3980712890625,1785.0,6354849.0,2454,2454.TW
2026-03-13,1709.7841796875,1720.0,6467628.0,2454,2454.TW
2026-03-16,1699.8436279296875,1710.0,4423319.0,2454,2454.TW
2026-03-17,1719.724853515625,1730.0,4260491.0,2454,2454.TW
2026-03-18,1719.724853515625,1730.0,6009078.0,2454,2454.TW
2026-03-19,1670.021728515625,1680.0,6764438.0,2454,2454.TW
2026-03-20,1689.9029541015625,1700.0,7874444.0,2454,2454.TW
2026-03-23,1615.348388671875,1625.0,6372639.0,2454,2454.TW
2026-03-24,1610.378173828125,1620.0,5324085.0,2454,2454.TW
2026-03-25,1610.378173828125,1620.0,5839950.0,2454,2454.TW
2026-03-26,1580.5562744140625,1590.0,7031916.0,2454,2454.TW
2026-03-27,1575.5860595703125,1585.0,6833766.0,2454,2454.TW
2026-03-30,1501.031494140625,1510.0,7235491.0,2454,2454.TW
2026-03-31,1481.1502685546875,1490.0,10218910.0,2454,2454.TW
2026-04-01,1456.2987060546875,1465.0,10756280.0,2454,2454.TW
2026-04-02,1456.2987060546875,1465.0,8691522.0,2454,2454.TW
2026-04-07,1461.26904296875,1470.0,6910617.0,2454,2454.TW
2026-04-08,1570.61572265625,1580.0,12976420.0,2454,2454.TW
2026-04-09,1565.6453857421875,1575.0,8061675.0,2454,2454.TW
2026-04-10,1565.6453857421875,1575.0,5381936.0,2454,2454.TW
2026-04-13,1610.378173828125,1620.0,8802674.0,2454,2454.TW
2026-04-14,1709.7841796875,1720.0,11909857.0,2454,2454.TW
2026-04-15,1779.368408203125,1790.0,20848384.0,2454,2454.TW
2026-04-16,1883.7447509765625,1895.0,16504496.0,2454,2454.TW
2026-04-17,1913.566650390625,1925.0,15450213.0,2454,2454.TW
2026-04-20,1888.715087890625,1900.0,11027820.0,2454,2454.TW
2026-04-21,2077.586669921875,2090.0,17347421.0,2454,2454.TW
2026-04-22,2281.369140625,2295.0,23044579.0,2454,2454.TW
2026-04-23,2201.84423828125,2215.0,28172336.0,2454,2454.TW
2026-04-24,2420.53759765625,2435.0,21684950.0,2454,2454.TW
2026-04-27,2420.53759765625,2435.0,23842383.0,2454,2454.TW
2026-04-28,2599.468505859375,2615.0,22923298.0,2454,2454.TW
2026-04-29,2559.7060546875,2575.0,11761568.0,2454,2454.TW
2026-04-30,2594.498046875,2610.0,16785387.0,2454,2454.TW
2026-05-04,2852.953857421875,2870.0,3450749.0,2454,2454.TW
2026-05-05,3136.26123046875,3155.0,8515330.0,2454,2454.TW
2026-05-06,3409.627685546875,3430.0,36338977.0,2454,2454.TW
2026-05-07,3399.687255859375,3420.0,7619708.0,2454,2454.TW
2026-05-08,3608.43994140625,3630.0,8599780.0,2454,2454.TW
2026-05-11,3856.955078125,3880.0,7943859.0,2454,2454.TW
2026-05-12,3678.024169921875,3700.0,9538278.0,2454,2454.TW
2026-05-13,3474.24169921875,3495.0,8651831.0,2454,2454.TW
2026-05-14,3384.7763671875,3405.0,6305692.0,2454,2454.TW
2026-05-15,3240.637451171875,3260.0,6680609.0,2454,2454.TW
2026-05-18,3379.805908203125,3400.0,6249186.0,2454,2454.TW
2026-05-19,3136.26123046875,3155.0,8398806.0,2454,2454.TW
2026-05-20,3210.815673828125,3230.0,8111772.0,2454,2454.TW
2026-05-21,3528.9150390625,3550.0,5636155.0,2454,2454.TW
2026-05-22,3837.07373046875,3860.0,19537258.0,2454,2454.TW
2026-05-25,4219.787109375,4245.0,4181502.0,2454,2454.TW
2026-05-26,4239.66845703125,4265.0,18199859.0,2454,2454.TW
2026-05-27,4612.44091796875,4640.0,16927911.0,2454,2454.TW
2026-05-28,4383.80712890625,4410.0,14431497.0,2454,2454.TW
2026-05-29,4284.40087890625,4310.0,20620831.0,2454,2454.TW
2026-06-01,4527.94580078125,4555.0,17045894.0,2454,2454.TW
2026-06-02,4498.1240234375,4525.0,14145620.0,2454,2454.TW
2026-06-03,4518.00537109375,4545.0,9478437.0,2454,2454.TW
2026-06-04,4403.6884765625,4430.0,8958387.0,2454,2454.TW
2026-06-05,4274.46044921875,4300.0,10685775.0,2454,2454.TW
2026-06-08,4045.82666015625,4070.0,14355996.0,2454,2454.TW
2026-06-09,4448.4208984375,4475.0,14307617.0,2454,2454.TW
2026-06-10,4130.32177734375,4155.0,14357119.0,2454,2454.TW
2026-06-11,4060.737548828125,4085.0,15367556.0,2454,2454.TW
2026-06-12,4155.17333984375,4180.0,7806177.0,2454,2454.TW
2026-06-15,4443.45068359375,4470.0,10400900.0,2454,2454.TW
2026-06-16,4532.916015625,4560.0,9691060.0,2454,2454.TW
2026-06-17,4433.51025390625,4460.0,8409268.0,2454,2454.TW
2026-06-18,4363.92578125,4390.0,12120210.0,2454,2454.TW
2026-06-22,4438.48046875,4465.0,10836913.0,2454,2454.TW
2026-06-23,4508.06494140625,4535.0,17083744.0,2454,2454.TW
2026-06-24,4259.5498046875,4285.0,14381860.0,2454,2454.TW
2026-06-25,4284.40087890625,4310.0,9704419.0,2454,2454.TW
2026-06-26,3856.955078125,3880.0,20184014.0,2454,2454.TW
2026-06-29,3886.77685546875,3910.0,9868422.0,2454,2454.TW
2026-06-30,4219.787109375,4245.0,13992183.0,2454,2454.TW
2026-07-01,4309.25244140625,4335.0,8491537.0,2454,2454.TW
2026-07-02,4319.193359375,4345.0,6530007.0,2454,2454.TW
2026-07-03,4170.083984375,4195.0,11145005.0,2454,2454.TW
2026-07-06,4100.5,4125.0,6323968.0,2454,2454.TW
2026-07-07,4030.0,4030.0,7887821.0,2454,2454.TW
2026-07-08,3995.0,3995.0,6014430.0,2454,2454.TW
2026-07-09,3925.0,3925.0,5695649.0,2454,2454.TW
2026-07-10,3925.0,3925.0,0.0,2454,2454.TW
2026-07-13,3825.0,3825.0,6086965.0,2454,2454.TW
2026-07-14,3660.0,3660.0,10809030.0,2454,2454.TW
2026-07-15,3740.0,3740.0,6780265.0,2454,2454.TW
2026-07-16,3700.0,3700.0,5480451.0,2454,2454.TW
2026-07-17,3370.0,3370.0,9354981.0,2454,2454.TW
2026-07-20,3340.0,3340.0,8603375.0,2454,2454.TW
2026-07-21,3670.0,3670.0,7291531.0,2454,2454.TW
2026-07-22,3850.0,3850.0,13032635.0,2454,2454.TW
2026-07-23,3875.0,3875.0,7792039.0,2454,2454.TW
2026-07-24,3750.0,3750.0,8402604.0,2454,2454.TW
2026-07-27,3680.0,3680.0,8434819.0,2454,2454.TW
2026-07-28,3315.0,3315.0,10269157.0,2454,2454.TW
2026-07-29,3150.0,3150.0,14988381.0,2454,2454.TW
2026-07-30,3235.0,3235.0,13498456.0,2454,2454.TW
2026-07-31,3555.0,3555.0,3221337.0,2454,2454.TW
2025-05-27,19.51552391052246,20.0,21667511.0,2002,2002.TW
2025-05-28,19.564311981201172,20.049999237060547,26380464.0,2002,2002.TW
2025-05-29,19.27157974243164,19.75,76189029.0,2002,2002.TW
2025-06-02,18.73490333557129,19.200000762939453,46588463.0,2002,2002.TW
2025-06-03,18.78369140625,19.25,20604048.0,2002,2002.TW
2025-06-04,18.73490333557129,19.200000762939453,26505374.0,2002,2002.TW
2025-06-05,18.930057525634766,19.399999618530273,14960352.0,2002,2002.TW
2025-06-06,19.07642364501953,19.549999237060547,15950798.0,2002,2002.TW
2025-06-09,18.881271362304688,19.350000381469727,15860026.0,2002,2002.TW
2025-06-10,18.930057525634766,19.399999618530273,19929216.0,2002,2002.TW
2025-06-11,19.02763557434082,19.5,15130214.0,2002,2002.TW
2025-06-12,18.97884750366211,19.450000762939453,14262742.0,2002,2002.TW
2025-06-13,18.73490333557129,19.200000762939453,25928196.0,2002,2002.TW
2025-06-16,18.73490333557129,19.200000762939453,15142280.0,2002,2002.TW
2025-06-17,18.637325286865234,19.100000381469727,13740567.0,2002,2002.TW
2025-06-18,18.637325286865234,19.100000381469727,16181131.0,2002,2002.TW
2025-06-19,18.4909610748291,18.950000762939453,25795720.0,2002,2002.TW
2025-06-20,18.198226928710938,18.649999618530273,42375611.0,2002,2002.TW
2025-06-23,18.003070831298828,18.450000762939453,24299391.0,2002,2002.TW
2025-06-24,18.442169189453125,18.899999618530273,19065994.0,2002,2002.TW
2025-06-25,18.29580307006836,18.75,16806412.0,2002,2002.TW
2025-06-26,18.539749145507812,19.0,23617710.0,2002,2002.TW
2025-06-27,18.637325286865234,19.100000381469727,18295735.0,2002,2002.TW
2025-06-30,18.34459114074707,18.799999237060547,17042060.0,2002,2002.TW
2025-07-01,18.539749145507812,19.0,18213531.0,2002,2002.TW
2025-07-02,18.34459114074707,18.799999237060547,14053809.0,2002,2002.TW
2025-07-03,18.930057525634766,19.399999618530273,30960857.0,2002,2002.TW
2025-07-04,18.78369140625,19.25,12790396.0,2002,2002.TW
2025-07-07,18.539749145507812,19.0,14554573.0,2002,2002.TW
2025-07-08,18.34459114074707,18.799999237060547,21575719.0,2002,2002.TW
2025-07-09,18.442169189453125,18.899999618530273,17904105.0,2002,2002.TW
2025-07-10,18.4909610748291,18.950000762939453,13122931.0,2002,2002.TW
2025-07-11,18.34459114074707,18.799999237060547,14344028.0,2002,2002.TW
2025-07-14,18.393381118774414,18.850000381469727,14072125.0,2002,2002.TW
2025-07-15,18.442169189453125,18.899999618530273,22430995.0,2002,2002.TW
2025-07-16,18.34459114074707,18.799999237060547,15436708.0,2002,2002.TW
2025-07-17,18.78369140625,19.25,22078548.0,2002,2002.TW
2025-07-18,18.539749145507812,19.0,17238957.0,2002,2002.TW
2025-07-21,18.73490333557129,19.200000762939453,14714242.0,2002,2002.TW
2025-07-22,18.78369140625,19.25,21630277.0,2002,2002.TW
2025-07-23,19.51552391052246,20.0,52835743.0,2002,2002.TW
2025-07-24,19.49567985534668,19.649999618530273,20036213.0,2002,2002.TW
2025-07-25,19.49567985534668,19.649999618530273,19815902.0,2002,2002.TW
2025-07-28,19.247644424438477,19.399999618530273,21966921.0,2002,2002.TW
2025-07-29,19.04921531677246,19.200000762939453,14874681.0,2002,2002.TW
2025-07-30,19.644502639770508,19.799999237060547,26892754.0,2002,2002.TW
2025-07-31,19.297252655029297,19.450000762939453,23637205.0,2002,2002.TW
2025-08-04,18.99960708618164,19.149999618530273,19864340.0,2002,2002.TW
2025-08-05,19.09882164001465,19.25,14000210.0,2002,2002.TW
2025-08-06,19.04921531677246,19.200000762939453,14307883.0,2002,2002.TW
2025-08-07,19.04921531677246,19.200000762939453,12988309.0,2002,2002.TW
2025-08-08,18.99960708618164,19.149999618530273,15855596.0,2002,2002.TW
2025-08-11,19.19803810119629,19.350000381469727,18634082.0,2002,2002.TW
2025-08-12,19.346858978271484,19.5,20331635.0,2002,2002.TW
2025-08-13,19.49567985534668,19.649999618530273,34824034.0,2002,2002.TW
2025-08-14,19.694110870361328,19.850000381469727,27668496.0,2002,2002.TW
2025-08-15,20.339006423950195,20.5,65742256.0,2002,2002.TW
2025-08-18,20.239789962768555,20.399999618530273,38173020.0,2002,2002.TW
2025-08-19,20.041362762451172,20.200000762939453,23268161.0,2002,2002.TW
2025-08-20,19.99175453186035,20.149999618530273,28184237.0,2002,2002.TW
2025-08-21,20.190183639526367,20.350000381469727,23819706.0,2002,2002.TW
2025-08-22,19.99175453186035,20.149999618530273,19539340.0,2002,2002.TW
2025-08-25,20.239789962768555,20.399999618530273,24007496.0,2002,2002.TW
2025-08-26,19.942148208618164,20.100000381469727,43705958.0,2002,2002.TW
2025-08-27,20.140575408935547,20.299999237060547,31981817.0,2002,2002.TW
2025-08-28,19.99175453186035,20.149999618530273,20673223.0,2002,2002.TW
2025-08-29,19.942148208618164,20.100000381469727,26936445.0,2002,2002.TW
2025-09-01,19.793325424194336,19.950000762939453,25410283.0,2002,2002.TW
2025-09-02,19.59489631652832,19.75,17516159.0,2002,2002.TW
2025-09-03,19.5452880859375,19.700000762939453,43081555.0,2002,2002.TW
2025-09-04,19.694110870361328,19.850000381469727,73338994.0,2002,2002.TW
2025-09-05,19.396465301513672,19.549999237060547,34091602.0,2002,2002.TW
2025-09-08,19.396465301513672,19.549999237060547,21580915.0,2002,2002.TW
2025-09-09,19.346858978271484,19.5,25055258.0,2002,2002.TW
2025-09-10,19.297252655029297,19.450000762939453,27622327.0,2002,2002.TW
2025-09-11,18.99960708618164,19.149999618530273,36761958.0,2002,2002.TW
2025-09-12,19.19803810119629,19.350000381469727,20566070.0,2002,2002.TW
2025-09-15,19.09882164001465,19.25,20269167.0,2002,2002.TW
2025-09-16,19.04921531677246,19.200000762939453,18730245.0,2002,2002.TW
2025-09-17,19.04921531677246,19.200000762939453,25635910.0,2002,2002.TW
2025-09-18,19.19803810119629,19.350000381469727,25463744.0,2002,2002.TW
2025-09-19,19.247644424438477,19.399999618530273,31384210.0,2002,2002.TW
2025-09-22,19.297252655029297,19.450000762939453,19063727.0,2002,2002.TW
2025-09-23,19.297252655029297,19.450000762939453,21048706.0,2002,2002.TW
2025-09-24,19.19803810119629,19.350000381469727,14034091.0,2002,2002.TW
2025-09-25,19.49567985534668,19.649999618530273,35929504.0,2002,2002.TW
2025-09-26,19.396465301513672,19.549999237060547,16221497.0,2002,2002.TW
2025-09-30,19.247644424438477,19.399999618530273,25207408.0,2002,2002.TW
2025-10-01,19.148427963256836,19.299999237060547,17186591.0,2002,2002.TW
2025-10-02,19.04921531677246,19.200000762939453,26714801.0,2002,2002.TW
2025-10-03,18.850786209106445,19.0,28086030.0,2002,2002.TW
2025-10-07,18.801179885864258,18.950000762939453,31720201.0,2002,2002.TW
2025-10-08,18.850786209106445,19.0,20160924.0,2002,2002.TW
2025-10-09,18.850786209106445,19.0,28735483.0,2002,2002.TW
2025-10-13,18.850786209106445,19.0,36482334.0,2002,2002.TW
2025-10-14,18.701963424682617,18.850000381469727,35799752.0,2002,2002.TW
2025-10-15,18.553142547607422,18.700000762939453,27851689.0,2002,2002.TW
2025-10-16,18.652355194091797,18.799999237060547,14691617.0,2002,2002.TW
2025-10-17,18.900392532348633,19.049999237060547,28534330.0,2002,2002.TW
2025-10-20,18.751569747924805,18.899999618530273,19318143.0,2002,2002.TW
2025-10-21,18.60274887084961,18.75,25518967.0,2002,2002.TW
2025-10-22,18.652355194091797,18.799999237060547,13092344.0,2002,2002.TW
2025-10-23,18.751569747924805,18.899999618530273,11891405.0,2002,2002.TW
2025-10-27,18.801179885864258,18.950000762939453,19411726.0,2002,2002.TW
2025-10-28,18.801179885864258,18.950000762939453,20211029.0,2002,2002.TW
2025-10-29,18.60274887084961,18.75,18859889.0,2002,2002.TW
2025-10-30,18.60274887084961,18.75,16878165.0,2002,2002.TW
2025-10-31,18.453927993774414,18.600000381469727,23698344.0,2002,2002.TW
2025-11-03,18.205890655517578,18.350000381469727,30048754.0,2002,2002.TW
2025-11-04,18.007461547851562,18.149999618530273,35725645.0,2002,2002.TW
2025-11-05,17.957853317260742,18.100000381469727,30708427.0,2002,2002.TW
2025-11-06,18.10667610168457,18.25,23895239.0,2002,2002.TW
2025-11-07,18.057069778442383,18.200000762939453,19336857.0,2002,2002.TW
2025-11-10,18.007461547851562,18.149999618530273,23600992.0,2002,2002.TW
2025-11-11,18.007461547851562,18.149999618530273,20878625.0,2002,2002.TW
2025-11-12,18.007461547851562,18.149999618530273,23230056.0,2002,2002.TW
2025-11-13,17.908245086669922,18.049999237060547,29764348.0,2002,2002.TW
2025-11-14,17.858638763427734,18.0,29647043.0,2002,2002.TW
2025-11-17,17.809032440185547,17.950000762939453,32897054.0,2002,2002.TW
2025-11-18,17.6106014251709,17.75,29853696.0,2002,2002.TW
2025-11-19,17.56099510192871,17.700000762939453,26182112.0,2002,2002.TW
2025-11-20,17.6106014251709,17.75,21576618.0,2002,2002.TW
2025-11-21,17.51138687133789,17.649999618530273,30100993.0,2002,2002.TW
2025-11-24,17.908245086669922,18.049999237060547,59177602.0,2002,2002.TW
2025-11-25,17.66020965576172,17.799999237060547,23404901.0,2002,2002.TW
2025-11-26,18.007461547851562,18.149999618530273,30414931.0,2002,2002.TW
2025-11-27,18.057069778442383,18.200000762939453,17527034.0,2002,2002.TW
2025-11-28,18.10667610168457,18.25,20516073.0,2002,2002.TW
2025-12-01,18.453927993774414,18.600000381469727,34768297.0,2002,2002.TW
2025-12-02,18.701963424682617,18.850000381469727,27445209.0,2002,2002.TW
2025-12-03,18.900392532348633,19.049999237060547,42249552.0,2002,2002.TW
2025-12-04,18.751569747924805,18.899999618530273,22129814.0,2002,2002.TW
2025-12-05,18.553142547607422,18.700000762939453,16703215.0,2002,2002.TW
2025-12-08,18.453927993774414,18.600000381469727,20321419.0,2002,2002.TW
2025-12-09,18.305105209350586,18.450000762939453,15200310.0,2002,2002.TW
2025-12-10,18.156282424926758,18.299999237060547,14002015.0,2002,2002.TW
2025-12-11,18.205890655517578,18.350000381469727,22209542.0,2002,2002.TW
2025-12-12,18.60274887084961,18.75,27569618.0,2002,2002.TW
2025-12-15,18.801179885864258,18.950000762939453,52182327.0,2002,2002.TW
2025-12-16,18.404319763183594,18.549999237060547,34567959.0,2002,2002.TW
2025-12-17,18.255496978759766,18.399999618530273,27688779.0,2002,2002.TW
2025-12-18,18.10667610168457,18.25,23649458.0,2002,2002.TW
2025-12-19,18.701963424682617,18.850000381469727,48680900.0,2002,2002.TW
2025-12-22,18.652355194091797,18.799999237060547,25692375.0,2002,2002.TW
2025-12-23,18.453927993774414,18.600000381469727,17014398.0,2002,2002.TW
2025-12-24,18.404319763183594,18.549999237060547,12042974.0,2002,2002.TW
2025-12-26,18.701963424682617,18.850000381469727,18454990.0,2002,2002.TW
2025-12-29,18.950000762939453,19.100000381469727,59925973.0,2002,2002.TW
2025-12-30,19.09882164001465,19.25,46160248.0,2002,2002.TW
2025-12-31,18.850786209106445,19.0,23894834.0,2002,2002.TW
2026-01-02,18.60274887084961,18.75,34666225.0,2002,2002.TW
2026-01-05,18.453927993774414,18.600000381469727,37362283.0,2002,2002.TW
2026-01-06,18.354711532592773,18.5,35177222.0,2002,2002.TW
2026-01-07,19.297252655029297,19.450000762939453,101262794.0,2002,2002.TW
2026-01-08,18.99960708618164,19.149999618530273,66125959.0,2002,2002.TW
2026-01-09,18.850786209106445,19.0,37601603.0,2002,2002.TW
2026-01-12,19.396465301513672,19.549999237060547,78205179.0,2002,2002.TW
2026-01-13,19.297252655029297,19.450000762939453,49047852.0,2002,2002.TW
2026-01-14,19.247644424438477,19.399999618530273,32135771.0,2002,2002.TW
2026-01-15,19.297252655029297,19.450000762939453,52191105.0,2002,2002.TW
2026-01-16,19.09882164001465,19.25,35282486.0,2002,2002.TW
2026-01-19,19.49567985534668,19.649999618530273,76644582.0,2002,2002.TW
2026-01-20,18.99960708618164,19.149999618530273,59792051.0,2002,2002.TW
2026-01-21,18.801179885864258,18.950000762939453,45459823.0,2002,2002.TW
2026-01-22,18.850786209106445,19.0,26695714.0,2002,2002.TW
2026-01-23,18.99960708618164,19.149999618530273,31224150.0,2002,2002.TW
2026-01-26,19.49567985534668,19.649999618530273,83755998.0,2002,2002.TW
2026-01-27,19.19803810119629,19.350000381469727,55089374.0,2002,2002.TW
2026-01-28,19.446073532104492,19.600000381469727,49800518.0,2002,2002.TW
2026-01-29,20.53743553161621,20.700000762939453,251486978.0,2002,2002.TW
2026-01-30,20.5870418548584,20.75,235294276.0,2002,2002.TW
2026-02-02,20.934293746948242,21.100000381469727,191914279.0,2002,2002.TW
2026-02-03,20.48782730102539,20.649999618530273,100930438.0,2002,2002.TW
2026-02-04,20.785472869873047,20.950000762939453,87293083.0,2002,2002.TW
2026-02-05,20.785472869873047,20.950000762939453,45811253.0,2002,2002.TW
2026-02-06,20.239789962768555,20.399999618530273,51885434.0,2002,2002.TW
2026-02-09,20.190183639526367,20.350000381469727,37033236.0,2002,2002.TW
2026-02-10,20.339006423950195,20.5,22703841.0,2002,2002.TW
2026-02-11,20.735864639282227,20.899999618530273,59001136.0,2002,2002.TW
2026-02-23,20.289398193359375,20.450000762939453,62007473.0,2002,2002.TW
2026-02-24,20.53743553161621,20.700000762939453,59081444.0,2002,2002.TW
2026-02-25,21.083114624023438,21.25,100479711.0,2002,2002.TW
2026-02-26,20.5870418548584,20.75,78043140.0,2002,2002.TW
2026-03-02,20.09096908569336,20.25,59384054.0,2002,2002.TW
2026-03-03,19.89253807067871,20.049999237060547,51187666.0,2002,2002.TW
2026-03-04,19.04921531677246,19.200000762939453,72249849.0,2002,2002.TW
2026-03-05,19.148427963256836,19.299999237060547,42565829.0,2002,2002.TW
2026-03-06,19.743717193603516,19.899999618530273,34425063.0,2002,2002.TW
2026-03-09,18.99960708618164,19.149999618530273,63125886.0,2002,2002.TW
2026-03-10,19.04921531677246,19.200000762939453,27000996.0,2002,2002.TW
2026-03-11,19.346858978271484,19.5,32306390.0,2002,2002.TW
2026-03-12,19.19803810119629,19.350000381469727,39028873.0,2002,2002.TW
2026-03-13,18.950000762939453,19.100000381469727,37099891.0,2002,2002.TW
2026-03-16,18.99960708618164,19.149999618530273,34456872.0,2002,2002.TW
2026-03-17,19.09882164001465,19.25,26406192.0,2002,2002.TW
2026-03-18,19.148427963256836,19.299999237060547,38709423.0,2002,2002.TW
2026-03-19,18.652355194091797,18.799999237060547,105724024.0,2002,2002.TW
2026-03-20,19.297252655029297,19.450000762939453,101892889.0,2002,2002.TW
2026-03-23,18.900392532348633,19.049999237060547,79176314.0,2002,2002.TW
2026-03-24,19.04921531677246,19.200000762939453,31904950.0,2002,2002.TW
2026-03-25,19.148427963256836,19.299999237060547,33632166.0,2002,2002.TW
2026-03-26,19.59489631652832,19.75,72608456.0,2002,2002.TW
2026-03-27,19.446073532104492,19.600000381469727,25683422.0,2002,2002.TW
2026-03-30,18.99960708618164,19.149999618530273,65222025.0,2002,2002.TW
2026-03-31,18.751569747924805,18.899999618530273,67064639.0,2002,2002.TW
2026-04-01,19.346858978271484,19.5,38485011.0,2002,2002.TW
2026-04-02,19.346858978271484,19.5,28354958.0,2002,2002.TW
2026-04-07,19.346858978271484,19.5,31305030.0,2002,2002.TW
2026-04-08,19.793325424194336,19.950000762939453,47528364.0,2002,2002.TW
2026-04-09,20.041362762451172,20.200000762939453,59019395.0,2002,2002.TW
2026-04-10,19.89253807067871,20.049999237060547,45160050.0,2002,2002.TW
2026-04-13,20.041362762451172,20.200000762939453,28811512.0,2002,2002.TW
2026-04-14,20.339006423950195,20.5,49998055.0,2002,2002.TW
2026-04-15,19.942148208618164,20.100000381469727,40791519.0,2002,2002.TW
2026-04-16,19.793325424194336,19.950000762939453,46004121.0,2002,2002.TW
2026-04-17,19.942148208618164,20.100000381469727,26032576.0,2002,2002.TW
2026-04-20,19.694110870361328,19.850000381469727,29914103.0,2002,2002.TW
2026-04-21,19.59489631652832,19.75,23888970.0,2002,2002.TW
2026-04-22,19.396465301513672,19.549999237060547,31266758.0,2002,2002.TW
2026-04-23,18.99960708618164,19.149999618530273,66953116.0,2002,2002.TW
2026-04-24,18.850786209106445,19.0,43997009.0,2002,2002.TW
2026-04-27,18.60274887084961,18.75,61970637.0,2002,2002.TW
2026-04-28,18.60274887084961,18.75,51215393.0,2002,2002.TW
2026-04-29,18.850786209106445,19.0,44845871.0,2002,2002.TW
2026-04-30,18.60274887084961,18.75,40752597.0,2002,2002.TW
2026-05-04,18.453927993774414,18.600000381469727,45698827.0,2002,2002.TW
2026-05-05,18.453927993774414,18.600000381469727,35275437.0,2002,2002.TW
2026-05-06,18.652355194091797,18.799999237060547,57937460.0,2002,2002.TW
2026-05-07,18.701963424682617,18.850000381469727,50686562.0,2002,2002.TW
2026-05-08,18.60274887084961,18.75,36826849.0,2002,2002.TW
2026-05-11,18.453927993774414,18.600000381469727,48719904.0,2002,2002.TW
2026-05-12,18.354711532592773,18.5,46378681.0,2002,2002.TW
2026-05-13,18.255496978759766,18.399999618530273,41432059.0,2002,2002.TW
2026-05-14,18.156282424926758,18.299999237060547,36040392.0,2002,2002.TW
2026-05-15,18.007461547851562,18.149999618530273,36937124.0,2002,2002.TW
2026-05-18,18.057069778442383,18.200000762939453,31664379.0,2002,2002.TW
2026-05-19,18.057069778442383,18.200000762939453,33170095.0,2002,2002.TW
2026-05-20,17.957853317260742,18.100000381469727,28216896.0,2002,2002.TW
2026-05-21,18.057069778442383,18.200000762939453,30076191.0,2002,2002.TW
2026-05-22,18.007461547851562,18.149999618530273,33029475.0,2002,2002.TW
2026-05-25,19.793325424194336,19.950000762939453,208876019.0,2002,2002.TW
2026-05-26,19.346858978271484,19.5,280099535.0,2002,2002.TW
2026-05-27,18.950000762939453,19.100000381469727,96444115.0,2002,2002.TW
2026-05-28,18.701963424682617,18.850000381469727,84669806.0,2002,2002.TW
2026-05-29,18.950000762939453,19.100000381469727,79114577.0,2002,2002.TW
2026-06-01,18.950000762939453,19.100000381469727,66651439.0,2002,2002.TW
2026-06-02,18.801179885864258,18.950000762939453,70362985.0,2002,2002.TW
2026-06-03,19.247644424438477,19.399999618530273,111273776.0,2002,2002.TW
2026-06-04,19.09882164001465,19.25,74927387.0,2002,2002.TW
2026-06-05,19.148427963256836,19.299999237060547,52193056.0,2002,2002.TW
2026-06-08,18.5035343170166,18.649999618530273,112694020.0,2002,2002.TW
2026-06-09,18.60274887084961,18.75,54894340.0,2002,2002.TW
2026-06-10,18.553142547607422,18.700000762939453,44871374.0,2002,2002.TW
2026-06-11,18.404319763183594,18.549999237060547,53324692.0,2002,2002.TW
2026-06-12,18.751569747924805,18.899999618530273,57479049.0,2002,2002.TW
2026-06-15,18.850786209106445,19.0,69698278.0,2002,2002.TW
2026-06-16,18.5035343170166,18.649999618530273,61376088.0,2002,2002.TW
2026-06-17,18.60274887084961,18.75,44710364.0,2002,2002.TW
2026-06-18,18.950000762939453,19.100000381469727,382434690.0,2002,2002.TW
2026-06-22,19.346858978271484,19.5,129066657.0,2002,2002.TW
2026-06-23,19.04921531677246,19.200000762939453,86902231.0,2002,2002.TW
2026-06-24,19.19803810119629,19.350000381469727,44346894.0,2002,2002.TW
2026-06-25,18.900392532348633,19.049999237060547,54786136.0,2002,2002.TW
2026-06-26,18.850786209106445,19.0,57329147.0,2002,2002.TW
2026-06-29,18.900392532348633,19.049999237060547,29254452.0,2002,2002.TW
2026-06-30,18.652355194091797,18.799999237060547,72792789.0,2002,2002.TW
2026-07-01,18.5035343170166,18.649999618530273,44244428.0,2002,2002.TW
2026-07-02,18.453927993774414,18.600000381469727,30129103.0,2002,2002.TW
2026-07-03,18.801179885864258,18.950000762939453,40978182.0,2002,2002.TW
2026-07-06,18.850786209106445,19.0,26135342.0,2002,2002.TW
2026-07-07,18.453927993774414,18.600000381469727,41967486.0,2002,2002.TW
2026-07-08,18.553142547607422,18.700000762939453,21023057.0,2002,2002.TW
2026-07-09,18.404319763183594,18.549999237060547,25398257.0,2002,2002.TW
2026-07-10,18.404319763183594,18.549999237060547,0.0,2002,2002.TW
2026-07-13,18.255496978759766,18.399999618530273,42802691.0,2002,2002.TW
2026-07-14,18.354711532592773,18.5,42082089.0,2002,2002.TW
2026-07-15,18.5035343170166,18.649999618530273,32595368.0,2002,2002.TW
2026-07-16,18.652355194091797,18.799999237060547,26790267.0,2002,2002.TW
2026-07-17,18.5035343170166,18.649999618530273,49523593.0,2002,2002.TW
2026-07-20,18.404319763183594,18.549999237060547,40501922.0,2002,2002.TW
2026-07-21,18.652355194091797,18.799999237060547,31282179.0,2002,2002.TW
2026-07-22,18.701963424682617,18.850000381469727,46272273.0,2002,2002.TW
2026-07-23,18.950000762939453,19.100000381469727,88839543.0,2002,2002.TW
2026-07-24,19.149999618530273,19.149999618530273,59613988.0,2002,2002.TW
2026-07-27,19.25,19.25,34107324.0,2002,2002.TW
2026-07-28,19.0,19.0,36178852.0,2002,2002.TW
2026-07-29,18.950000762939453,18.950000762939453,54093102.0,2002,2002.TW
2026-07-30,18.950000762939453,18.950000762939453,38199610.0,2002,2002.TW
2026-07-31,18.950000762939453,18.950000762939453,37626117.0,2002,2002.TW
2025-05-27,603.2982788085938,615.9125366210938,2240215.0,3665,3665.TW
2025-05-28,598.4486083984375,610.9614868164062,2547295.0,3665,3665.TW
2025-05-29,625.606689453125,638.6874389648438,5647107.0,3665,3665.TW
2025-06-02,618.8171997070312,631.7559814453125,2988478.0,3665,3665.TW
2025-06-03,629.4864501953125,642.6483154296875,10293490.0,3665,3665.TW
2025-06-04,611.0577392578125,623.8342895507812,6147853.0,3665,3665.TW
2025-06-05,623.6668090820312,636.70703125,2667321.0,3665,3665.TW
2025-06-06,598.4486083984375,610.9614868164062,5619078.0,3665,3665.TW
2025-06-09,605.2381591796875,617.8930053710938,2885090.0,3665,3665.TW
2025-06-10,635.3060913085938,648.589599609375,4819178.0,3665,3665.TW
2025-06-11,647.9151000976562,661.4623413085938,6039674.0,3665,3665.TW
2025-06-12,671.1935424804688,685.2274780273438,4825799.0,3665,3665.TW
2025-06-13,729.3895263671875,744.6402587890625,13445292.0,3665,3665.TW
2025-06-16,742.9685668945312,758.5032348632812,5746292.0,3665,3665.TW
2025-06-17,757.517578125,773.3564453125,6040262.0,3665,3665.TW
2025-06-18,761.3973388671875,777.3173217773438,6367961.0,3665,3665.TW
2025-06-19,746.8483276367188,762.464111328125,4753468.0,3665,3665.TW
2025-06-20,741.9987182617188,757.5130615234375,4897549.0,3665,3665.TW
2025-06-23,760.4274291992188,776.3270874023438,4838973.0,3665,3665.TW
2025-06-24,773.0364990234375,789.1998291015625,5499935.0,3665,3665.TW
2025-06-25,785.6456298828125,802.0726318359375,3841187.0,3665,3665.TW
2025-06-26,778.8561401367188,795.14111328125,3882504.0,3665,3665.TW
2025-06-27,784.6757202148438,801.0823974609375,2069741.0,3665,3665.TW
2025-06-30,822.5031127929688,839.7007446289062,5445822.0,3665,3665.TW
2025-07-01,822.5031127929688,839.7007446289062,4442279.0,3665,3665.TW
2025-07-02,809.8939208984375,826.8279418945312,3600576.0,3665,3665.TW
2025-07-03,841.9017333984375,859.5050048828125,3418621.0,3665,3665.TW
2025-07-04,859.3605346679688,877.3287963867188,4305866.0,3665,3665.TW
2025-07-07,835.1122436523438,852.573486328125,4075371.0,3665,3665.TW
2025-07-08,852.5709838867188,870.3973388671875,3791662.0,3665,3665.TW
2025-07-09,905.9173583984375,924.8590698242188,5687566.0,3665,3665.TW
2025-07-10,883.60888671875,902.0841674804688,4500583.0,3665,3665.TW
2025-07-11,869.0598754882812,887.23095703125,4217655.0,3665,3665.TW
2025-07-14,847.7213745117188,865.4462890625,3282586.0,3665,3665.TW
2025-07-15,858.390625,876.338623046875,2694772.0,3665,3665.TW
2025-07-16,855.4808349609375,873.3679809570312,2926127.0,3665,3665.TW
2025-07-17,854.6256713867188,862.0,4050726.0,3665,3665.TW
2025-07-18,863.5487060546875,871.0,4361980.0,3665,3665.TW
2025-07-21,860.5743408203125,868.0,2602375.0,3665,3665.TW
2025-07-22,811.0021362304688,818.0,5443482.0,3665,3665.TW
2025-07-23,818.9336547851562,826.0,4378145.0,3665,3665.TW
2025-07-24,842.7283325195312,850.0,3677022.0,3665,3665.TW
2025-07-25,825.873779296875,833.0,3062084.0,3665,3665.TW
2025-07-28,868.5059204101562,876.0,4585452.0,3665,3665.TW
2025-07-29,880.4032592773438,888.0,3684018.0,3665,3665.TW
2025-07-30,870.4888305664062,878.0,2827515.0,3665,3665.TW
2025-07-31,903.2064819335938,911.0,3970275.0,3665,3665.TW
2025-08-04,842.7283325195312,850.0,3781924.0,3665,3665.TW
2025-08-05,877.428955078125,885.0,3034620.0,3665,3665.TW
2025-08-06,870.4888305664062,878.0,3464410.0,3665,3665.TW
2025-08-07,922.0439453125,930.0,4452485.0,3665,3665.TW
2025-08-08,964.6760864257812,973.0,5261045.0,3665,3665.TW
2025-08-11,972.607666015625,981.0,3777389.0,3665,3665.TW
2025-08-12,955.7531127929688,964.0,3834860.0,3665,3665.TW
2025-08-13,980.5392456054688,989.0,5145954.0,3665,3665.TW
2025-08-14,980.5392456054688,989.0,2667180.0,3665,3665.TW
2025-08-15,976.5734252929688,985.0,3232221.0,3665,3665.TW
2025-08-18,968.6419067382812,977.0,4642659.0,3665,3665.TW
2025-08-19,935.9241943359375,944.0,4474934.0,3665,3665.TW
2025-08-20,917.0867309570312,925.0,4744111.0,3665,3665.TW
2025-08-21,968.6419067382812,977.0,7780459.0,3665,3665.TW
2025-08-22,933.9412841796875,942.0,5112478.0,3665,3665.TW
2025-08-25,921.052490234375,929.0,4940272.0,3665,3665.TW
2025-08-26,927.001220703125,935.0,3815143.0,3665,3665.TW
2025-08-27,952.7787475585938,961.0,4916693.0,3665,3665.TW
2025-08-28,972.607666015625,981.0,5636264.0,3665,3665.TW
2025-08-29,1065.803466796875,1075.0,6768115.0,3665,3665.TW
2025-09-01,967.6504516601562,976.0,6031162.0,3665,3665.TW
2025-09-02,950.7958984375,959.0,4605060.0,3665,3665.TW
2025-09-03,958.7274169921875,967.0,2703406.0,3665,3665.TW
2025-09-04,1050.931884765625,1060.0,8082297.0,3665,3665.TW
2025-09-05,1065.803466796875,1075.0,5956890.0,3665,3665.TW
2025-09-08,1075.718017578125,1085.0,2089810.0,3665,3665.TW
2025-09-09,1080.6751708984375,1090.0,3006345.0,3665,3665.TW
2025-09-10,1125.2901611328125,1135.0,2855426.0,3665,3665.TW
2025-09-11,1115.375732421875,1125.0,2715119.0,3665,3665.TW
2025-09-12,1090.589599609375,1100.0,2376697.0,3665,3665.TW
2025-09-15,1085.6324462890625,1095.0,2007080.0,3665,3665.TW
2025-09-16,1105.4613037109375,1115.0,4722806.0,3665,3665.TW
2025-09-17,1090.589599609375,1100.0,1853502.0,3665,3665.TW
2025-09-18,1115.375732421875,1125.0,1431450.0,3665,3665.TW
2025-09-19,1105.4613037109375,1115.0,3947433.0,3665,3665.TW
2025-09-22,1110.4185791015625,1120.0,1198798.0,3665,3665.TW
2025-09-23,1075.718017578125,1085.0,2145319.0,3665,3665.TW
2025-09-24,1085.6324462890625,1095.0,1343404.0,3665,3665.TW
2025-09-25,989.4622192382812,998.0,4162126.0,3665,3665.TW
2025-09-26,975.58203125,984.0,2670539.0,3665,3665.TW
2025-09-30,1021.1884765625,1030.0,2708576.0,3665,3665.TW
2025-10-01,1031.1029052734375,1040.0,1633303.0,3665,3665.TW
2025-10-02,1016.2312622070312,1025.0,1828170.0,3665,3665.TW
2025-10-03,1050.931884765625,1060.0,2780422.0,3665,3665.TW
2025-10-07,1021.1884765625,1030.0,2280745.0,3665,3665.TW
2025-10-08,1045.974609375,1055.0,2795654.0,3665,3665.TW
2025-10-09,1095.546875,1105.0,3102551.0,3665,3665.TW
2025-10-13,1085.6324462890625,1095.0,2660324.0,3665,3665.TW
2025-10-14,1115.375732421875,1125.0,5827451.0,3665,3665.TW
2025-10-15,1174.8624267578125,1185.0,5472613.0,3665,3665.TW
2025-10-16,1209.5631103515625,1220.0,3757404.0,3665,3665.TW
2025-10-17,1283.92138671875,1295.0,5444399.0,3665,3665.TW
2025-10-20,1278.9642333984375,1290.0,3045851.0,3665,3665.TW
2025-10-21,1278.9642333984375,1290.0,2565855.0,3665,3665.TW
2025-10-22,1308.70751953125,1320.0,4902741.0,3665,3665.TW
2025-10-23,1318.6220703125,1330.0,2276491.0,3665,3665.TW
2025-10-27,1358.27978515625,1370.0,2690511.0,3665,3665.TW
2025-10-28,1432.63818359375,1445.0,3241395.0,3665,3665.TW
2025-10-29,1447.5098876953125,1460.0,2432328.0,3665,3665.TW
2025-10-30,1388.023193359375,1400.0,2945127.0,3665,3665.TW
2025-10-31,1383.06591796875,1395.0,1817170.0,3665,3665.TW
2025-11-03,1442.5526123046875,1455.0,2872849.0,3665,3665.TW
2025-11-04,1368.1942138671875,1380.0,2748978.0,3665,3665.TW
2025-11-05,1363.237060546875,1375.0,3455089.0,3665,3665.TW
2025-11-06,1358.27978515625,1370.0,2461811.0,3665,3665.TW
2025-11-07,1402.8948974609375,1415.0,2925091.0,3665,3665.TW
2025-11-10,1521.8682861328125,1535.0,4122431.0,3665,3665.TW
2025-11-11,1536.739990234375,1550.0,3981087.0,3665,3665.TW
2025-11-12,1487.167724609375,1500.0,3261756.0,3665,3665.TW
2025-11-13,1591.2694091796875,1605.0,3539222.0,3665,3665.TW
2025-11-14,1506.99658203125,1520.0,3698972.0,3665,3665.TW
2025-11-17,1611.0982666015625,1625.0,3456114.0,3665,3665.TW
2025-11-18,1556.56884765625,1570.0,3833121.0,3665,3665.TW
2025-11-19,1566.4832763671875,1580.0,2952457.0,3665,3665.TW
2025-11-20,1665.6278076171875,1680.0,3034497.0,3665,3665.TW
2025-11-21,1591.2694091796875,1605.0,3762862.0,3665,3665.TW
2025-11-24,1546.6544189453125,1560.0,17049556.0,3665,3665.TW
2025-11-25,1531.78271484375,1545.0,9262634.0,3665,3665.TW
2025-11-26,1487.167724609375,1500.0,5629631.0,3665,3665.TW
2025-11-27,1526.825439453125,1540.0,4793334.0,3665,3665.TW
2025-11-28,1596.2266845703125,1610.0,3891476.0,3665,3665.TW
2025-12-01,1586.312255859375,1600.0,2936229.0,3665,3665.TW
2025-12-02,1521.8682861328125,1535.0,6996110.0,3665,3665.TW
2025-12-03,1511.953857421875,1525.0,3538331.0,3665,3665.TW
2025-12-04,1516.9110107421875,1530.0,3853383.0,3665,3665.TW
2025-12-05,1511.953857421875,1525.0,1870663.0,3665,3665.TW
2025-12-08,1502.039306640625,1515.0,2221625.0,3665,3665.TW
2025-12-09,1457.42431640625,1470.0,3687241.0,3665,3665.TW
2025-12-10,1511.953857421875,1525.0,3147746.0,3665,3665.TW
2025-12-11,1521.8682861328125,1535.0,2677436.0,3665,3665.TW
2025-12-12,1521.8682861328125,1535.0,1819171.0,3665,3665.TW
2025-12-15,1462.381591796875,1475.0,2632694.0,3665,3665.TW
2025-12-16,1427.6810302734375,1440.0,3855922.0,3665,3665.TW
2025-12-17,1422.7237548828125,1435.0,1757858.0,3665,3665.TW
2025-12-18,1427.6810302734375,1440.0,2439398.0,3665,3665.TW
2025-12-19,1427.6810302734375,1440.0,8101154.0,3665,3665.TW
2025-12-22,1462.381591796875,1475.0,2604822.0,3665,3665.TW
2025-12-23,1447.5098876953125,1460.0,1625180.0,3665,3665.TW
2025-12-24,1536.739990234375,1550.0,3399711.0,3665,3665.TW
2025-12-26,1531.78271484375,1545.0,1881377.0,3665,3665.TW
2025-12-29,1492.1248779296875,1505.0,2230577.0,3665,3665.TW
2025-12-30,1492.1248779296875,1505.0,1062893.0,3665,3665.TW
2025-12-31,1506.99658203125,1520.0,1922723.0,3665,3665.TW
2026-01-02,1511.953857421875,1525.0,2292185.0,3665,3665.TW
2026-01-05,1561.526123046875,1575.0,3086804.0,3665,3665.TW
2026-01-06,1561.526123046875,1575.0,3447013.0,3665,3665.TW
2026-01-07,1417.7664794921875,1430.0,7461375.0,3665,3665.TW
2026-01-08,1397.9376220703125,1410.0,4770851.0,3665,3665.TW
2026-01-09,1412.809326171875,1425.0,3079442.0,3665,3665.TW
2026-01-12,1383.06591796875,1395.0,2349611.0,3665,3665.TW
2026-01-13,1407.85205078125,1420.0,1762505.0,3665,3665.TW
2026-01-14,1482.21044921875,1495.0,2907419.0,3665,3665.TW
2026-01-15,1457.42431640625,1470.0,1795568.0,3665,3665.TW
2026-01-16,1388.023193359375,1400.0,3499253.0,3665,3665.TW
2026-01-19,1303.7503662109375,1315.0,4804063.0,3665,3665.TW
2026-01-20,1328.5364990234375,1340.0,2221905.0,3665,3665.TW
2026-01-21,1288.878662109375,1300.0,3633161.0,3665,3665.TW
2026-01-22,1407.85205078125,1420.0,4510254.0,3665,3665.TW
2026-01-23,1378.1087646484375,1390.0,3159653.0,3665,3665.TW
2026-01-26,1417.7664794921875,1430.0,1839644.0,3665,3665.TW
2026-01-27,1407.85205078125,1420.0,2077086.0,3665,3665.TW
2026-01-28,1427.6810302734375,1440.0,1673759.0,3665,3665.TW
2026-01-29,1353.3226318359375,1365.0,3728872.0,3665,3665.TW
2026-01-30,1288.878662109375,1300.0,3896158.0,3665,3665.TW
2026-02-02,1313.664794921875,1325.0,2659750.0,3665,3665.TW
2026-02-03,1397.9376220703125,1410.0,3426104.0,3665,3665.TW
2026-02-04,1328.5364990234375,1340.0,3284564.0,3665,3665.TW
2026-02-05,1249.2208251953125,1260.0,3495568.0,3665,3665.TW
2026-02-06,1274.0069580078125,1285.0,4800561.0,3665,3665.TW
2026-02-09,1244.263671875,1255.0,3728258.0,3665,3665.TW
2026-02-10,1368.1942138671875,1380.0,2739907.0,3665,3665.TW
2026-02-11,1353.3226318359375,1365.0,6994347.0,3665,3665.TW
2026-02-23,1278.9642333984375,1290.0,4704873.0,3665,3665.TW
2026-02-24,1283.92138671875,1295.0,3820257.0,3665,3665.TW
2026-02-25,1333.49365234375,1345.0,5663172.0,3665,3665.TW
2026-02-26,1397.9376220703125,1410.0,5440294.0,3665,3665.TW
2026-03-02,1492.1248779296875,1505.0,5870040.0,3665,3665.TW
2026-03-03,1630.92724609375,1645.0,10591525.0,3665,3665.TW
2026-03-04,1596.2266845703125,1610.0,7439435.0,3665,3665.TW
2026-03-05,1710.2427978515625,1725.0,6324106.0,3665,3665.TW
2026-03-06,1754.85791015625,1770.0,4478302.0,3665,3665.TW
2026-03-09,1581.35498046875,1595.0,970758.0,3665,3665.TW
2026-03-10,1551.611572265625,1565.0,8699014.0,3665,3665.TW
2026-03-11,1640.8416748046875,1655.0,3576565.0,3665,3665.TW
2026-03-12,1621.0128173828125,1635.0,3047745.0,3665,3665.TW
2026-03-13,1576.397705078125,1590.0,2949330.0,3665,3665.TW
2026-03-16,1630.92724609375,1645.0,4915243.0,3665,3665.TW
2026-03-17,1725.114501953125,1740.0,4096391.0,3665,3665.TW
2026-03-18,1675.542236328125,1690.0,3996754.0,3665,3665.TW
2026-03-19,1705.28564453125,1720.0,4609896.0,3665,3665.TW
2026-03-20,1809.3873291015625,1825.0,9752972.0,3665,3665.TW
2026-03-23,1754.85791015625,1770.0,3197004.0,3665,3665.TW
2026-03-24,1715.2000732421875,1730.0,2525477.0,3665,3665.TW
2026-03-25,1789.5584716796875,1805.0,4192333.0,3665,3665.TW
2026-03-26,1799.472900390625,1815.0,3331156.0,3665,3665.TW
2026-03-27,1844.087890625,1860.0,2519542.0,3665,3665.TW
2026-03-30,1863.9168701171875,1880.0,2309087.0,3665,3665.TW
2026-03-31,1725.114501953125,1740.0,3628608.0,3665,3665.TW
2026-04-01,1893.66015625,1910.0,2555176.0,3665,3665.TW
2026-04-02,1898.617431640625,1915.0,4775396.0,3665,3665.TW
2026-04-07,1972.975830078125,1990.0,2696385.0,3665,3665.TW
2026-04-08,1997.761962890625,2015.0,2616667.0,3665,3665.TW
2026-04-09,2111.778076171875,2130.0,3662829.0,3665,3665.TW
2026-04-10,2181.17919921875,2200.0,2293430.0,3665,3665.TW
2026-04-13,2205.96533203125,2225.0,1932336.0,3665,3665.TW
2026-04-14,2275.366455078125,2295.0,2906999.0,3665,3665.TW
2026-04-15,2329.89599609375,2350.0,2400200.0,3665,3665.TW
2026-04-16,2374.510986328125,2395.0,2575628.0,3665,3665.TW
2026-04-17,2344.767822265625,2365.0,2263409.0,3665,3665.TW
2026-04-20,2438.955078125,2460.0,2538403.0,3665,3665.TW
2026-04-21,2404.25439453125,2425.0,2554256.0,3665,3665.TW
2026-04-22,2533.142333984375,2555.0,3168869.0,3665,3665.TW
2026-04-23,2731.431396484375,2755.0,6501191.0,3665,3665.TW
2026-04-24,2741.345703125,2765.0,3388426.0,3665,3665.TW
2026-04-27,2607.500732421875,2630.0,2969166.0,3665,3665.TW
2026-04-28,2607.500732421875,2630.0,2335870.0,3665,3665.TW
2026-04-29,2756.217529296875,2780.0,2638261.0,3665,3665.TW
2026-04-30,2746.302978515625,2770.0,2645974.0,3665,3665.TW
2026-05-04,2914.8486328125,2940.0,2778750.0,3665,3665.TW
2026-05-05,2850.40478515625,2875.0,2040625.0,3665,3665.TW
2026-05-06,2721.516845703125,2745.0,6029606.0,3665,3665.TW
2026-05-07,2756.217529296875,2780.0,2462663.0,3665,3665.TW
2026-05-08,2726.47412109375,2750.0,1861923.0,3665,3665.TW
2026-05-11,2880.148193359375,2905.0,2619632.0,3665,3665.TW
2026-05-12,2751.26025390625,2775.0,3295285.0,3665,3665.TW
2026-05-13,2478.61279296875,2500.0,834386.0,3665,3665.TW
2026-05-14,2230.75146484375,2250.0,5038688.0,3665,3665.TW
2026-05-15,2077.07763671875,2095.0,9777574.0,3665,3665.TW
2026-05-18,2007.6763916015625,2025.0,4966815.0,3665,3665.TW
2026-05-19,1972.975830078125,1990.0,3433198.0,3665,3665.TW
2026-05-20,1948.189697265625,1965.0,2067750.0,3665,3665.TW
2026-05-21,2136.564208984375,2155.0,2378816.0,3665,3665.TW
2026-05-22,2205.96533203125,2225.0,2166519.0,3665,3665.TW
2026-05-25,2364.5966796875,2385.0,1915270.0,3665,3665.TW
2026-05-26,2245.623291015625,2265.0,1265772.0,3665,3665.TW
2026-05-27,2096.906494140625,2115.0,2207901.0,3665,3665.TW
2026-05-28,2096.906494140625,2115.0,2787471.0,3665,3665.TW
2026-05-29,2067.1630859375,2085.0,2548504.0,3665,3665.TW
2026-06-01,2101.86376953125,2120.0,1366117.0,3665,3665.TW
2026-06-02,2176.22216796875,2195.0,1772044.0,3665,3665.TW
2026-06-03,2285.281005859375,2305.0,4590911.0,3665,3665.TW
2026-06-04,2136.564208984375,2155.0,3073078.0,3665,3665.TW
2026-06-05,2181.17919921875,2200.0,2598833.0,3665,3665.TW
2026-06-08,2077.07763671875,2095.0,3207049.0,3665,3665.TW
2026-06-09,2136.564208984375,2155.0,2422782.0,3665,3665.TW
2026-06-10,2136.564208984375,2155.0,0.0,3665,3665.TW
2026-06-11,2141.521484375,2160.0,5754377.0,3665,3665.TW
2026-06-12,2290.23828125,2310.0,3902739.0,3665,3665.TW
2026-06-15,2245.623291015625,2265.0,2896513.0,3665,3665.TW
2026-06-16,2101.86376953125,2120.0,2689021.0,3665,3665.TW
2026-06-17,2072.120361328125,2090.0,2947550.0,3665,3665.TW
2026-06-18,2082.03466796875,2100.0,6861015.0,3665,3665.TW
2026-06-22,1972.975830078125,1990.0,4815051.0,3665,3665.TW
2026-06-23,1982.8902587890625,2000.0,1785674.0,3665,3665.TW
2026-06-24,1987.8475341796875,2005.0,3251799.0,3665,3665.TW
2026-06-25,1903.5745849609375,1920.0,2280635.0,3665,3665.TW
2026-06-26,1839.1307373046875,1855.0,2744647.0,3665,3665.TW
2026-06-29,1863.9168701171875,1880.0,1463372.0,3665,3665.TW
2026-06-30,1898.617431640625,1915.0,1169644.0,3665,3665.TW
2026-07-01,1992.8046875,2010.0,1997319.0,3665,3665.TW
2026-07-02,2022.548095703125,2040.0,1332985.0,3665,3665.TW
2026-07-03,1977.9329833984375,1995.0,2046639.0,3665,3665.TW
2026-07-06,1928.3607177734375,1945.0,1955430.0,3665,3665.TW
2026-07-07,1963.0614013671875,1980.0,4360153.0,3665,3665.TW
2026-07-08,1883.7457275390625,1900.0,3366998.0,3665,3665.TW
2026-07-09,1849.045166015625,1865.0,1267072.0,3665,3665.TW
2026-07-10,1849.045166015625,1865.0,0.0,3665,3665.TW
2026-07-13,1849.045166015625,1865.0,1436516.0,3665,3665.TW
2026-07-14,1759.8150634765625,1775.0,2635917.0,3665,3665.TW
2026-07-15,1910.0,1910.0,2902639.0,3665,3665.TW
2026-07-16,1955.0,1955.0,2721632.0,3665,3665.TW
2026-07-17,1765.0,1765.0,3215109.0,3665,3665.TW
2026-07-20,1820.0,1820.0,3040279.0,3665,3665.TW
2026-07-21,2000.0,2000.0,2429277.0,3665,3665.TW
2026-07-22,2115.0,2115.0,4628929.0,3665,3665.TW
2026-07-23,2285.0,2285.0,5767386.0,3665,3665.TW
2026-07-24,2205.0,2205.0,2859495.0,3665,3665.TW
2026-07-27,2150.0,2150.0,2032962.0,3665,3665.TW
2026-07-28,2215.0,2215.0,3739842.0,3665,3665.TW
2026-07-29,2090.0,2090.0,4020920.0,3665,3665.TW
2026-07-30,1910.0,1910.0,4187156.0,3665,3665.TW
2026-07-31,2100.0,2100.0,2428706.0,3665,3665.TW
2025-05-27,696.8576049804688,706.0,3665542.0,2383,2383.TW
2025-05-28,711.663330078125,721.0,5223637.0,2383,2383.TW
2025-05-29,739.30078125,749.0,10038250.0,2383,2383.TW
2025-06-02,748.1842041015625,758.0,7020696.0,2383,2383.TW
2025-06-03,773.8475341796875,784.0,8803819.0,2383,2383.TW
2025-06-04,769.8993530273438,780.0,4835467.0,2383,2383.TW
2025-06-05,778.7827758789062,789.0,2948356.0,2383,2383.TW
2025-06-06,777.7957153320312,788.0,3885225.0,2383,2383.TW
2025-06-09,809.38134765625,820.0,7211309.0,2383,2383.TW
2025-06-10,878.474853515625,890.0,10810928.0,2383,2383.TW
2025-06-11,861.6950073242188,873.0,7334031.0,2383,2383.TW
2025-06-12,846.8892822265625,858.0,5662171.0,2383,2383.TW
2025-06-13,848.8633422851562,860.0,5753716.0,2383,2383.TW
2025-06-16,867.6173095703125,879.0,3880259.0,2383,2383.TW
2025-06-17,855.772705078125,867.0,8675010.0,2383,2383.TW
2025-06-18,834.0576171875,845.0,9084040.0,2383,2383.TW
2025-06-19,834.0576171875,845.0,3828780.0,2383,2383.TW
2025-06-20,827.1482543945312,838.0,11675227.0,2383,2383.TW
2025-06-23,823.2000732421875,834.0,6680936.0,2383,2383.TW
2025-06-24,848.8633422851562,860.0,8385013.0,2383,2383.TW
2025-06-25,846.8892822265625,858.0,7279754.0,2383,2383.TW
2025-06-26,843.9281005859375,855.0,7052176.0,2383,2383.TW
2025-06-27,854.78564453125,866.0,4760167.0,2383,2383.TW
2025-06-30,870.5784912109375,882.0,7906949.0,2383,2383.TW
2025-07-01,888.3453979492188,900.0,5186412.0,2383,2383.TW
2025-07-02,891.3065185546875,903.0,3857471.0,2383,2383.TW
2025-07-03,915.9827880859375,928.0,5258233.0,2383,2383.TW
2025-07-04,911.0475463867188,923.0,5514499.0,2383,2383.TW
2025-07-07,889.3323974609375,901.0,3227017.0,2383,2383.TW
2025-07-08,940.6590576171875,953.0,6654612.0,2383,2383.TW
2025-07-09,944.6072387695312,957.0,4764372.0,2383,2383.TW
2025-07-10,944.6072387695312,957.0,7182593.0,2383,2383.TW
2025-07-11,928.814453125,941.0,5316194.0,2383,2383.TW
2025-07-14,915.9827880859375,928.0,2879549.0,2383,2383.TW
2025-07-15,957.4389038085938,970.0,5328362.0,2383,2383.TW
2025-07-16,970.2705688476562,983.0,7085221.0,2383,2383.TW
2025-07-17,960.4000244140625,973.0,4828624.0,2383,2383.TW
2025-07-18,1011.7266845703125,1025.0,7002354.0,2383,2383.TW
2025-07-21,1001.8561401367188,1015.0,2450384.0,2383,2383.TW
2025-07-22,977.179931640625,990.0,3449697.0,2383,2383.TW
2025-07-23,975.205810546875,988.0,3041777.0,2383,2383.TW
2025-07-24,976.19287109375,989.0,3593309.0,2383,2383.TW
2025-07-25,981.1281127929688,994.0,2212840.0,2383,2383.TW
2025-07-28,1011.7266845703125,1025.0,3921818.0,2383,2383.TW
2025-07-29,1001.8561401367188,1015.0,2241606.0,2383,2383.TW
2025-07-30,991.9856567382812,1005.0,3925250.0,2383,2383.TW
2025-07-31,1090.690673828125,1105.0,5640703.0,2383,2383.TW
2025-08-04,1095.6259765625,1110.0,4740483.0,2383,2383.TW
2025-08-05,1110.4317626953125,1125.0,5243453.0,2383,2383.TW
2025-08-06,1095.6259765625,1110.0,2447933.0,2383,2383.TW
2025-08-07,1130.1727294921875,1145.0,2961609.0,2383,2383.TW
2025-08-08,1135.1080322265625,1150.0,1812519.0,2383,2383.TW
2025-08-11,1140.043212890625,1155.0,2626333.0,2383,2383.TW
2025-08-12,1159.7841796875,1175.0,2054869.0,2383,2383.TW
2025-08-13,1184.46044921875,1200.0,3998334.0,2383,2383.TW
2025-08-14,1194.3310546875,1210.0,2840780.0,2383,2383.TW
2025-08-15,1263.424560546875,1280.0,4630440.0,2383,2383.TW
2025-08-18,1288.100830078125,1305.0,3745110.0,2383,2383.TW
2025-08-19,1214.072021484375,1230.0,5269530.0,2383,2383.TW
2025-08-20,1135.1080322265625,1150.0,6045841.0,2383,2383.TW
2025-08-21,1219.0072021484375,1235.0,6356440.0,2383,2383.TW
2025-08-22,1189.395751953125,1205.0,3614687.0,2383,2383.TW
2025-08-25,1233.81298828125,1250.0,3104712.0,2383,2383.TW
2025-08-26,1233.81298828125,1250.0,3625066.0,2383,2383.TW
2025-08-27,1263.424560546875,1280.0,3725725.0,2383,2383.TW
2025-08-28,1250.0,1250.0,2883629.0,2383,2383.TW
2025-08-29,1220.0,1220.0,2783232.0,2383,2383.TW
2025-09-01,1155.0,1155.0,6355827.0,2383,2383.TW
2025-09-02,1150.0,1150.0,3752865.0,2383,2383.TW
2025-09-03,1165.0,1165.0,2563322.0,2383,2383.TW
2025-09-04,1115.0,1115.0,8088063.0,2383,2383.TW
2025-09-05,1165.0,1165.0,5797947.0,2383,2383.TW
2025-09-08,1145.0,1145.0,3548268.0,2383,2383.TW
2025-09-09,1225.0,1225.0,7588035.0,2383,2383.TW
2025-09-10,1255.0,1255.0,5446459.0,2383,2383.TW
2025-09-11,1325.0,1325.0,8531243.0,2383,2383.TW
2025-09-12,1345.0,1345.0,5515136.0,2383,2383.TW
2025-09-15,1315.0,1315.0,3595782.0,2383,2383.TW
2025-09-16,1285.0,1285.0,3532385.0,2383,2383.TW
2025-09-17,1315.0,1315.0,3791322.0,2383,2383.TW
2025-09-18,1335.0,1335.0,2865406.0,2383,2383.TW
2025-09-19,1290.0,1290.0,4060738.0,2383,2383.TW
2025-09-22,1300.0,1300.0,1607147.0,2383,2383.TW
2025-09-23,1345.0,1345.0,3919912.0,2383,2383.TW
2025-09-24,1295.0,1295.0,3356484.0,2383,2383.TW
2025-09-25,1255.0,1255.0,2075860.0,2383,2383.TW
2025-09-26,1225.0,1225.0,1983667.0,2383,2383.TW
2025-09-30,1225.0,1225.0,2685431.0,2383,2383.TW
2025-10-01,1230.0,1230.0,2321108.0,2383,2383.TW
2025-10-02,1295.0,1295.0,4206522.0,2383,2383.TW
2025-10-03,1305.0,1305.0,2194215.0,2383,2383.TW
2025-10-07,1235.0,1235.0,5965758.0,2383,2383.TW
2025-10-08,1195.0,1195.0,4515338.0,2383,2383.TW
2025-10-09,1235.0,1235.0,3162169.0,2383,2383.TW
2025-10-13,1200.0,1200.0,3499610.0,2383,2383.TW
2025-10-14,1170.0,1170.0,2594035.0,2383,2383.TW
2025-10-15,1140.0,1140.0,5188974.0,2383,2383.TW
2025-10-16,1140.0,1140.0,3498734.0,2383,2383.TW
2025-10-17,1105.0,1105.0,4006277.0,2383,2383.TW
2025-10-20,1125.0,1125.0,3807333.0,2383,2383.TW
2025-10-21,1130.0,1130.0,1495466.0,2383,2383.TW
2025-10-22,1120.0,1120.0,1518780.0,2383,2383.TW
2025-10-23,1115.0,1115.0,2348641.0,2383,2383.TW
2025-10-27,1165.0,1165.0,4972004.0,2383,2383.TW
2025-10-28,1255.0,1255.0,6241315.0,2383,2383.TW
2025-10-29,1250.0,1250.0,4871717.0,2383,2383.TW
2025-10-30,1275.0,1275.0,3556146.0,2383,2383.TW
2025-10-31,1360.0,1360.0,8329242.0,2383,2383.TW
2025-11-03,1410.0,1410.0,5709559.0,2383,2383.TW
2025-11-04,1470.0,1470.0,8284814.0,2383,2383.TW
2025-11-05,1440.0,1440.0,5762676.0,2383,2383.TW
2025-11-06,1450.0,1450.0,3492466.0,2383,2383.TW
2025-11-07,1370.0,1370.0,4449468.0,2383,2383.TW
2025-11-10,1360.0,1360.0,2613754.0,2383,2383.TW
2025-11-11,1320.0,1320.0,3981844.0,2383,2383.TW
2025-11-12,1345.0,1345.0,5979463.0,2383,2383.TW
2025-11-13,1375.0,1375.0,3196158.0,2383,2383.TW
2025-11-14,1380.0,1380.0,4606492.0,2383,2383.TW
2025-11-17,1450.0,1450.0,5477374.0,2383,2383.TW
2025-11-18,1350.0,1350.0,4349206.0,2383,2383.TW
2025-11-19,1330.0,1330.0,3429092.0,2383,2383.TW
2025-11-20,1430.0,1430.0,4952335.0,2383,2383.TW
2025-11-21,1310.0,1310.0,5106138.0,2383,2383.TW
2025-11-24,1320.0,1320.0,3722621.0,2383,2383.TW
2025-11-25,1450.0,1450.0,5098647.0,2383,2383.TW
2025-11-26,1470.0,1470.0,7207746.0,2383,2383.TW
2025-11-27,1495.0,1495.0,2999716.0,2383,2383.TW
2025-11-28,1525.0,1525.0,4183201.0,2383,2383.TW
2025-12-01,1475.0,1475.0,2873254.0,2383,2383.TW
2025-12-02,1440.0,1440.0,3632179.0,2383,2383.TW
2025-12-03,1430.0,1430.0,3352943.0,2383,2383.TW
2025-12-04,1425.0,1425.0,2327694.0,2383,2383.TW
2025-12-05,1495.0,1495.0,4157083.0,2383,2383.TW
2025-12-08,1485.0,1485.0,2173042.0,2383,2383.TW
2025-12-09,1500.0,1500.0,1869860.0,2383,2383.TW
2025-12-10,1600.0,1600.0,4321080.0,2383,2383.TW
2025-12-11,1595.0,1595.0,4534644.0,2383,2383.TW
2025-12-12,1605.0,1605.0,2616675.0,2383,2383.TW
2025-12-15,1605.0,1605.0,2577453.0,2383,2383.TW
2025-12-16,1495.0,1495.0,4349885.0,2383,2383.TW
2025-12-17,1495.0,1495.0,3317034.0,2383,2383.TW
2025-12-18,1500.0,1500.0,1702833.0,2383,2383.TW
2025-12-19,1550.0,1550.0,2373566.0,2383,2383.TW
2025-12-22,1600.0,1600.0,2282849.0,2383,2383.TW
2025-12-23,1615.0,1615.0,1367198.0,2383,2383.TW
2025-12-24,1690.0,1690.0,3574226.0,2383,2383.TW
2025-12-26,1640.0,1640.0,1731111.0,2383,2383.TW
2025-12-29,1675.0,1675.0,1952987.0,2383,2383.TW
2025-12-30,1645.0,1645.0,1335746.0,2383,2383.TW
2025-12-31,1645.0,1645.0,2379036.0,2383,2383.TW
2026-01-02,1590.0,1590.0,3341680.0,2383,2383.TW
2026-01-05,1620.0,1620.0,4176021.0,2383,2383.TW
2026-01-06,1695.0,1695.0,4145088.0,2383,2383.TW
2026-01-07,1580.0,1580.0,9779593.0,2383,2383.TW
2026-01-08,1545.0,1545.0,3944372.0,2383,2383.TW
2026-01-09,1565.0,1565.0,3066038.0,2383,2383.TW
2026-01-12,1610.0,1610.0,3243025.0,2383,2383.TW
2026-01-13,1635.0,1635.0,2923129.0,2383,2383.TW
2026-01-14,1670.0,1670.0,2475885.0,2383,2383.TW
2026-01-15,1570.0,1570.0,5323444.0,2383,2383.TW
2026-01-16,1625.0,1625.0,4021039.0,2383,2383.TW
2026-01-19,1580.0,1580.0,3727572.0,2383,2383.TW
2026-01-20,1615.0,1615.0,2357644.0,2383,2383.TW
2026-01-21,1560.0,1560.0,3323499.0,2383,2383.TW
2026-01-22,1660.0,1660.0,3588781.0,2383,2383.TW
2026-01-23,1800.0,1800.0,5599244.0,2383,2383.TW
2026-01-26,1740.0,1740.0,3109022.0,2383,2383.TW
2026-01-27,1820.0,1820.0,3418365.0,2383,2383.TW
2026-01-28,1900.0,1900.0,4255277.0,2383,2383.TW
2026-01-29,1790.0,1790.0,3946434.0,2383,2383.TW
2026-01-30,1745.0,1745.0,3050026.0,2383,2383.TW
2026-02-02,1785.0,1785.0,3679677.0,2383,2383.TW
2026-02-03,1855.0,1855.0,3941687.0,2383,2383.TW
2026-02-04,2040.0,2040.0,5848995.0,2383,2383.TW
2026-02-05,1950.0,1950.0,5772666.0,2383,2383.TW
2026-02-06,1925.0,1925.0,5851558.0,2383,2383.TW
2026-02-09,2080.0,2080.0,5505206.0,2383,2383.TW
2026-02-10,2105.0,2105.0,3064950.0,2383,2383.TW
2026-02-11,2195.0,2195.0,4927034.0,2383,2383.TW
2026-02-23,2175.0,2175.0,4223266.0,2383,2383.TW
2026-02-24,2310.0,2310.0,3651151.0,2383,2383.TW
2026-02-25,2420.0,2420.0,3624506.0,2383,2383.TW
2026-02-26,2440.0,2440.0,4519909.0,2383,2383.TW
2026-03-02,2380.0,2380.0,3172034.0,2383,2383.TW
2026-03-03,2320.0,2320.0,2917142.0,2383,2383.TW
2026-03-04,2190.0,2190.0,3639313.0,2383,2383.TW
2026-03-05,2365.0,2365.0,3776599.0,2383,2383.TW
2026-03-06,2360.0,2360.0,2795898.0,2383,2383.TW
2026-03-09,2175.0,2175.0,3182669.0,2383,2383.TW
2026-03-10,2375.0,2375.0,2909865.0,2383,2383.TW
2026-03-11,2450.0,2450.0,4644481.0,2383,2383.TW
2026-03-12,2600.0,2600.0,5268257.0,2383,2383.TW
2026-03-13,2705.0,2705.0,4259892.0,2383,2383.TW
2026-03-16,2585.0,2585.0,4133267.0,2383,2383.TW
2026-03-17,2700.0,2700.0,2773602.0,2383,2383.TW
2026-03-18,2700.0,2700.0,2836307.0,2383,2383.TW
2026-03-19,2890.0,2890.0,5620253.0,2383,2383.TW
2026-03-20,2810.0,2810.0,4291157.0,2383,2383.TW
2026-03-23,2795.0,2795.0,3360337.0,2383,2383.TW
2026-03-24,2685.0,2685.0,3782625.0,2383,2383.TW
2026-03-25,2845.0,2845.0,3177610.0,2383,2383.TW
2026-03-26,2945.0,2945.0,4303097.0,2383,2383.TW
2026-03-27,2910.0,2910.0,1912713.0,2383,2383.TW
2026-03-30,2785.0,2785.0,3499420.0,2383,2383.TW
2026-03-31,2600.0,2600.0,4409146.0,2383,2383.TW
2026-04-01,2860.0,2860.0,2815372.0,2383,2383.TW
2026-04-02,2785.0,2785.0,3943159.0,2383,2383.TW
2026-04-07,2885.0,2885.0,3126739.0,2383,2383.TW
2026-04-08,3170.0,3170.0,2018936.0,2383,2383.TW
2026-04-09,3220.0,3220.0,3138777.0,2383,2383.TW
2026-04-10,3420.0,3420.0,2881630.0,2383,2383.TW
2026-04-13,3325.0,3325.0,2325660.0,2383,2383.TW
2026-04-14,3605.0,3605.0,3248272.0,2383,2383.TW
2026-04-15,3810.0,3810.0,3789573.0,2383,2383.TW
2026-04-16,3835.0,3835.0,2724740.0,2383,2383.TW
2026-04-17,3800.0,3800.0,2604689.0,2383,2383.TW
2026-04-20,3850.0,3850.0,3430592.0,2383,2383.TW
2026-04-21,3950.0,3950.0,2633420.0,2383,2383.TW
2026-04-22,4065.0,4065.0,2752384.0,2383,2383.TW
2026-04-23,4100.0,4100.0,4281211.0,2383,2383.TW
2026-04-24,4475.0,4475.0,4203050.0,2383,2383.TW
2026-04-27,4730.0,4730.0,5187774.0,2383,2383.TW
2026-04-28,4375.0,4375.0,3918220.0,2383,2383.TW
2026-04-29,4440.0,4440.0,3405720.0,2383,2383.TW
2026-04-30,4545.0,4545.0,3188644.0,2383,2383.TW
2026-05-04,4755.0,4755.0,2812255.0,2383,2383.TW
2026-05-05,4730.0,4730.0,1811740.0,2383,2383.TW
2026-05-06,4950.0,4950.0,3491284.0,2383,2383.TW
2026-05-07,4960.0,4960.0,2433676.0,2383,2383.TW
2026-05-08,4750.0,4750.0,2496794.0,2383,2383.TW
2026-05-11,4850.0,4850.0,2596787.0,2383,2383.TW
2026-05-12,4900.0,4900.0,2480246.0,2383,2383.TW
2026-05-13,4930.0,4930.0,1817733.0,2383,2383.TW
2026-05-14,4920.0,4920.0,2200276.0,2383,2383.TW
2026-05-15,4615.0,4615.0,2281521.0,2383,2383.TW
2026-05-18,4545.0,4545.0,3210620.0,2383,2383.TW
2026-05-19,4535.0,4535.0,1811225.0,2383,2383.TW
2026-05-20,4395.0,4395.0,1815736.0,2383,2383.TW
2026-05-21,4690.0,4690.0,2329337.0,2383,2383.TW
2026-05-22,5005.0,5005.0,2735717.0,2383,2383.TW
2026-05-25,5505.0,5505.0,1568535.0,2383,2383.TW
2026-05-26,5290.0,5290.0,2563598.0,2383,2383.TW
2026-05-27,5305.0,5305.0,1968521.0,2383,2383.TW
2026-05-28,5055.0,5055.0,1865201.0,2383,2383.TW
2026-05-29,5120.0,5120.0,3422917.0,2383,2383.TW
2026-06-01,5070.0,5070.0,2100060.0,2383,2383.TW
2026-06-02,4860.0,4860.0,1864588.0,2383,2383.TW
2026-06-03,4830.0,4830.0,2002054.0,2383,2383.TW
2026-06-04,4830.0,4830.0,1458645.0,2383,2383.TW
2026-06-05,4885.0,4885.0,2705682.0,2383,2383.TW
2026-06-08,4770.0,4770.0,2509413.0,2383,2383.TW
2026-06-09,5065.0,5065.0,2225789.0,2383,2383.TW
2026-06-10,4940.0,4940.0,2586574.0,2383,2383.TW
2026-06-11,5095.0,5095.0,2657942.0,2383,2383.TW
2026-06-12,4830.0,4830.0,3777169.0,2383,2383.TW
2026-06-15,5030.0,5030.0,2028563.0,2383,2383.TW
2026-06-16,5120.0,5120.0,1977355.0,2383,2383.TW
2026-06-17,5200.0,5200.0,2275252.0,2383,2383.TW
2026-06-18,5600.0,5600.0,1607030.0,2383,2383.TW
2026-06-22,5825.0,5825.0,1779566.0,2383,2383.TW
2026-06-23,5700.0,5700.0,1979779.0,2383,2383.TW
2026-06-24,5560.0,5560.0,1617523.0,2383,2383.TW
2026-06-25,5640.0,5640.0,1159675.0,2383,2383.TW
2026-06-26,5255.0,5255.0,1122800.0,2383,2383.TW
2026-06-29,5450.0,5450.0,895638.0,2383,2383.TW
2026-06-30,5390.0,5390.0,1103136.0,2383,2383.TW
2026-07-01,5535.0,5535.0,882117.0,2383,2383.TW
2026-07-02,5655.0,5655.0,919256.0,2383,2383.TW
2026-07-03,6080.0,6080.0,2789165.0,2383,2383.TW
2026-07-06,5475.0,5475.0,2976079.0,2383,2383.TW
2026-07-07,5220.0,5220.0,3815606.0,2383,2383.TW
2026-07-08,5315.0,5315.0,2525179.0,2383,2383.TW
2026-07-09,5295.0,5295.0,1918133.0,2383,2383.TW
2026-07-10,5295.0,5295.0,0.0,2383,2383.TW
2026-07-13,5125.0,5125.0,1741378.0,2383,2383.TW
2026-07-14,4970.0,4970.0,2356483.0,2383,2383.TW
2026-07-15,5080.0,5080.0,1268683.0,2383,2383.TW
2026-07-16,4990.0,4990.0,1281534.0,2383,2383.TW
2026-07-17,4495.0,4495.0,2723468.0,2383,2383.TW
2026-07-20,4395.0,4395.0,3104609.0,2383,2383.TW
2026-07-21,4830.0,4830.0,2137408.0,2383,2383.TW
2026-07-22,5125.0,5125.0,2147133.0,2383,2383.TW
2026-07-23,5095.0,5095.0,1298300.0,2383,2383.TW
2026-07-24,4755.0,4755.0,1836445.0,2383,2383.TW
2026-07-27,4815.0,4815.0,1388672.0,2383,2383.TW
2026-07-28,4410.0,4410.0,2238841.0,2383,2383.TW
2026-07-29,4100.0,4100.0,3306481.0,2383,2383.TW
2026-07-30,4315.0,4315.0,5083806.0,2383,2383.TW
2026-07-31,4745.0,4745.0,1417679.0,2383,2383.TW
2025-05-27,89.71814727783203,95.0999984741211,91595731.0,6191,6191.TW
2025-05-28,90.85025024414062,96.30000305175781,60304174.0,6191,6191.TW
2025-05-29,81.79351806640625,86.69999694824219,26739361.0,6191,6191.TW
2025-06-02,76.3217544555664,80.9000015258789,47150685.0,6191,6191.TW
2025-06-03,75.75570678710938,80.30000305175781,34193441.0,6191,6191.TW
2025-06-04,76.6991195678711,81.30000305175781,22230657.0,6191,6191.TW
2025-06-05,76.79345703125,81.4000015258789,46212373.0,6191,6191.TW
2025-06-06,74.62361145019531,79.0999984741211,54854249.0,6191,6191.TW
2025-06-09,74.34059143066406,78.80000305175781,13826885.0,6191,6191.TW
2025-06-10,77.35950469970703,82.0,32081068.0,6191,6191.TW
2025-06-11,77.35950469970703,82.0,26862322.0,6191,6191.TW
2025-06-12,76.41609191894531,81.0,12409437.0,6191,6191.TW
2025-06-13,75.0009765625,79.5,12075613.0,6191,6191.TW
2025-06-16,78.58592987060547,83.30000305175781,26293829.0,6191,6191.TW
2025-06-17,76.8877944946289,81.5,20831255.0,6191,6191.TW
2025-06-18,77.35950469970703,82.0,28871560.0,6191,6191.TW
2025-06-19,76.41609191894531,81.0,19334765.0,6191,6191.TW
2025-06-20,76.13306427001953,80.69999694824219,9755435.0,6191,6191.TW
2025-06-23,76.03872680664062,80.5999984741211,6094523.0,6191,6191.TW
2025-06-24,77.83120727539062,82.5,16399550.0,6191,6191.TW
2025-06-25,77.35950469970703,82.0,10271751.0,6191,6191.TW
2025-06-26,76.03872680664062,80.5999984741211,20115927.0,6191,6191.TW
2025-06-27,83.58599090576172,88.5999984741211,62164174.0,6191,6191.TW
2025-06-30,84.15203857421875,89.19999694824219,113297729.0,6191,6191.TW
2025-07-01,85.1897964477539,90.30000305175781,83543289.0,6191,6191.TW
2025-07-02,85.6614990234375,90.80000305175781,42321242.0,6191,6191.TW
2025-07-03,81.510498046875,86.4000015258789,40529233.0,6191,6191.TW
2025-07-04,81.13313293457031,86.0,18453452.0,6191,6191.TW
2025-07-07,82.64259338378906,87.5999984741211,47273127.0,6191,6191.TW
2025-07-08,85.09544372558594,90.19999694824219,33168269.0,6191,6191.TW
2025-07-09,88.39737701416016,93.69999694824219,47454349.0,6191,6191.TW
2025-07-10,86.1332015991211,91.30000305175781,45917329.0,6191,6191.TW
2025-07-11,87.73699188232422,93.0,24220081.0,6191,6191.TW
2025-07-14,85.00110626220703,90.0999984741211,15720330.0,6191,6191.TW
2025-07-15,86.98226928710938,92.19999694824219,21104651.0,6191,6191.TW
2025-07-16,84.52940368652344,89.5999984741211,18792627.0,6191,6191.TW
2025-07-17,86.69924926757812,91.9000015258789,16718239.0,6191,6191.TW
2025-07-18,89.24502563476562,91.5,14751449.0,6191,6191.TW
2025-07-21,92.95137786865234,95.30000305175781,47965999.0,6191,6191.TW
2025-07-22,101.92464447021484,104.5,70228107.0,6191,6191.TW
2025-07-23,105.33838653564453,108.0,85253356.0,6191,6191.TW
2025-07-24,104.8507080078125,107.5,62025234.0,6191,6191.TW
2025-07-25,107.28910064697266,110.0,36472034.0,6191,6191.TW
2025-07-28,115.0919418334961,118.0,57317164.0,6191,6191.TW
2025-07-29,109.72748565673828,112.5,34388178.0,6191,6191.TW
2025-07-30,111.19052124023438,114.0,17321479.0,6191,6191.TW
2025-07-31,112.65355682373047,115.5,25671993.0,6191,6191.TW
2025-08-04,108.75212860107422,111.5,22878145.0,6191,6191.TW
2025-08-05,110.21516418457031,113.0,17078672.0,6191,6191.TW
2025-08-06,106.3137435913086,109.0,17681016.0,6191,6191.TW
2025-08-07,102.41232299804688,105.0,23023367.0,6191,6191.TW
2025-08-08,104.36302947998047,107.0,28949641.0,6191,6191.TW
2025-08-11,108.26445770263672,111.0,16909884.0,6191,6191.TW
2025-08-12,101.92464447021484,104.5,34220110.0,6191,6191.TW
2025-08-13,102.41232299804688,105.0,27570229.0,6191,6191.TW
2025-08-14,107.77677917480469,110.5,33510239.0,6191,6191.TW
2025-08-15,104.8507080078125,107.5,21545282.0,6191,6191.TW
2025-08-18,105.33838653564453,108.0,19102134.0,6191,6191.TW
2025-08-19,102.9000015258789,105.5,16603009.0,6191,6191.TW
2025-08-20,98.99858093261719,101.5,12262951.0,6191,6191.TW
2025-08-21,101.43696594238281,104.0,7647954.0,6191,6191.TW
2025-08-22,99.97393035888672,102.5,6592777.0,6191,6191.TW
2025-08-25,106.3137435913086,109.0,14537941.0,6191,6191.TW
2025-08-26,106.3137435913086,109.0,29770227.0,6191,6191.TW
2025-08-27,116.55497741699219,119.5,36646655.0,6191,6191.TW
2025-08-28,127.77156066894531,131.0,43650817.0,6191,6191.TW
2025-08-29,140.45118713378906,144.0,88258692.0,6191,6191.TW
2025-09-01,127.77156066894531,131.0,72084054.0,6191,6191.TW
2025-09-02,131.67298889160156,135.0,64663585.0,6191,6191.TW
2025-09-03,142.8895721435547,146.5,76114807.0,6191,6191.TW
2025-09-04,133.13601684570312,136.5,66903695.0,6191,6191.TW
2025-09-05,131.67298889160156,135.0,47847698.0,6191,6191.TW
2025-09-08,130.6976318359375,134.0,28175591.0,6191,6191.TW
2025-09-09,130.20994567871094,133.5,35738486.0,6191,6191.TW
2025-09-10,134.1113739013672,137.5,41772732.0,6191,6191.TW
2025-09-11,127.28388214111328,130.5,32829221.0,6191,6191.TW
2025-09-12,123.38246154785156,126.5,24847287.0,6191,6191.TW
2025-09-15,118.50568389892578,121.5,17964349.0,6191,6191.TW
2025-09-16,118.99336242675781,122.0,13033665.0,6191,6191.TW
2025-09-17,118.01800537109375,121.0,11896335.0,6191,6191.TW
2025-09-18,125.82085418701172,129.0,46277045.0,6191,6191.TW
2025-09-19,126.79621124267578,130.0,33972780.0,6191,6191.TW
2025-09-22,129.23460388183594,132.5,24047692.0,6191,6191.TW
2025-09-23,122.40711212158203,125.5,31381467.0,6191,6191.TW
2025-09-24,121.43175506591797,124.5,11264047.0,6191,6191.TW
2025-09-25,118.50568389892578,121.5,13421845.0,6191,6191.TW
2025-09-26,112.65355682373047,115.5,13836974.0,6191,6191.TW
2025-09-30,117.04265594482422,120.0,10445063.0,6191,6191.TW
2025-10-01,118.01800537109375,121.0,7322584.0,6191,6191.TW
2025-10-02,115.0919418334961,118.0,7990225.0,6191,6191.TW
2025-10-03,114.60426330566406,117.5,5495556.0,6191,6191.TW
2025-10-07,117.53033447265625,120.5,7639232.0,6191,6191.TW
2025-10-08,117.04265594482422,120.0,5347947.0,6191,6191.TW
2025-10-09,112.65355682373047,115.5,13455060.0,6191,6191.TW
2025-10-13,109.72748565673828,112.5,10781892.0,6191,6191.TW
2025-10-14,104.36302947998047,107.0,17288528.0,6191,6191.TW
2025-10-15,104.8507080078125,107.5,13431245.0,6191,6191.TW
2025-10-16,108.75212860107422,111.5,10528591.0,6191,6191.TW
2025-10-17,104.36302947998047,107.0,8412151.0,6191,6191.TW
2025-10-20,102.9000015258789,105.5,9168899.0,6191,6191.TW
2025-10-21,106.80142211914062,109.5,9997877.0,6191,6191.TW
2025-10-22,103.38768005371094,106.0,7368980.0,6191,6191.TW
2025-10-23,103.87535858154297,106.5,5144590.0,6191,6191.TW
2025-10-27,104.8507080078125,107.5,7540883.0,6191,6191.TW
2025-10-28,105.82606506347656,108.5,7722425.0,6191,6191.TW
2025-10-29,109.23980712890625,112.0,16309014.0,6191,6191.TW
2025-10-30,109.72748565673828,112.5,19628738.0,6191,6191.TW
2025-10-31,114.11658477783203,117.0,50339478.0,6191,6191.TW
2025-11-03,114.60426330566406,117.5,34683948.0,6191,6191.TW
2025-11-04,117.53033447265625,120.5,79043294.0,6191,6191.TW
2025-11-05,116.06729888916016,119.0,31484266.0,6191,6191.TW
2025-11-06,125.82085418701172,129.0,56742582.0,6191,6191.TW
2025-11-07,121.91943359375,125.0,35544506.0,6191,6191.TW
2025-11-10,115.57962036132812,118.5,33789188.0,6191,6191.TW
2025-11-11,112.65355682373047,115.5,22046193.0,6191,6191.TW
2025-11-12,116.06729888916016,119.0,17853832.0,6191,6191.TW
2025-11-13,119.48104095458984,122.5,17986165.0,6191,6191.TW
2025-11-14,112.65355682373047,115.5,16359460.0,6191,6191.TW
2025-11-17,111.19052124023438,114.0,13140333.0,6191,6191.TW
2025-11-18,103.38768005371094,106.0,21026322.0,6191,6191.TW
2025-11-19,101.43696594238281,104.0,14106373.0,6191,6191.TW
2025-11-20,111.19052124023438,114.0,18237938.0,6191,6191.TW
2025-11-21,107.77677917480469,110.5,24497620.0,6191,6191.TW
2025-11-24,108.26445770263672,111.0,10119085.0,6191,6191.TW
2025-11-25,118.99336242675781,122.0,31903002.0,6191,6191.TW
2025-11-26,124.35781860351562,127.5,70635330.0,6191,6191.TW
2025-11-27,125.33317565917969,128.5,54689548.0,6191,6191.TW
2025-11-28,128.25924682617188,131.5,28713877.0,6191,6191.TW
2025-12-01,124.84549713134766,128.0,25077827.0,6191,6191.TW
2025-12-02,120.94407653808594,124.0,22861370.0,6191,6191.TW
2025-12-03,118.99336242675781,122.0,9792626.0,6191,6191.TW
2025-12-04,117.53033447265625,120.5,11176821.0,6191,6191.TW
2025-12-05,118.50568389892578,121.5,6315439.0,6191,6191.TW
2025-12-08,118.99336242675781,122.0,5762980.0,6191,6191.TW
2025-12-09,117.04265594482422,120.0,11055635.0,6191,6191.TW
2025-12-10,117.04265594482422,120.0,9487074.0,6191,6191.TW
2025-12-11,117.53033447265625,120.5,16115912.0,6191,6191.TW
2025-12-12,115.0919418334961,118.0,10724683.0,6191,6191.TW
2025-12-15,117.53033447265625,120.5,8026993.0,6191,6191.TW
2025-12-16,113.1412353515625,116.0,12463758.0,6191,6191.TW
2025-12-17,114.60426330566406,117.5,5427737.0,6191,6191.TW
2025-12-18,111.6781997680664,114.5,5209261.0,6191,6191.TW
2025-12-19,113.1412353515625,116.0,6129487.0,6191,6191.TW
2025-12-22,116.06729888916016,119.0,4927213.0,6191,6191.TW
2025-12-23,114.60426330566406,117.5,4224296.0,6191,6191.TW
2025-12-24,113.62890625,116.5,4428046.0,6191,6191.TW
2025-12-26,113.1412353515625,116.0,3307299.0,6191,6191.TW
2025-12-29,108.75212860107422,111.5,10956632.0,6191,6191.TW
2025-12-30,107.28910064697266,110.0,7572858.0,6191,6191.TW
2025-12-31,109.23980712890625,112.0,7042973.0,6191,6191.TW
2026-01-02,107.77677917480469,110.5,8482222.0,6191,6191.TW
2026-01-05,105.82606506347656,108.5,9796497.0,6191,6191.TW
2026-01-06,106.3137435913086,109.0,4684510.0,6191,6191.TW
2026-01-07,108.26445770263672,111.0,8587033.0,6191,6191.TW
2026-01-08,105.82606506347656,108.5,6291497.0,6191,6191.TW
2026-01-09,111.19052124023438,114.0,23246366.0,6191,6191.TW
2026-01-12,113.62890625,116.5,11143655.0,6191,6191.TW
2026-01-13,111.19052124023438,114.0,9439784.0,6191,6191.TW
2026-01-14,111.6781997680664,114.5,7303083.0,6191,6191.TW
2026-01-15,112.65355682373047,115.5,5783200.0,6191,6191.TW
2026-01-16,114.60426330566406,117.5,21231151.0,6191,6191.TW
2026-01-19,111.19052124023438,114.0,8388054.0,6191,6191.TW
2026-01-20,112.16587829589844,115.0,7447746.0,6191,6191.TW
2026-01-21,109.23980712890625,112.0,7032577.0,6191,6191.TW
2026-01-22,114.60426330566406,117.5,13990189.0,6191,6191.TW
2026-01-23,116.55497741699219,119.5,10959742.0,6191,6191.TW
2026-01-26,114.60426330566406,117.5,11495242.0,6191,6191.TW
2026-01-27,111.6781997680664,114.5,5223070.0,6191,6191.TW
2026-01-28,111.19052124023438,114.0,5998699.0,6191,6191.TW
2026-01-29,108.26445770263672,111.0,7607504.0,6191,6191.TW
2026-01-30,105.82606506347656,108.5,7857380.0,6191,6191.TW
2026-02-02,101.92464447021484,104.5,5008750.0,6191,6191.TW
2026-02-03,105.82606506347656,108.5,5082126.0,6191,6191.TW
2026-02-04,110.21516418457031,113.0,8118036.0,6191,6191.TW
2026-02-05,103.87535858154297,106.5,6724339.0,6191,6191.TW
2026-02-06,101.43696594238281,104.0,5437285.0,6191,6191.TW
2026-02-09,101.92464447021484,104.5,5292780.0,6191,6191.TW
2026-02-10,102.41232299804688,105.0,2306514.0,6191,6191.TW
2026-02-11,101.43696594238281,104.0,2753005.0,6191,6191.TW
2026-02-23,104.8507080078125,107.5,3514861.0,6191,6191.TW
2026-02-24,107.28910064697266,110.0,5064973.0,6191,6191.TW
2026-02-25,104.36302947998047,107.0,9992576.0,6191,6191.TW
2026-02-26,106.3137435913086,109.0,9023923.0,6191,6191.TW
2026-03-02,106.3137435913086,109.0,7859235.0,6191,6191.TW
2026-03-03,102.41232299804688,105.0,8176457.0,6191,6191.TW
2026-03-04,94.51194763183594,96.9000015258789,11444129.0,6191,6191.TW
2026-03-05,96.56018829345703,99.0,5370322.0,6191,6191.TW
2026-03-06,95.58483123779297,98.0,2543117.0,6191,6191.TW
2026-03-09,88.36720275878906,90.5999984741211,6982740.0,6191,6191.TW
2026-03-10,91.87847900390625,94.19999694824219,4094012.0,6191,6191.TW
2026-03-11,95.58483123779297,98.0,8514558.0,6191,6191.TW
2026-03-12,94.0242691040039,96.4000015258789,6405104.0,6191,6191.TW
2026-03-13,97.04786682128906,99.5,7730710.0,6191,6191.TW
2026-03-16,96.95033264160156,99.4000015258789,3909019.0,6191,6191.TW
2026-03-17,98.51090240478516,101.0,8322638.0,6191,6191.TW
2026-03-18,98.02322387695312,100.5,3689801.0,6191,6191.TW
2026-03-19,95.19468688964844,97.5999984741211,4413942.0,6191,6191.TW
2026-03-20,93.82919311523438,96.19999694824219,2986972.0,6191,6191.TW
2026-03-23,90.51298522949219,92.80000305175781,2945046.0,6191,6191.TW
2026-03-24,89.04995727539062,91.30000305175781,3180503.0,6191,6191.TW
2026-03-25,91.78094482421875,94.0999984741211,2429816.0,6191,6191.TW
2026-03-26,90.12284851074219,92.4000015258789,2992672.0,6191,6191.TW
2026-03-27,93.43905639648438,95.80000305175781,3585142.0,6191,6191.TW
2026-03-30,89.83023834228516,92.0999984741211,4252791.0,6191,6191.TW
2026-03-31,85.9288101196289,88.0999984741211,4947670.0,6191,6191.TW
2026-04-01,88.5622787475586,90.80000305175781,2119455.0,6191,6191.TW
2026-04-02,86.12388610839844,88.30000305175781,2871552.0,6191,6191.TW
2026-04-07,86.90416717529297,89.0999984741211,1808257.0,6191,6191.TW
2026-04-08,91.97602081298828,94.30000305175781,3794210.0,6191,6191.TW
2026-04-09,92.95137786865234,95.30000305175781,6869266.0,6191,6191.TW
2026-04-10,96.65772247314453,99.0999984741211,13803601.0,6191,6191.TW
2026-04-13,93.04891204833984,95.4000015258789,8644607.0,6191,6191.TW
2026-04-14,101.92464447021484,104.5,14243002.0,6191,6191.TW
2026-04-15,99.48625183105469,102.0,13159782.0,6191,6191.TW
2026-04-16,102.41232299804688,105.0,8743134.0,6191,6191.TW
2026-04-17,101.92464447021484,104.5,6436987.0,6191,6191.TW
2026-04-20,111.6781997680664,114.5,31761608.0,6191,6191.TW
2026-04-21,110.70284271240234,113.5,24620301.0,6191,6191.TW
2026-04-22,109.23980712890625,112.0,9864006.0,6191,6191.TW
2026-04-23,104.36302947998047,107.0,17546542.0,6191,6191.TW
2026-04-24,106.3137435913086,109.0,16861744.0,6191,6191.TW
2026-04-27,104.36302947998047,107.0,10015038.0,6191,6191.TW
2026-04-28,105.82606506347656,108.5,5704567.0,6191,6191.TW
2026-04-29,99.97393035888672,102.5,14130383.0,6191,6191.TW
2026-04-30,95.9749755859375,98.4000015258789,13240464.0,6191,6191.TW
2026-05-04,96.072509765625,98.5,6433396.0,6191,6191.TW
2026-05-05,97.5355453491211,100.0,6432719.0,6191,6191.TW
2026-05-06,97.04786682128906,99.5,9170040.0,6191,6191.TW
2026-05-07,97.5355453491211,100.0,5933797.0,6191,6191.TW
2026-05-08,93.14644622802734,95.5,13244770.0,6191,6191.TW
2026-05-11,92.46369934082031,94.80000305175781,6571761.0,6191,6191.TW
2026-05-12,91.48834228515625,93.80000305175781,5594744.0,6191,6191.TW
2026-05-13,90.22037506103516,92.5,5604039.0,6191,6191.TW
2026-05-14,90.22037506103516,92.5,5189935.0,6191,6191.TW
2026-05-15,88.5622787475586,90.80000305175781,7111571.0,6191,6191.TW
2026-05-18,88.17213439941406,90.4000015258789,4245638.0,6191,6191.TW
2026-05-19,90.51298522949219,92.80000305175781,8015537.0,6191,6191.TW
2026-05-20,91.87847900390625,94.19999694824219,4578896.0,6191,6191.TW
2026-05-21,93.14644622802734,95.5,5724239.0,6191,6191.TW
2026-05-22,94.41441345214844,96.80000305175781,5271287.0,6191,6191.TW
2026-05-25,95.58483123779297,98.0,5657531.0,6191,6191.TW
2026-05-26,93.82919311523438,96.19999694824219,4383339.0,6191,6191.TW
2026-05-27,95.58483123779297,98.0,14205923.0,6191,6191.TW
2026-05-28,94.70701599121094,97.0999984741211,17738753.0,6191,6191.TW
2026-05-29,94.60948181152344,97.0,6075435.0,6191,6191.TW
2026-06-01,93.82919311523438,96.19999694824219,5461207.0,6191,6191.TW
2026-06-02,94.60948181152344,97.0,4466653.0,6191,6191.TW
2026-06-03,98.02322387695312,100.5,15094088.0,6191,6191.TW
2026-06-04,95.77989959716797,98.19999694824219,9000014.0,6191,6191.TW
2026-06-05,98.02322387695312,100.5,10452813.0,6191,6191.TW
2026-06-08,92.36615753173828,94.69999694824219,6185455.0,6191,6191.TW
2026-06-09,95.58483123779297,98.0,5030329.0,6191,6191.TW
2026-06-10,90.12284851074219,92.4000015258789,6639860.0,6191,6191.TW
2026-06-11,89.73270416259766,92.0,4483340.0,6191,6191.TW
2026-06-12,91.48834228515625,93.80000305175781,3065851.0,6191,6191.TW
2026-06-15,100.46160888671875,103.0,21025507.0,6191,6191.TW
2026-06-16,98.02322387695312,100.5,19450043.0,6191,6191.TW
2026-06-17,97.5355453491211,100.0,4528839.0,6191,6191.TW
2026-06-18,98.02322387695312,100.5,5752558.0,6191,6191.TW
2026-06-22,100.94928741455078,103.5,13570180.0,6191,6191.TW
2026-06-23,96.65772247314453,99.0999984741211,9338312.0,6191,6191.TW
2026-06-24,95.9749755859375,98.4000015258789,4695341.0,6191,6191.TW
2026-06-25,96.85279846191406,99.30000305175781,5502424.0,6191,6191.TW
2026-06-26,98.02322387695312,100.5,25327653.0,6191,6191.TW
2026-06-29,103.38768005371094,106.0,34127692.0,6191,6191.TW
2026-06-30,103.87535858154297,106.5,39249634.0,6191,6191.TW
2026-07-01,100.94928741455078,103.5,15688956.0,6191,6191.TW
2026-07-02,107.28910064697266,110.0,32210156.0,6191,6191.TW
2026-07-03,105.33838653564453,108.0,16699611.0,6191,6191.TW
2026-07-06,104.36302947998047,107.0,11197687.0,6191,6191.TW
2026-07-07,100.94928741455078,103.5,11467668.0,6191,6191.TW
2026-07-08,102.9000015258789,105.5,8596692.0,6191,6191.TW
2026-07-09,101.0,101.0,6988839.0,6191,6191.TW
2026-07-10,101.0,101.0,0.0,6191,6191.TW
2026-07-13,101.5,101.5,5626242.0,6191,6191.TW
2026-07-14,96.19999694824219,96.19999694824219,8845184.0,6191,6191.TW
2026-07-15,96.9000015258789,96.9000015258789,3402384.0,6191,6191.TW
2026-07-16,93.5,93.5,4908600.0,6191,6191.TW
2026-07-17,89.19999694824219,89.19999694824219,6279060.0,6191,6191.TW
2026-07-20,90.5,90.5,7185727.0,6191,6191.TW
2026-07-21,90.5,90.5,2987504.0,6191,6191.TW
2026-07-22,91.0,91.0,2721168.0,6191,6191.TW
2026-07-23,89.80000305175781,89.80000305175781,2404083.0,6191,6191.TW
2026-07-24,88.9000015258789,88.9000015258789,3890923.0,6191,6191.TW
2026-07-27,88.4000015258789,88.4000015258789,1945102.0,6191,6191.TW
2026-07-28,84.0,84.0,3270454.0,6191,6191.TW
2026-07-29,79.5999984741211,79.5999984741211,5578570.0,6191,6191.TW
2026-07-30,77.4000015258789,77.4000015258789,2423500.0,6191,6191.TW
2026-07-31,81.5999984741211,81.5999984741211,8313034.0,6191,6191.TW
2025-05-27,102.28762817382812,110.5,1818687.0,6278,6278.TW
2025-05-28,101.36194610595703,109.5,1223900.0,6278,6278.TW
2025-05-29,101.36194610595703,109.5,1791031.0,6278,6278.TW
2025-06-02,100.43626403808594,108.5,923355.0,6278,6278.TW
2025-06-03,99.97342681884766,108.0,1365011.0,6278,6278.TW
2025-06-04,100.89910888671875,109.0,2822217.0,6278,6278.TW
2025-06-05,99.97342681884766,108.0,3176285.0,6278,6278.TW
2025-06-06,100.43626403808594,108.5,2899032.0,6278,6278.TW
2025-06-09,101.36194610595703,109.5,2847137.0,6278,6278.TW
2025-06-10,104.13898468017578,112.5,3601291.0,6278,6278.TW
2025-06-11,105.06466674804688,113.5,3445050.0,6278,6278.TW
2025-06-12,103.6761474609375,112.0,3167250.0,6278,6278.TW
2025-06-13,102.28762817382812,110.5,1310016.0,6278,6278.TW
2025-06-16,102.28762817382812,110.5,748340.0,6278,6278.TW
2025-06-17,101.82478332519531,110.0,1141685.0,6278,6278.TW
2025-06-18,103.21331024169922,111.5,1233000.0,6278,6278.TW
2025-06-19,101.82478332519531,110.0,815075.0,6278,6278.TW
2025-06-20,99.04774475097656,107.0,2600147.0,6278,6278.TW
2025-06-23,99.97342681884766,108.0,1234214.0,6278,6278.TW
2025-06-24,100.43626403808594,108.5,923083.0,6278,6278.TW
2025-06-25,101.36194610595703,109.5,711053.0,6278,6278.TW
2025-06-26,99.04774475097656,107.0,1244472.0,6278,6278.TW
2025-06-27,99.51058959960938,107.5,907033.0,6278,6278.TW
2025-06-30,96.27070617675781,104.0,3440093.0,6278,6278.TW
2025-07-01,97.65922546386719,105.5,2212049.0,6278,6278.TW
2025-07-02,100.43626403808594,108.5,2728563.0,6278,6278.TW
2025-07-03,103.6761474609375,112.0,4018653.0,6278,6278.TW
2025-07-04,100.89910888671875,109.0,2214310.0,6278,6278.TW
2025-07-07,101.82478332519531,110.0,3273316.0,6278,6278.TW
2025-07-08,103.6761474609375,112.0,4412471.0,6278,6278.TW
2025-07-09,106.45318603515625,115.0,10130311.0,6278,6278.TW
2025-07-10,100.13404846191406,103.0,6510464.0,6278,6278.TW
2025-07-11,101.1062240600586,104.0,1214031.0,6278,6278.TW
2025-07-14,98.67578887939453,101.5,2309513.0,6278,6278.TW
2025-07-15,100.13404846191406,103.0,2898132.0,6278,6278.TW
2025-07-16,102.56449127197266,105.5,1256336.0,6278,6278.TW
2025-07-17,103.53666687011719,106.5,1362208.0,6278,6278.TW
2025-07-18,102.56449127197266,105.5,1378200.0,6278,6278.TW
2025-07-21,102.56449127197266,105.5,719030.0,6278,6278.TW
2025-07-22,102.07839965820312,105.0,1744088.0,6278,6278.TW
2025-07-23,103.53666687011719,106.5,1675020.0,6278,6278.TW
2025-07-24,102.56449127197266,105.5,1165174.0,6278,6278.TW
2025-07-25,102.07839965820312,105.0,1407147.0,6278,6278.TW
2025-07-28,102.07839965820312,105.0,972600.0,6278,6278.TW
2025-07-29,103.05057525634766,106.0,1300245.0,6278,6278.TW
2025-07-30,103.53666687011719,106.5,646153.0,6278,6278.TW
2025-07-31,103.05057525634766,106.0,544350.0,6278,6278.TW
2025-08-04,104.02275085449219,107.0,1067100.0,6278,6278.TW
2025-08-05,106.93927764892578,110.0,1695627.0,6278,6278.TW
2025-08-06,105.96710205078125,109.0,950627.0,6278,6278.TW
2025-08-07,105.96710205078125,109.0,934045.0,6278,6278.TW
2025-08-08,105.96710205078125,109.0,2417580.0,6278,6278.TW
2025-08-11,106.45318603515625,109.5,726350.0,6278,6278.TW
2025-08-12,107.91145324707031,111.0,1492747.0,6278,6278.TW
2025-08-13,102.07839965820312,105.0,5461847.0,6278,6278.TW
2025-08-14,101.59231567382812,104.5,1858220.0,6278,6278.TW
2025-08-15,100.6201400756836,103.5,1471531.0,6278,6278.TW
2025-08-18,101.1062240600586,104.0,890667.0,6278,6278.TW
2025-08-19,99.16187286376953,102.0,1885357.0,6278,6278.TW
2025-08-20,98.189697265625,101.0,1337140.0,6278,6278.TW
2025-08-21,98.67578887939453,101.5,964842.0,6278,6278.TW
2025-08-22,99.16187286376953,102.0,585500.0,6278,6278.TW
2025-08-25,101.1062240600586,104.0,1011923.0,6278,6278.TW
2025-08-26,100.13404846191406,103.0,834110.0,6278,6278.TW
2025-08-27,102.56449127197266,105.5,1326100.0,6278,6278.TW
2025-08-28,104.50883483886719,107.5,2691150.0,6278,6278.TW
2025-08-29,104.50883483886719,107.5,1391400.0,6278,6278.TW
2025-09-01,102.56449127197266,105.5,1084156.0,6278,6278.TW
2025-09-02,101.59231567382812,104.5,625210.0,6278,6278.TW
2025-09-03,103.05057525634766,106.0,1115135.0,6278,6278.TW
2025-09-04,103.05057525634766,106.0,1129199.0,6278,6278.TW
2025-09-05,102.07839965820312,105.0,1243563.0,6278,6278.TW
2025-09-08,103.53666687011719,106.5,1661583.0,6278,6278.TW
2025-09-09,105.48101043701172,108.5,6301563.0,6278,6278.TW
2025-09-10,104.99492645263672,108.0,2533619.0,6278,6278.TW
2025-09-11,101.1062240600586,104.0,2741580.0,6278,6278.TW
2025-09-12,102.07839965820312,105.0,1060500.0,6278,6278.TW
2025-09-15,101.59231567382812,104.5,1139215.0,6278,6278.TW
2025-09-16,101.59231567382812,104.5,1142065.0,6278,6278.TW
2025-09-17,101.59231567382812,104.5,1577806.0,6278,6278.TW
2025-09-18,103.53666687011719,106.5,1882285.0,6278,6278.TW
2025-09-19,104.02275085449219,107.0,2278555.0,6278,6278.TW
2025-09-22,104.99492645263672,108.0,1412395.0,6278,6278.TW
2025-09-23,104.02275085449219,107.0,1793210.0,6278,6278.TW
2025-09-24,104.99492645263672,108.0,1584156.0,6278,6278.TW
2025-09-25,103.05057525634766,106.0,1738192.0,6278,6278.TW
2025-09-26,100.6201400756836,103.5,1756240.0,6278,6278.TW
2025-09-30,101.59231567382812,104.5,807501.0,6278,6278.TW
2025-10-01,101.1062240600586,104.0,608882.0,6278,6278.TW
2025-10-02,100.13404846191406,103.0,1520232.0,6278,6278.TW
2025-10-03,101.1062240600586,104.0,500360.0,6278,6278.TW
2025-10-07,102.56449127197266,105.5,684151.0,6278,6278.TW
2025-10-08,104.50883483886719,107.5,2075677.0,6278,6278.TW
2025-10-09,105.48101043701172,108.5,3684536.0,6278,6278.TW
2025-10-13,104.50883483886719,107.5,1824148.0,6278,6278.TW
2025-10-14,101.59231567382812,104.5,1775160.0,6278,6278.TW
2025-10-15,102.56449127197266,105.5,1207025.0,6278,6278.TW
2025-10-16,103.05057525634766,106.0,898067.0,6278,6278.TW
2025-10-17,103.05057525634766,106.0,858215.0,6278,6278.TW
2025-10-20,104.02275085449219,107.0,1762158.0,6278,6278.TW
2025-10-21,105.96710205078125,109.0,4156025.0,6278,6278.TW
2025-10-22,106.93927764892578,110.0,2748039.0,6278,6278.TW
2025-10-23,105.48101043701172,108.5,2682769.0,6278,6278.TW
2025-10-27,106.93927764892578,110.0,1646060.0,6278,6278.TW
2025-10-28,105.48101043701172,108.5,1823365.0,6278,6278.TW
2025-10-29,106.45318603515625,109.5,1605000.0,6278,6278.TW
2025-10-30,105.48101043701172,108.5,1601285.0,6278,6278.TW
2025-10-31,106.93927764892578,110.0,5692720.0,6278,6278.TW
2025-11-03,105.96710205078125,109.0,4612025.0,6278,6278.TW
2025-11-04,101.1062240600586,104.0,3718672.0,6278,6278.TW
2025-11-05,102.56449127197266,105.5,1964318.0,6278,6278.TW
2025-11-06,101.59231567382812,104.5,2660646.0,6278,6278.TW
2025-11-07,100.13404846191406,103.0,1837611.0,6278,6278.TW
2025-11-10,100.6201400756836,103.5,870471.0,6278,6278.TW
2025-11-11,100.6201400756836,103.5,919150.0,6278,6278.TW
2025-11-12,102.56449127197266,105.5,2591308.0,6278,6278.TW
2025-11-13,101.59231567382812,104.5,1218013.0,6278,6278.TW
2025-11-14,99.16187286376953,102.0,2003198.0,6278,6278.TW
2025-11-17,96.05091857910156,98.80000305175781,4309401.0,6278,6278.TW
2025-11-18,95.66204833984375,98.4000015258789,2197142.0,6278,6278.TW
2025-11-19,95.56482696533203,98.30000305175781,1975161.0,6278,6278.TW
2025-11-20,97.70361328125,100.5,1452376.0,6278,6278.TW
2025-11-21,95.75926208496094,98.5,1171335.0,6278,6278.TW
2025-11-24,95.17595672607422,97.9000015258789,1368657.0,6278,6278.TW
2025-11-25,96.73143768310547,99.5,779113.0,6278,6278.TW
2025-11-26,98.189697265625,101.0,1020125.0,6278,6278.TW
2025-11-27,99.64796447753906,102.5,1189124.0,6278,6278.TW
2025-11-28,99.64796447753906,102.5,542397.0,6278,6278.TW
2025-12-01,99.16187286376953,102.0,1516000.0,6278,6278.TW
2025-12-02,100.13404846191406,103.0,1175483.0,6278,6278.TW
2025-12-03,100.13404846191406,103.0,641133.0,6278,6278.TW
2025-12-04,100.13404846191406,103.0,513059.0,6278,6278.TW
2025-12-05,99.16187286376953,102.0,568034.0,6278,6278.TW
2025-12-08,99.16187286376953,102.0,490023.0,6278,6278.TW
2025-12-09,97.70361328125,100.5,623101.0,6278,6278.TW
2025-12-10,96.73143768310547,99.5,980669.0,6278,6278.TW
2025-12-11,96.73143768310547,99.5,882624.0,6278,6278.TW
2025-12-12,96.05091857910156,98.80000305175781,758500.0,6278,6278.TW
2025-12-15,95.07874298095703,97.80000305175781,1003093.0,6278,6278.TW
2025-12-16,93.52325439453125,96.19999694824219,1447210.0,6278,6278.TW
2025-12-17,93.52325439453125,96.19999694824219,2177000.0,6278,6278.TW
2025-12-18,94.20378112792969,96.9000015258789,1170012.0,6278,6278.TW
2025-12-19,93.03717041015625,95.69999694824219,2832849.0,6278,6278.TW
2025-12-22,93.91212463378906,96.5999984741211,1087081.0,6278,6278.TW
2025-12-23,91.9677734375,94.5999984741211,2106802.0,6278,6278.TW
2025-12-24,91.481689453125,94.0999984741211,941604.0,6278,6278.TW
2025-12-26,90.31507873535156,92.9000015258789,1884314.0,6278,6278.TW
2025-12-29,91.77334594726562,94.4000015258789,1249535.0,6278,6278.TW
2025-12-30,93.62047576904297,96.30000305175781,6827035.0,6278,6278.TW
2025-12-31,92.74552154541016,95.4000015258789,2604098.0,6278,6278.TW
2026-01-02,92.06499481201172,94.69999694824219,2306114.0,6278,6278.TW
2026-01-05,90.60672760009766,93.19999694824219,2284650.0,6278,6278.TW
2026-01-06,93.23160552978516,95.9000015258789,2538024.0,6278,6278.TW
2026-01-07,94.00934600830078,96.69999694824219,1964365.0,6278,6278.TW
2026-01-08,93.32882690429688,96.0,1289526.0,6278,6278.TW
2026-01-09,93.32882690429688,96.0,894200.0,6278,6278.TW
2026-01-12,93.52325439453125,96.19999694824219,888710.0,6278,6278.TW
2026-01-13,93.71769714355469,96.4000015258789,1680591.0,6278,6278.TW
2026-01-14,94.1065673828125,96.80000305175781,1282816.0,6278,6278.TW
2026-01-15,93.42604064941406,96.0999984741211,1371103.0,6278,6278.TW
2026-01-16,94.00934600830078,96.69999694824219,1561305.0,6278,6278.TW
2026-01-19,94.30099487304688,97.0,1136262.0,6278,6278.TW
2026-01-20,94.20378112792969,96.9000015258789,1104007.0,6278,6278.TW
2026-01-21,93.42604064941406,96.0999984741211,1193006.0,6278,6278.TW
2026-01-22,94.68987274169922,97.4000015258789,1603658.0,6278,6278.TW
2026-01-23,93.91212463378906,96.5999984741211,1623058.0,6278,6278.TW
2026-01-26,93.32882690429688,96.0,1326019.0,6278,6278.TW
2026-01-27,92.25942993164062,94.9000015258789,1880447.0,6278,6278.TW
2026-01-28,91.1900405883789,93.80000305175781,1702480.0,6278,6278.TW
2026-01-29,91.1900405883789,93.80000305175781,2122748.0,6278,6278.TW
2026-01-30,89.63455200195312,92.19999694824219,1916175.0,6278,6278.TW
2026-02-02,88.85681915283203,91.4000015258789,2011534.0,6278,6278.TW
2026-02-03,90.99559783935547,93.5999984741211,1204462.0,6278,6278.TW
2026-02-04,92.45386505126953,95.0999984741211,1231377.0,6278,6278.TW
2026-02-05,91.481689453125,94.0999984741211,1189181.0,6278,6278.TW
2026-02-06,93.62047576904297,96.30000305175781,2515202.0,6278,6278.TW
2026-02-09,94.20378112792969,96.9000015258789,1632266.0,6278,6278.TW
2026-02-10,94.68987274169922,97.4000015258789,1138199.0,6278,6278.TW
2026-02-11,94.68987274169922,97.4000015258789,1273896.0,6278,6278.TW
2026-02-23,96.34256744384766,99.0999984741211,3729916.0,6278,6278.TW
2026-02-24,97.70361328125,100.5,1844256.0,6278,6278.TW
2026-02-25,98.189697265625,101.0,1955711.0,6278,6278.TW
2026-02-26,98.67578887939453,101.5,2890792.0,6278,6278.TW
2026-03-02,98.67578887939453,101.5,1600475.0,6278,6278.TW
2026-03-03,97.21752166748047,100.0,1648026.0,6278,6278.TW
2026-03-04,93.81491088867188,96.5,2113082.0,6278,6278.TW
2026-03-05,98.189697265625,101.0,1597300.0,6278,6278.TW
2026-03-06,97.21752166748047,100.0,1046426.0,6278,6278.TW
2026-03-09,92.35665130615234,95.0,1945025.0,6278,6278.TW
2026-03-10,92.93994903564453,95.5999984741211,900052.0,6278,6278.TW
2026-03-11,97.21752166748047,100.0,1291495.0,6278,6278.TW
2026-03-12,97.21752166748047,100.0,1355582.0,6278,6278.TW
2026-03-13,97.21752166748047,100.0,1032015.0,6278,6278.TW
2026-03-16,97.21752166748047,100.0,885333.0,6278,6278.TW
2026-03-17,98.189697265625,101.0,902213.0,6278,6278.TW
2026-03-18,96.82865142822266,99.5999984741211,1264090.0,6278,6278.TW
2026-03-19,96.24534606933594,99.0,834100.0,6278,6278.TW
2026-03-20,96.34256744384766,99.0999984741211,1383420.0,6278,6278.TW
2026-03-23,94.8843002319336,97.5999984741211,1244122.0,6278,6278.TW
2026-03-24,93.71769714355469,96.4000015258789,1426048.0,6278,6278.TW
2026-03-25,94.30099487304688,97.0,789069.0,6278,6278.TW
2026-03-26,93.32882690429688,96.0,931561.0,6278,6278.TW
2026-03-27,93.42604064941406,96.0999984741211,1403420.0,6278,6278.TW
2026-03-30,92.06499481201172,94.69999694824219,978345.0,6278,6278.TW
2026-03-31,89.92620849609375,92.5,1382332.0,6278,6278.TW
2026-04-01,92.35665130615234,95.0,861169.0,6278,6278.TW
2026-04-02,91.481689453125,94.0999984741211,1590026.0,6278,6278.TW
2026-04-07,90.8011703491211,93.4000015258789,1130193.0,6278,6278.TW
2026-04-08,92.06499481201172,94.69999694824219,1583015.0,6278,6278.TW
2026-04-09,92.16221618652344,94.80000305175781,1285495.0,6278,6278.TW
2026-04-10,101.1062240600586,104.0,7682821.0,6278,6278.TW
2026-04-13,110.8279800415039,114.0,5259691.0,6278,6278.TW
2026-04-14,121.52190399169922,125.0,32058940.0,6278,6278.TW
2026-04-15,133.18800354003906,137.0,33158758.0,6278,6278.TW
2026-04-16,139.02105712890625,143.0,24448833.0,6278,6278.TW
2026-04-17,152.6315155029297,157.0,27391200.0,6278,6278.TW
2026-04-20,154.08978271484375,158.5,10847325.0,6278,6278.TW
2026-04-21,154.08978271484375,158.5,8880436.0,6278,6278.TW
2026-04-22,153.6036834716797,158.0,5777599.0,6278,6278.TW
2026-04-23,138.53497314453125,142.5,8450409.0,6278,6278.TW
2026-04-24,140.9654083251953,145.0,4905811.0,6278,6278.TW
2026-04-27,142.90975952148438,147.0,3224331.0,6278,6278.TW
2026-04-28,154.08978271484375,158.5,7812411.0,6278,6278.TW
2026-04-29,157.0063018798828,161.5,7579602.0,6278,6278.TW
2026-04-30,163.325439453125,168.0,9361733.0,6278,6278.TW
2026-05-04,174.99154663085938,180.0,6231411.0,6278,6278.TW
2026-05-05,179.8524169921875,185.0,18958856.0,6278,6278.TW
2026-05-06,161.86717224121094,166.5,14271683.0,6278,6278.TW
2026-05-07,177.90806579589844,183.0,29922244.0,6278,6278.TW
2026-05-08,195.4072265625,201.0,30103616.0,6278,6278.TW
2026-05-11,209.50376892089844,215.5,39193780.0,6278,6278.TW
2026-05-12,208.53158569335938,214.5,19107770.0,6278,6278.TW
2026-05-13,199.78201293945312,205.5,18234449.0,6278,6278.TW
2026-05-14,219.71160888671875,226.0,20409004.0,6278,6278.TW
2026-05-15,214.36463928222656,220.5,42902793.0,6278,6278.TW
2026-05-18,204.15679931640625,210.0,20938037.0,6278,6278.TW
2026-05-19,209.50376892089844,215.5,19394371.0,6278,6278.TW
2026-05-20,197.35157775878906,203.0,13922882.0,6278,6278.TW
2026-05-21,216.79507446289062,223.0,13654401.0,6278,6278.TW
2026-05-22,238.1829376220703,245.0,19349160.0,6278,6278.TW
2026-05-25,231.37770080566406,238.0,28174555.0,6278,6278.TW
2026-05-26,239.6411895751953,246.5,21848322.0,6278,6278.TW
2026-05-27,228.947265625,235.5,22013727.0,6278,6278.TW
2026-05-28,216.30899047851562,222.5,13423384.0,6278,6278.TW
2026-05-29,214.85072326660156,221.0,10276306.0,6278,6278.TW
2026-06-01,212.9063720703125,219.0,12020549.0,6278,6278.TW
2026-06-02,208.53158569335938,214.5,11950444.0,6278,6278.TW
2026-06-03,203.18463134765625,209.0,17071633.0,6278,6278.TW
2026-06-04,206.1011505126953,212.0,6407986.0,6278,6278.TW
2026-06-05,200.75418090820312,206.5,7318705.0,6278,6278.TW
2026-06-08,192.00460815429688,197.5,11677530.0,6278,6278.TW
2026-06-09,192.97679138183594,198.5,13428880.0,6278,6278.TW
2026-06-10,182.76895141601562,188.0,15647352.0,6278,6278.TW
2026-06-11,186.65765380859375,192.0,13223199.0,6278,6278.TW
2026-06-12,205.1289825439453,211.0,12197562.0,6278,6278.TW
2026-06-15,209.98985290527344,216.0,16617583.0,6278,6278.TW
2026-06-16,203.67071533203125,209.5,10208760.0,6278,6278.TW
2026-06-17,198.80982971191406,204.5,6435986.0,6278,6278.TW
2026-06-18,198.80982971191406,204.5,6051697.0,6278,6278.TW
2026-06-22,200.26809692382812,206.0,5155597.0,6278,6278.TW
2026-06-23,198.32374572753906,204.0,7251781.0,6278,6278.TW
2026-06-24,195.893310546875,201.5,4028853.0,6278,6278.TW
2026-06-25,199.29592895507812,205.0,7873224.0,6278,6278.TW
2026-06-26,185.1993865966797,190.5,8697691.0,6278,6278.TW
2026-06-29,188.60198974609375,194.0,5197651.0,6278,6278.TW
2026-06-30,207.07333374023438,213.0,12611567.0,6278,6278.TW
2026-07-01,201.2402801513672,207.0,14074234.0,6278,6278.TW
2026-07-02,210.96202087402344,217.0,12564048.0,6278,6278.TW
2026-07-03,206.1011505126953,212.0,7510950.0,6278,6278.TW
2026-07-06,196.86549377441406,202.5,10039074.0,6278,6278.TW
2026-07-07,189.5741729736328,195.0,6756186.0,6278,6278.TW
2026-07-08,194.43504333496094,200.0,4467223.0,6278,6278.TW
2026-07-09,199.5,199.5,8420322.0,6278,6278.TW
2026-07-10,199.5,199.5,0.0,6278,6278.TW
2026-07-13,180.5,180.5,9648096.0,6278,6278.TW
2026-07-14,172.5,172.5,8419579.0,6278,6278.TW
2026-07-15,177.0,177.0,5480856.0,6278,6278.TW
2026-07-16,177.5,177.5,4147421.0,6278,6278.TW
2026-07-17,164.5,164.5,5068548.0,6278,6278.TW
2026-07-20,157.5,157.5,4763880.0,6278,6278.TW
2026-07-21,167.0,167.0,4541652.0,6278,6278.TW
2026-07-22,167.0,167.0,3149171.0,6278,6278.TW
2026-07-23,166.0,166.0,2026085.0,6278,6278.TW
2026-07-24,159.5,159.5,2316700.0,6278,6278.TW
2026-07-27,157.0,157.0,1909772.0,6278,6278.TW
2026-07-28,143.5,143.5,3392903.0,6278,6278.TW
2026-07-29,136.5,136.5,6688710.0,6278,6278.TW
2026-07-30,130.5,130.5,4156561.0,6278,6278.TW
2026-07-31,140.0,140.0,5518648.0,6278,6278.TW
2025-05-27,2193.988037109375,2325.0,2277595.0,6669,6669.TW
2025-05-28,2245.888671875,2380.0,2350406.0,6669,6669.TW
2025-05-29,2283.634521484375,2420.0,3658848.0,6669,6669.TW
2025-06-02,2274.1982421875,2410.0,1760384.0,6669,6669.TW
2025-06-03,2340.25390625,2480.0,2197481.0,6669,6669.TW
2025-06-04,2392.154541015625,2535.0,2575300.0,6669,6669.TW
2025-06-05,2344.971923828125,2485.0,1958125.0,6669,6669.TW
2025-06-06,2326.09912109375,2465.0,1430159.0,6669,6669.TW
2025-06-09,2326.09912109375,2465.0,1625464.0,6669,6669.TW
2025-06-10,2344.971923828125,2485.0,1344807.0,6669,6669.TW
2025-06-11,2382.718017578125,2525.0,2119312.0,6669,6669.TW
2025-06-12,2392.154541015625,2535.0,2026164.0,6669,6669.TW
2025-06-13,2420.464111328125,2565.0,1749063.0,6669,6669.TW
2025-06-16,2382.718017578125,2525.0,813730.0,6669,6669.TW
2025-06-17,2406.309326171875,2550.0,2225282.0,6669,6669.TW
2025-06-18,2415.745849609375,2560.0,1057600.0,6669,6669.TW
2025-06-19,2387.436279296875,2530.0,1678864.0,6669,6669.TW
2025-06-20,2392.154541015625,2535.0,1384516.0,6669,6669.TW
2025-06-23,2406.309326171875,2550.0,1544256.0,6669,6669.TW
2025-06-24,2444.21142578125,2515.0,1752398.0,6669,6669.TW
2025-06-25,2633.722900390625,2710.0,3116483.0,6669,6669.TW
2025-06-26,2546.256103515625,2620.0,2392830.0,6669,6669.TW
2025-06-27,2458.789306640625,2530.0,3350516.0,6669,6669.TW
2025-06-30,2458.789306640625,2530.0,1448867.0,6669,6669.TW
2025-07-01,2381.041015625,2450.0,5408737.0,6669,6669.TW
2025-07-02,2419.915283203125,2490.0,2601958.0,6669,6669.TW
2025-07-03,2400.47802734375,2470.0,1891436.0,6669,6669.TW
2025-07-04,2385.900390625,2455.0,1462434.0,6669,6669.TW
2025-07-07,2385.900390625,2455.0,1018614.0,6669,6669.TW
2025-07-08,2351.885498046875,2420.0,946449.0,6669,6669.TW
2025-07-09,2487.94482421875,2560.0,2571309.0,6669,6669.TW
2025-07-10,2521.959716796875,2595.0,1451334.0,6669,6669.TW
2025-07-11,2531.678466796875,2605.0,913443.0,6669,6669.TW
2025-07-14,2395.618896484375,2465.0,2173939.0,6669,6669.TW
2025-07-15,2449.07080078125,2520.0,1386643.0,6669,6669.TW
2025-07-16,2434.492919921875,2505.0,1042660.0,6669,6669.TW
2025-07-17,2385.900390625,2455.0,1349577.0,6669,6669.TW
2025-07-18,2517.1005859375,2590.0,2077285.0,6669,6669.TW
2025-07-21,2453.93017578125,2525.0,1150574.0,6669,6669.TW
2025-07-22,2400.47802734375,2470.0,1298362.0,6669,6669.TW
2025-07-23,2376.181884765625,2445.0,2223441.0,6669,6669.TW
2025-07-24,2439.352294921875,2510.0,2116669.0,6669,6669.TW
2025-07-25,2444.21142578125,2515.0,864696.0,6669,6669.TW
2025-07-28,2526.819091796875,2600.0,1495438.0,6669,6669.TW
2025-07-29,2555.974609375,2630.0,1747807.0,6669,6669.TW
2025-07-30,2575.411865234375,2650.0,1155596.0,6669,6669.TW
2025-07-31,2687.1748046875,2765.0,2598063.0,6669,6669.TW
2025-08-04,2570.552490234375,2645.0,1307159.0,6669,6669.TW
2025-08-05,2677.456298828125,2755.0,1446018.0,6669,6669.TW
2025-08-06,2696.8935546875,2775.0,947208.0,6669,6669.TW
2025-08-07,2730.908203125,2810.0,1245509.0,6669,6669.TW
2025-08-08,2808.656494140625,2890.0,1754419.0,6669,6669.TW
2025-08-11,3085.634765625,3175.0,3102093.0,6669,6669.TW
2025-08-12,3177.9609375,3270.0,3257252.0,6669,6669.TW
2025-08-13,3289.72412109375,3385.0,2768810.0,6669,6669.TW
2025-08-14,3299.442626953125,3395.0,1490787.0,6669,6669.TW
2025-08-15,3250.849853515625,3345.0,988054.0,6669,6669.TW
2025-08-18,3328.59814453125,3425.0,928924.0,6669,6669.TW
2025-08-19,3211.975830078125,3305.0,1147806.0,6669,6669.TW
2025-08-20,2900.982666015625,2985.0,3382095.0,6669,6669.TW
2025-08-21,2944.716064453125,3030.0,2484895.0,6669,6669.TW
2025-08-22,2886.40478515625,2970.0,1082454.0,6669,6669.TW
2025-08-25,2964.153076171875,3050.0,1305009.0,6669,6669.TW
2025-08-26,2969.012451171875,3055.0,1156483.0,6669,6669.TW
2025-08-27,2900.982666015625,2985.0,1693885.0,6669,6669.TW
2025-08-28,2891.26416015625,2975.0,1111913.0,6669,6669.TW
2025-08-29,2881.545654296875,2965.0,1201786.0,6669,6669.TW
2025-09-01,2755.20458984375,2835.0,2866397.0,6669,6669.TW
2025-09-02,2803.79736328125,2885.0,2425167.0,6669,6669.TW
2025-09-03,2842.67138671875,2925.0,1364887.0,6669,6669.TW
2025-09-04,2852.389892578125,2935.0,2222676.0,6669,6669.TW
2025-09-05,2939.85693359375,3025.0,1846060.0,6669,6669.TW
2025-09-08,3037.042236328125,3125.0,1897180.0,6669,6669.TW
2025-09-09,2925.279052734375,3010.0,3356239.0,6669,6669.TW
2025-09-10,3216.8349609375,3310.0,2794376.0,6669,6669.TW
2025-09-11,3216.8349609375,3310.0,3300883.0,6669,6669.TW
2025-09-12,3148.805419921875,3240.0,1991294.0,6669,6669.TW
2025-09-15,3129.3681640625,3220.0,1257831.0,6669,6669.TW
2025-09-16,3109.93115234375,3200.0,1459607.0,6669,6669.TW
2025-09-17,3071.05712890625,3160.0,1213382.0,6669,6669.TW
2025-09-18,3109.93115234375,3200.0,1548437.0,6669,6669.TW
2025-09-19,3139.086669921875,3230.0,1160624.0,6669,6669.TW
2025-09-22,3037.042236328125,3125.0,1294142.0,6669,6669.TW
2025-09-23,3051.619873046875,3140.0,1147520.0,6669,6669.TW
2025-09-24,2993.308837890625,3080.0,1215457.0,6669,6669.TW
2025-09-25,3007.886474609375,3095.0,1438531.0,6669,6669.TW
2025-09-26,2964.153076171875,3050.0,1521606.0,6669,6669.TW
2025-09-30,3221.6943359375,3315.0,2931855.0,6669,6669.TW
2025-10-01,3207.116455078125,3300.0,2234458.0,6669,6669.TW
2025-10-02,3221.6943359375,3315.0,1892178.0,6669,6669.TW
2025-10-03,3367.472412109375,3465.0,2969886.0,6669,6669.TW
2025-10-07,3411.205810546875,3510.0,1599336.0,6669,6669.TW
2025-10-08,3338.316650390625,3435.0,1405547.0,6669,6669.TW
2025-10-09,3275.146240234375,3370.0,2649432.0,6669,6669.TW
2025-10-13,3333.45751953125,3430.0,2501158.0,6669,6669.TW
2025-10-14,3411.205810546875,3510.0,2968230.0,6669,6669.TW
2025-10-15,3688.18408203125,3795.0,3025652.0,6669,6669.TW
2025-10-16,3751.3544921875,3860.0,2217212.0,6669,6669.TW
2025-10-17,3678.465576171875,3785.0,1774144.0,6669,6669.TW
2025-10-20,3770.79150390625,3880.0,1472824.0,6669,6669.TW
2025-10-21,3950.58447265625,4065.0,2414091.0,6669,6669.TW
2025-10-22,3950.58447265625,4065.0,2406968.0,6669,6669.TW
2025-10-23,3989.45849609375,4105.0,1209026.0,6669,6669.TW
2025-10-27,3940.865966796875,4055.0,1641383.0,6669,6669.TW
2025-10-28,3970.021484375,4085.0,1025730.0,6669,6669.TW
2025-10-29,3994.31787109375,4110.0,899400.0,6669,6669.TW
2025-10-30,4178.97021484375,4300.0,2243164.0,6669,6669.TW
2025-10-31,4242.140625,4365.0,1296759.0,6669,6669.TW
2025-11-03,4193.5478515625,4315.0,1160002.0,6669,6669.TW
2025-11-04,4178.97021484375,4300.0,881679.0,6669,6669.TW
2025-11-05,4047.769775390625,4165.0,1896985.0,6669,6669.TW
2025-11-06,4198.4072265625,4320.0,1454617.0,6669,6669.TW
2025-11-07,3960.302978515625,4075.0,2421214.0,6669,6669.TW
2025-11-10,4174.11083984375,4295.0,3249872.0,6669,6669.TW
2025-11-11,4587.1484375,4720.0,3306273.0,6669,6669.TW
2025-11-12,4431.65185546875,4560.0,2392702.0,6669,6669.TW
2025-11-13,4334.466796875,4460.0,1786203.0,6669,6669.TW
2025-11-14,4159.53271484375,4280.0,2055552.0,6669,6669.TW
2025-11-17,4227.5625,4350.0,1383416.0,6669,6669.TW
2025-11-18,4013.7548828125,4130.0,1670831.0,6669,6669.TW
2025-11-19,4033.19189453125,4150.0,1492438.0,6669,6669.TW
2025-11-20,4159.53271484375,4280.0,1976665.0,6669,6669.TW
2025-11-21,3979.739990234375,4095.0,1515632.0,6669,6669.TW
2025-11-24,3916.569580078125,4030.0,2443441.0,6669,6669.TW
2025-11-25,4052.629150390625,4170.0,1359689.0,6669,6669.TW
2025-11-26,4324.748046875,4450.0,2195463.0,6669,6669.TW
2025-11-27,4324.748046875,4450.0,1108952.0,6669,6669.TW
2025-11-28,4441.37060546875,4570.0,1271168.0,6669,6669.TW
2025-12-01,4305.31103515625,4430.0,1441892.0,6669,6669.TW
2025-12-02,4353.90380859375,4480.0,2089251.0,6669,6669.TW
2025-12-03,4470.52587890625,4600.0,1205664.0,6669,6669.TW
2025-12-04,4417.07421875,4545.0,1020191.0,6669,6669.TW
2025-12-05,4553.1337890625,4685.0,1664616.0,6669,6669.TW
2025-12-08,4499.681640625,4630.0,1028583.0,6669,6669.TW
2025-12-09,4392.77783203125,4520.0,1434417.0,6669,6669.TW
2025-12-10,4397.63720703125,4525.0,887708.0,6669,6669.TW
2025-12-11,4392.77783203125,4520.0,1285970.0,6669,6669.TW
2025-12-12,4281.0146484375,4405.0,1739377.0,6669,6669.TW
2025-12-15,4169.25146484375,4290.0,1315174.0,6669,6669.TW
2025-12-16,4042.91064453125,4160.0,1361452.0,6669,6669.TW
2025-12-17,4057.48828125,4175.0,831292.0,6669,6669.TW
2025-12-18,4057.48828125,4175.0,991538.0,6669,6669.TW
2025-12-19,4164.39208984375,4285.0,1179874.0,6669,6669.TW
2025-12-22,4130.37744140625,4250.0,1198661.0,6669,6669.TW
2025-12-23,4135.23681640625,4255.0,752950.0,6669,6669.TW
2025-12-24,4120.65869140625,4240.0,776933.0,6669,6669.TW
2025-12-26,4178.97021484375,4300.0,516575.0,6669,6669.TW
2025-12-29,4227.5625,4350.0,729857.0,6669,6669.TW
2025-12-30,4271.2958984375,4395.0,889561.0,6669,6669.TW
2025-12-31,4358.7626953125,4485.0,964870.0,6669,6669.TW
2026-01-02,4353.90380859375,4480.0,1431999.0,6669,6669.TW
2026-01-05,4412.21484375,4540.0,1364684.0,6669,6669.TW
2026-01-06,4485.10400390625,4615.0,1338619.0,6669,6669.TW
2026-01-07,4538.5556640625,4670.0,1980453.0,6669,6669.TW
2026-01-08,4519.11865234375,4650.0,2191949.0,6669,6669.TW
2026-01-09,4120.65869140625,4240.0,4758714.0,6669,6669.TW
2026-01-12,3979.739990234375,4095.0,2596313.0,6669,6669.TW
2026-01-13,3790.228515625,3900.0,2843608.0,6669,6669.TW
2026-01-14,3848.539794921875,3960.0,1530759.0,6669,6669.TW
2026-01-15,3833.962158203125,3945.0,840512.0,6669,6669.TW
2026-01-16,3717.339599609375,3825.0,1693215.0,6669,6669.TW
2026-01-19,3615.294921875,3720.0,2395264.0,6669,6669.TW
2026-01-20,3566.702392578125,3670.0,1736785.0,6669,6669.TW
2026-01-21,3503.53173828125,3605.0,1937366.0,6669,6669.TW
2026-01-22,3659.0283203125,3765.0,2396987.0,6669,6669.TW
2026-01-23,3590.998779296875,3695.0,1464483.0,6669,6669.TW
2026-01-26,3731.91748046875,3840.0,1761262.0,6669,6669.TW
2026-01-27,3595.85791015625,3700.0,1675671.0,6669,6669.TW
2026-01-28,3600.71728515625,3705.0,2034699.0,6669,6669.TW
2026-01-29,3615.294921875,3720.0,1538948.0,6669,6669.TW
2026-01-30,3474.376220703125,3575.0,1096636.0,6669,6669.TW
2026-02-02,3503.53173828125,3605.0,979548.0,6669,6669.TW
2026-02-03,3620.154296875,3725.0,1185237.0,6669,6669.TW
2026-02-04,3576.4208984375,3680.0,1210524.0,6669,6669.TW
2026-02-05,3508.39111328125,3610.0,1239615.0,6669,6669.TW
2026-02-06,3542.406005859375,3645.0,1376750.0,6669,6669.TW
2026-02-09,3527.828125,3630.0,1657814.0,6669,6669.TW
2026-02-10,3581.280029296875,3685.0,1673341.0,6669,6669.TW
2026-02-11,3634.732177734375,3740.0,910738.0,6669,6669.TW
2026-02-23,3712.48046875,3820.0,2735018.0,6669,6669.TW
2026-02-24,3727.05810546875,3835.0,1428843.0,6669,6669.TW
2026-02-25,3945.72509765625,4060.0,2596146.0,6669,6669.TW
2026-02-26,3887.4140625,4000.0,2623050.0,6669,6669.TW
2026-03-02,4033.19189453125,4150.0,3326170.0,6669,6669.TW
2026-03-03,4028.332763671875,4145.0,2221227.0,6669,6669.TW
2026-03-04,3799.947265625,3910.0,1610724.0,6669,6669.TW
2026-03-05,4101.2216796875,4220.0,1976312.0,6669,6669.TW
2026-03-06,4096.3623046875,4215.0,1290865.0,6669,6669.TW
2026-03-09,3819.38427734375,3930.0,1676099.0,6669,6669.TW
2026-03-10,3848.539794921875,3960.0,1362524.0,6669,6669.TW
2026-03-11,4072.066162109375,4190.0,1275041.0,6669,6669.TW
2026-03-12,3970.021484375,4085.0,1551823.0,6669,6669.TW
2026-03-13,3955.443603515625,4070.0,1123905.0,6669,6669.TW
2026-03-16,3892.273193359375,4005.0,1118863.0,6669,6669.TW
2026-03-17,3853.399169921875,3965.0,1748258.0,6669,6669.TW
2026-03-18,3717.339599609375,3825.0,3448861.0,6669,6669.TW
2026-03-19,3659.0283203125,3765.0,1585611.0,6669,6669.TW
2026-03-20,3697.902587890625,3805.0,1204204.0,6669,6669.TW
2026-03-23,3542.406005859375,3645.0,986696.0,6669,6669.TW
2026-03-24,3620.154296875,3725.0,816126.0,6669,6669.TW
2026-03-25,3654.169189453125,3760.0,953261.0,6669,6669.TW
2026-03-26,3367.472412109375,3465.0,4083329.0,6669,6669.TW
2026-03-27,3299.442626953125,3395.0,1841064.0,6669,6669.TW
2026-03-30,3275.146240234375,3370.0,1114129.0,6669,6669.TW
2026-03-31,3207.116455078125,3300.0,1387162.0,6669,6669.TW
2026-04-01,3323.739013671875,3420.0,1327896.0,6669,6669.TW
2026-04-02,3314.0205078125,3410.0,1238667.0,6669,6669.TW
2026-04-07,3299.442626953125,3395.0,882493.0,6669,6669.TW
2026-04-08,3469.51708984375,3570.0,1575530.0,6669,6669.TW
2026-04-09,3479.235595703125,3580.0,1353531.0,6669,6669.TW
2026-04-10,3527.828125,3630.0,1199187.0,6669,6669.TW
2026-04-13,3542.406005859375,3645.0,1279296.0,6669,6669.TW
2026-04-14,3649.309814453125,3755.0,2010303.0,6669,6669.TW
2026-04-15,3615.294921875,3720.0,1573098.0,6669,6669.TW
2026-04-16,3595.85791015625,3700.0,1264724.0,6669,6669.TW
2026-04-17,3697.902587890625,3805.0,2635353.0,6669,6669.TW
2026-04-20,3867.976806640625,3980.0,2112176.0,6669,6669.TW
2026-04-21,4101.2216796875,4220.0,3407767.0,6669,6669.TW
2026-04-22,4227.5625,4350.0,2871251.0,6669,6669.TW
2026-04-23,4130.37744140625,4250.0,3201178.0,6669,6669.TW
2026-04-24,4504.541015625,4635.0,4493181.0,6669,6669.TW
2026-04-27,4752.36376953125,4890.0,5331715.0,6669,6669.TW
2026-04-28,4664.89697265625,4800.0,2250480.0,6669,6669.TW
2026-04-29,4708.63037109375,4845.0,2086751.0,6669,6669.TW
2026-04-30,4543.4150390625,4675.0,1927830.0,6669,6669.TW
2026-05-04,4723.2080078125,4860.0,2273438.0,6669,6669.TW
2026-05-05,4621.16357421875,4755.0,1774293.0,6669,6669.TW
2026-05-06,4830.11181640625,4970.0,2461128.0,6669,6669.TW
2026-05-07,4742.64501953125,4880.0,1840496.0,6669,6669.TW
2026-05-08,5053.63818359375,5200.0,3662915.0,6669,6669.TW
2026-05-11,5189.69775390625,5340.0,2052770.0,6669,6669.TW
2026-05-12,5627.03173828125,5790.0,3952176.0,6669,6669.TW
2026-05-13,5422.9423828125,5580.0,2662228.0,6669,6669.TW
2026-05-14,5282.02392578125,5435.0,1597124.0,6669,6669.TW
2026-05-15,4971.03076171875,5115.0,2061050.0,6669,6669.TW
2026-05-18,4946.734375,5090.0,1284302.0,6669,6669.TW
2026-05-19,4752.36376953125,4890.0,1484484.0,6669,6669.TW
2026-05-20,4771.80078125,4910.0,1618754.0,6669,6669.TW
2026-05-21,5194.55712890625,5345.0,2191323.0,6669,6669.TW
2026-05-22,5369.49072265625,5525.0,1829705.0,6669,6669.TW
2026-05-25,5452.09814453125,5610.0,1927891.0,6669,6669.TW
2026-05-26,5131.38623046875,5280.0,2330951.0,6669,6669.TW
2026-05-27,4932.15625,5075.0,1603390.0,6669,6669.TW
2026-05-28,4810.6748046875,4950.0,1846526.0,6669,6669.TW
2026-05-29,5291.7421875,5445.0,2901794.0,6669,6669.TW
2026-06-01,5359.77197265625,5515.0,2078952.0,6669,6669.TW
2026-06-02,5320.89794921875,5475.0,1736113.0,6669,6669.TW
2026-06-03,5442.37939453125,5600.0,1573891.0,6669,6669.TW
2026-06-04,5413.22412109375,5570.0,1557805.0,6669,6669.TW
2026-06-05,5500.69091796875,5660.0,1836008.0,6669,6669.TW
2026-06-08,5126.52734375,5275.0,1725782.0,6669,6669.TW
2026-06-09,5150.82373046875,5300.0,1272819.0,6669,6669.TW
2026-06-10,4922.43798828125,5065.0,1756144.0,6669,6669.TW
2026-06-11,4762.08203125,4900.0,2641570.0,6669,6669.TW
2026-06-12,4713.4892578125,4850.0,1723662.0,6669,6669.TW
2026-06-15,4762.08203125,4900.0,877006.0,6669,6669.TW
2026-06-16,4742.64501953125,4880.0,1653553.0,6669,6669.TW
2026-06-17,4937.015625,5080.0,1122923.0,6669,6669.TW
2026-06-18,4985.6083984375,5130.0,1546128.0,6669,6669.TW
2026-06-22,4855.0,4855.0,1623875.0,6669,6669.TW
2026-06-23,4675.0,4675.0,1644866.0,6669,6669.TW
2026-06-24,4605.0,4605.0,1162141.0,6669,6669.TW
2026-06-25,4545.0,4545.0,1237416.0,6669,6669.TW
2026-06-26,4280.0,4280.0,1426391.0,6669,6669.TW
2026-06-29,4580.0,4580.0,1760972.0,6669,6669.TW
2026-06-30,4635.0,4635.0,1912319.0,6669,6669.TW
2026-07-01,5035.0,5035.0,2540423.0,6669,6669.TW
2026-07-02,5200.0,5200.0,2629906.0,6669,6669.TW
2026-07-03,5265.0,5265.0,1352064.0,6669,6669.TW
2026-07-06,5035.0,5035.0,1148934.0,6669,6669.TW
2026-07-07,5015.0,5015.0,1865727.0,6669,6669.TW
2026-07-08,5050.0,5050.0,932091.0,6669,6669.TW
2026-07-09,5040.0,5040.0,2142065.0,6669,6669.TW
2026-07-10,5040.0,5040.0,0.0,6669,6669.TW
2026-07-13,4960.0,4960.0,1039797.0,6669,6669.TW
2026-07-14,4905.0,4905.0,996404.0,6669,6669.TW
2026-07-15,5095.0,5095.0,832610.0,6669,6669.TW
2026-07-16,5115.0,5115.0,579525.0,6669,6669.TW
2026-07-17,4620.0,4620.0,1457948.0,6669,6669.TW
2026-07-20,4685.0,4685.0,1338533.0,6669,6669.TW
2026-07-21,5000.0,5000.0,1044291.0,6669,6669.TW
2026-07-22,5500.0,5500.0,3323715.0,6669,6669.TW
2026-07-23,5470.0,5470.0,2232859.0,6669,6669.TW
2026-07-24,5730.0,5730.0,2667131.0,6669,6669.TW
2026-07-27,5745.0,5745.0,1695458.0,6669,6669.TW
2026-07-28,5315.0,5315.0,1771442.0,6669,6669.TW
2026-07-29,5135.0,5135.0,2707692.0,6669,6669.TW
2026-07-30,4900.0,4900.0,2151476.0,6669,6669.TW
2026-07-31,5390.0,5390.0,1456556.0,6669,6669.TW
2025-05-27,731.2990112304688,745.0,2528630.0,6223,6223.TWO
2025-05-28,737.188720703125,751.0,2857653.0,6223,6223.TWO
2025-05-29,780.3794555664062,795.0,5152713.0,6223,6223.TWO
2025-06-02,748.9679565429688,763.0,2591938.0,6223,6223.TWO
2025-06-03,759.7656860351562,774.0,2149518.0,6223,6223.TWO
2025-06-04,779.3978271484375,794.0,2906648.0,6223,6223.TWO
2025-06-05,800.0116577148438,815.0,5012093.0,6223,6223.TWO
2025-06-06,807.8645629882812,823.0,2177169.0,6223,6223.TWO
2025-06-09,816.6990356445312,832.0,1859788.0,6223,6223.TWO
2025-06-10,862.8346557617188,879.0,5250045.0,6223,6223.TWO
2025-06-11,866.7611083984375,883.0,2224767.0,6223,6223.TWO
2025-06-12,859.8898315429688,876.0,3098709.0,6223,6223.TWO
2025-06-13,870.6875,887.0,2401985.0,6223,6223.TWO
2025-06-16,877.558837890625,894.0,1495098.0,6223,6223.TWO
2025-06-17,894.2461547851562,911.0,4187042.0,6223,6223.TWO
2025-06-18,876.5772094726562,893.0,2901785.0,6223,6223.TWO
2025-06-19,864.7979125976562,881.0,2929352.0,6223,6223.TWO
2025-06-20,851.0553588867188,867.0,3173788.0,6223,6223.TWO
2025-06-23,880.503662109375,897.0,2905248.0,6223,6223.TWO
2025-06-24,907.9887084960938,925.0,2530273.0,6223,6223.TWO
2025-06-25,907.9887084960938,925.0,1944821.0,6223,6223.TWO
2025-06-26,894.2461547851562,911.0,2465646.0,6223,6223.TWO
2025-06-27,900.1358642578125,917.0,1700722.0,6223,6223.TWO
2025-06-30,927.6209106445312,945.0,2809210.0,6223,6223.TWO
2025-07-01,922.712890625,940.0,1598739.0,6223,6223.TWO
2025-07-02,916.8231811523438,934.0,1310422.0,6223,6223.TWO
2025-07-03,1001.2415771484375,1020.0,5451798.0,6223,6223.TWO
2025-07-04,1025.78173828125,1045.0,4504163.0,6223,6223.TWO
2025-07-07,996.3335571289062,1015.0,1817086.0,6223,6223.TWO
2025-07-08,1006.149658203125,1025.0,1727043.0,6223,6223.TWO
2025-07-09,1045.4140625,1065.0,1933747.0,6223,6223.TWO
2025-07-10,1066.3560791015625,1070.0,2568756.0,6223,6223.TWO
2025-07-11,1021.50927734375,1025.0,1811564.0,6223,6223.TWO
2025-07-14,1056.39013671875,1060.0,2015300.0,6223,6223.TWO
2025-07-15,1071.3389892578125,1075.0,1652473.0,6223,6223.TWO
2025-07-16,1116.185791015625,1120.0,2876667.0,6223,6223.TWO
2025-07-17,1111.2027587890625,1115.0,1154539.0,6223,6223.TWO
2025-07-18,1121.168701171875,1125.0,956945.0,6223,6223.TWO
2025-07-21,1091.2708740234375,1095.0,2872762.0,6223,6223.TWO
2025-07-22,1041.441162109375,1045.0,2457912.0,6223,6223.TWO
2025-07-23,1051.4071044921875,1055.0,1540915.0,6223,6223.TWO
2025-07-24,1046.4241943359375,1050.0,1225676.0,6223,6223.TWO
2025-07-25,1006.5603637695312,1010.0,4314788.0,6223,6223.TWO
2025-07-28,1001.577392578125,1005.0,1618103.0,6223,6223.TWO
2025-07-29,1006.5603637695312,1010.0,1279390.0,6223,6223.TWO
2025-07-30,1006.5603637695312,1010.0,1102562.0,6223,6223.TWO
2025-07-31,1046.4241943359375,1050.0,2160873.0,6223,6223.TWO
2025-08-04,990.6148681640625,994.0,2463367.0,6223,6223.TWO
2025-08-05,994.6012573242188,998.0,1687086.0,6223,6223.TWO
2025-08-06,1091.2708740234375,1095.0,3389786.0,6223,6223.TWO
2025-08-07,1126.1517333984375,1130.0,3531371.0,6223,6223.TWO
2025-08-08,1151.0665283203125,1155.0,1774714.0,6223,6223.TWO
2025-08-11,1146.0836181640625,1150.0,1352612.0,6223,6223.TWO
2025-08-12,1151.0665283203125,1155.0,1282740.0,6223,6223.TWO
2025-08-13,1215.84521484375,1220.0,4006780.0,6223,6223.TWO
2025-08-14,1260.69189453125,1265.0,2782214.0,6223,6223.TWO
2025-08-15,1250.7259521484375,1255.0,1330492.0,6223,6223.TWO
2025-08-18,1265.6749267578125,1270.0,937452.0,6223,6223.TWO
2025-08-19,1235.777099609375,1240.0,1891880.0,6223,6223.TWO
2025-08-20,1116.185791015625,1120.0,2917574.0,6223,6223.TWO
2025-08-21,1195.913330078125,1200.0,2673675.0,6223,6223.TWO
2025-08-22,1175.9814453125,1180.0,1730752.0,6223,6223.TWO
2025-08-25,1250.7259521484375,1255.0,2608509.0,6223,6223.TWO
2025-08-26,1280.6239013671875,1285.0,1766743.0,6223,6223.TWO
2025-08-27,1310.521728515625,1315.0,1741157.0,6223,6223.TWO
2025-08-28,1280.6239013671875,1285.0,823837.0,6223,6223.TWO
2025-08-29,1385.2662353515625,1390.0,3351300.0,6223,6223.TWO
2025-09-01,1385.2662353515625,1390.0,3146282.0,6223,6223.TWO
2025-09-02,1390.249267578125,1395.0,3214487.0,6223,6223.TWO
2025-09-03,1385.2662353515625,1390.0,1269218.0,6223,6223.TWO
2025-09-04,1380.2833251953125,1385.0,1406476.0,6223,6223.TWO
2025-09-05,1514.823486328125,1520.0,2956331.0,6223,6223.TWO
2025-09-08,1519.8065185546875,1525.0,2673613.0,6223,6223.TWO
2025-09-09,1504.8575439453125,1510.0,2233046.0,6223,6223.TWO
2025-09-10,1514.823486328125,1520.0,1211430.0,6223,6223.TWO
2025-09-11,1499.8746337890625,1505.0,1216897.0,6223,6223.TWO
2025-09-12,1484.9256591796875,1490.0,1159599.0,6223,6223.TWO
2025-09-15,1420.1470947265625,1425.0,1669116.0,6223,6223.TWO
2025-09-16,1489.90869140625,1495.0,1655659.0,6223,6223.TWO
2025-09-17,1489.90869140625,1495.0,866879.0,6223,6223.TWO
2025-09-18,1549.704345703125,1555.0,2485669.0,6223,6223.TWO
2025-09-19,1594.551025390625,1600.0,2152208.0,6223,6223.TWO
2025-09-22,1684.24462890625,1690.0,2825236.0,6223,6223.TWO
2025-09-23,1674.2786865234375,1680.0,1783908.0,6223,6223.TWO
2025-09-24,1634.4149169921875,1640.0,1571817.0,6223,6223.TWO
2025-09-25,1689.2275390625,1695.0,2634327.0,6223,6223.TWO
2025-09-26,1654.3468017578125,1660.0,1947076.0,6223,6223.TWO
2025-09-30,1709.159423828125,1715.0,2462631.0,6223,6223.TWO
2025-10-01,1699.1934814453125,1705.0,1447276.0,6223,6223.TWO
2025-10-02,1719.1253662109375,1725.0,1301559.0,6223,6223.TWO
2025-10-03,1709.159423828125,1715.0,670014.0,6223,6223.TWO
2025-10-07,1629.431884765625,1635.0,2029933.0,6223,6223.TWO
2025-10-08,1679.2615966796875,1685.0,1198520.0,6223,6223.TWO
2025-10-09,1704.176513671875,1710.0,1025340.0,6223,6223.TWO
2025-10-13,1679.2615966796875,1685.0,983482.0,6223,6223.TWO
2025-10-14,1734.0743408203125,1740.0,3188586.0,6223,6223.TWO
2025-10-15,1903.495361328125,1910.0,2665168.0,6223,6223.TWO
2025-10-16,1953.3250732421875,1960.0,2936514.0,6223,6223.TWO
2025-10-17,1843.69970703125,1850.0,1859462.0,6223,6223.TWO
2025-10-20,1818.7847900390625,1825.0,1000159.0,6223,6223.TWO
2025-10-21,1848.6826171875,1855.0,956630.0,6223,6223.TWO
2025-10-22,1813.8018798828125,1820.0,968743.0,6223,6223.TWO
2025-10-23,1818.7847900390625,1825.0,1349027.0,6223,6223.TWO
2025-10-27,1943.359130859375,1950.0,2106635.0,6223,6223.TWO
2025-10-28,2003.15478515625,2010.0,1966940.0,6223,6223.TWO
2025-10-29,1998.171875,2005.0,1867913.0,6223,6223.TWO
2025-10-30,1998.171875,2005.0,1423183.0,6223,6223.TWO
2025-10-31,2092.848388671875,2100.0,1171231.0,6223,6223.TWO
2025-11-03,2013.1207275390625,2020.0,1346126.0,6223,6223.TWO
2025-11-04,1993.1888427734375,2000.0,1091498.0,6223,6223.TWO
2025-11-05,2023.086669921875,2030.0,1415586.0,6223,6223.TWO
2025-11-06,2013.1207275390625,2020.0,1174135.0,6223,6223.TWO
2025-11-07,2062.950439453125,2070.0,1651505.0,6223,6223.TWO
2025-11-10,1983.222900390625,1990.0,1239835.0,6223,6223.TWO
2025-11-11,1788.886962890625,1795.0,2441113.0,6223,6223.TWO
2025-11-12,1714.1424560546875,1720.0,2645327.0,6223,6223.TWO
2025-11-13,1793.8699951171875,1800.0,2067362.0,6223,6223.TWO
2025-11-14,1893.5294189453125,1900.0,3257166.0,6223,6223.TWO
2025-11-17,1873.5975341796875,1880.0,1455475.0,6223,6223.TWO
2025-11-18,1818.7847900390625,1825.0,1779312.0,6223,6223.TWO
2025-11-19,1773.9381103515625,1780.0,1240732.0,6223,6223.TWO
2025-11-20,1903.495361328125,1910.0,1822559.0,6223,6223.TWO
2025-11-21,1833.7337646484375,1840.0,1489771.0,6223,6223.TWO
2025-11-24,1928.4102783203125,1935.0,1935738.0,6223,6223.TWO
2025-11-25,2052.984619140625,2060.0,2579367.0,6223,6223.TWO
2025-11-26,2092.848388671875,2100.0,1586013.0,6223,6223.TWO
2025-11-27,2137.695068359375,2145.0,960898.0,6223,6223.TWO
2025-11-28,2262.269287109375,2270.0,1734703.0,6223,6223.TWO
2025-12-01,2147.660888671875,2155.0,1327594.0,6223,6223.TWO
2025-12-02,2152.64404296875,2160.0,886249.0,6223,6223.TWO
2025-12-03,2162.60986328125,2170.0,617412.0,6223,6223.TWO
2025-12-04,2172.575927734375,2180.0,642351.0,6223,6223.TWO
2025-12-05,2222.405517578125,2230.0,848395.0,6223,6223.TWO
2025-12-08,2247.320556640625,2255.0,704394.0,6223,6223.TWO
2025-12-09,2337.013916015625,2345.0,1253577.0,6223,6223.TWO
2025-12-10,2371.894775390625,2380.0,756559.0,6223,6223.TWO
2025-12-11,2307.1162109375,2315.0,984923.0,6223,6223.TWO
2025-12-12,2366.911865234375,2375.0,1555390.0,6223,6223.TWO
2025-12-15,2361.9287109375,2370.0,768153.0,6223,6223.TWO
2025-12-16,2287.184326171875,2295.0,1500313.0,6223,6223.TWO
2025-12-17,2232.37158203125,2240.0,1214798.0,6223,6223.TWO
2025-12-18,2197.49072265625,2205.0,846462.0,6223,6223.TWO
2025-12-19,2297.150146484375,2305.0,1022992.0,6223,6223.TWO
2025-12-22,2247.320556640625,2255.0,997718.0,6223,6223.TWO
2025-12-23,2237.3544921875,2245.0,843573.0,6223,6223.TWO
2025-12-24,2297.150146484375,2305.0,613719.0,6223,6223.TWO
2025-12-26,2351.962890625,2360.0,2135570.0,6223,6223.TWO
2025-12-29,2222.405517578125,2230.0,1803369.0,6223,6223.TWO
2025-12-30,2257.286376953125,2265.0,815392.0,6223,6223.TWO
2025-12-31,2242.33740234375,2250.0,427717.0,6223,6223.TWO
2026-01-02,2252.303466796875,2260.0,815367.0,6223,6223.TWO
2026-01-05,2142.677978515625,2150.0,1418422.0,6223,6223.TWO
2026-01-06,2142.677978515625,2150.0,1715389.0,6223,6223.TWO
2026-01-07,2147.660888671875,2155.0,1164560.0,6223,6223.TWO
2026-01-08,2112.7802734375,2120.0,1449981.0,6223,6223.TWO
2026-01-09,2222.405517578125,2230.0,2345136.0,6223,6223.TWO
2026-01-12,2192.5078125,2200.0,1999158.0,6223,6223.TWO
2026-01-13,2267.25244140625,2275.0,1931301.0,6223,6223.TWO
2026-01-14,2337.013916015625,2345.0,1778648.0,6223,6223.TWO
2026-01-15,2222.405517578125,2230.0,1701169.0,6223,6223.TWO
2026-01-16,2292.167236328125,2300.0,1415296.0,6223,6223.TWO
2026-01-19,2307.1162109375,2315.0,886471.0,6223,6223.TWO
2026-01-20,2441.65625,2450.0,2186220.0,6223,6223.TWO
2026-01-21,2451.622314453125,2460.0,1933679.0,6223,6223.TWO
2026-01-22,2406.775634765625,2415.0,1594516.0,6223,6223.TWO
2026-01-23,2536.332763671875,2545.0,1297721.0,6223,6223.TWO
2026-01-26,2576.196533203125,2585.0,1218407.0,6223,6223.TWO
2026-01-27,2725.685791015625,2735.0,1614296.0,6223,6223.TWO
2026-01-28,2645.958251953125,2655.0,1396238.0,6223,6223.TWO
2026-01-29,2586.16259765625,2595.0,1074909.0,6223,6223.TWO
2026-01-30,2506.43505859375,2515.0,1676265.0,6223,6223.TWO
2026-02-02,2621.04345703125,2630.0,1786811.0,6223,6223.TWO
2026-02-03,2835.31103515625,2845.0,1928074.0,6223,6223.TWO
2026-02-04,2740.634765625,2750.0,1660884.0,6223,6223.TWO
2026-02-05,2740.634765625,2750.0,1545725.0,6223,6223.TWO
2026-02-06,2660.9072265625,2670.0,1061575.0,6223,6223.TWO
2026-02-09,2765.549560546875,2775.0,1287455.0,6223,6223.TWO
2026-02-10,2775.515380859375,2785.0,1024388.0,6223,6223.TWO
2026-02-11,2780.49853515625,2790.0,764516.0,6223,6223.TWO
2026-02-23,2795.447265625,2805.0,1185568.0,6223,6223.TWO
2026-02-24,2640.975341796875,2650.0,1779371.0,6223,6223.TWO
2026-02-25,2670.873046875,2680.0,3238218.0,6223,6223.TWO
2026-02-26,2934.970703125,2945.0,3036845.0,6223,6223.TWO
2026-03-02,2790.46435546875,2800.0,1777571.0,6223,6223.TWO
2026-03-03,2845.277099609375,2855.0,1710869.0,6223,6223.TWO
2026-03-04,2650.941162109375,2660.0,1368591.0,6223,6223.TWO
2026-03-05,2835.31103515625,2845.0,1048274.0,6223,6223.TWO
2026-03-06,2954.902587890625,2965.0,1369415.0,6223,6223.TWO
2026-03-09,2710.73681640625,2720.0,1153506.0,6223,6223.TWO
2026-03-10,2979.8173828125,2990.0,1159747.0,6223,6223.TWO
2026-03-11,3273.812744140625,3285.0,909521.0,6223,6223.TWO
2026-03-12,3597.705810546875,3610.0,2461432.0,6223,6223.TWO
2026-03-13,3537.91015625,3550.0,1125541.0,6223,6223.TWO
2026-03-16,3552.859130859375,3565.0,734810.0,6223,6223.TWO
2026-03-17,3567.80810546875,3580.0,1053433.0,6223,6223.TWO
2026-03-18,3722.2802734375,3735.0,1223898.0,6223,6223.TWO
2026-03-19,3652.5185546875,3665.0,1010064.0,6223,6223.TWO
2026-03-20,3846.8544921875,3860.0,2357183.0,6223,6223.TWO
2026-03-23,3702.348388671875,3715.0,1251309.0,6223,6223.TWO
2026-03-24,3657.50146484375,3670.0,1281610.0,6223,6223.TWO
2026-03-25,3737.22900390625,3750.0,1517909.0,6223,6223.TWO
2026-03-26,3642.552734375,3655.0,1450412.0,6223,6223.TWO
2026-03-27,3652.5185546875,3665.0,1047119.0,6223,6223.TWO
2026-03-30,3722.2802734375,3735.0,785297.0,6223,6223.TWO
2026-03-31,3582.757080078125,3595.0,1142516.0,6223,6223.TWO
2026-04-01,3936.548095703125,3950.0,1409379.0,6223,6223.TWO
2026-04-02,3752.177978515625,3765.0,1143077.0,6223,6223.TWO
2026-04-07,3906.650146484375,3920.0,701228.0,6223,6223.TWO
2026-04-08,4295.32177734375,4310.0,905157.0,6223,6223.TWO
2026-04-09,4454.77685546875,4470.0,1136459.0,6223,6223.TWO
2026-04-10,4604.26611328125,4620.0,999382.0,6223,6223.TWO
2026-04-13,4529.521484375,4545.0,665381.0,6223,6223.TWO
2026-04-14,4544.470703125,4560.0,711351.0,6223,6223.TWO
2026-04-15,4589.3173828125,4605.0,977438.0,6223,6223.TWO
2026-04-16,4898.26171875,4915.0,1175871.0,6223,6223.TWO
2026-04-17,5177.30810546875,5195.0,1433729.0,6223,6223.TWO
2026-04-20,5117.51220703125,5135.0,1243848.0,6223,6223.TWO
2026-04-21,4923.17626953125,4940.0,2132401.0,6223,6223.TWO
2026-04-22,4808.568359375,4825.0,1364242.0,6223,6223.TWO
2026-04-23,4773.6875,4790.0,1747672.0,6223,6223.TWO
2026-04-24,4634.1640625,4650.0,1339482.0,6223,6223.TWO
2026-04-27,4863.380859375,4880.0,1471449.0,6223,6223.TWO
2026-04-28,4863.380859375,4880.0,1043424.0,6223,6223.TWO
2026-04-29,4928.15966796875,4945.0,930784.0,6223,6223.TWO
2026-04-30,4908.2275390625,4925.0,1146026.0,6223,6223.TWO
2026-05-04,5147.41015625,5165.0,1257865.0,6223,6223.TWO
2026-05-05,4982.97216796875,5000.0,1197402.0,6223,6223.TWO
2026-05-06,4933.142578125,4950.0,1232680.0,6223,6223.TWO
2026-05-07,5012.8701171875,5030.0,886563.0,6223,6223.TWO
2026-05-08,5007.88720703125,5025.0,1610245.0,6223,6223.TWO
2026-05-11,4968.0234375,4985.0,2038098.0,6223,6223.TWO
2026-05-12,5461.33740234375,5480.0,866831.0,6223,6223.TWO
2026-05-13,5700.52001953125,5720.0,2908315.0,6223,6223.TWO
2026-05-14,6268.5791015625,6290.0,496340.0,6223,6223.TWO
2026-05-15,5874.92431640625,5895.0,2070393.0,6223,6223.TWO
2026-05-18,6114.10693359375,6135.0,1496215.0,6223,6223.TWO
2026-05-19,5710.48583984375,5730.0,1616927.0,6223,6223.TWO
2026-05-20,5660.65625,5680.0,987482.0,6223,6223.TWO
2026-05-21,5630.75830078125,5650.0,1180101.0,6223,6223.TWO
2026-05-22,6014.447265625,6035.0,1184319.0,6223,6223.TWO
2026-05-25,6178.88525390625,6200.0,825389.0,6223,6223.TWO
2026-05-26,6218.7490234375,6240.0,728592.0,6223,6223.TWO
2026-05-27,6368.23828125,6390.0,810538.0,6223,6223.TWO
2026-05-28,5894.85595703125,5915.0,953378.0,6223,6223.TWO
2026-05-29,5939.70263671875,5960.0,7075498.0,6223,6223.TWO
2026-06-01,5660.65625,5680.0,1271421.0,6223,6223.TWO
2026-06-02,5496.21826171875,5515.0,1201987.0,6223,6223.TWO
2026-06-03,5879.9072265625,5900.0,965484.0,6223,6223.TWO
2026-06-04,6049.328125,6070.0,838821.0,6223,6223.TWO
2026-06-05,5745.36669921875,5765.0,1217363.0,6223,6223.TWO
2026-06-08,5496.21826171875,5515.0,957401.0,6223,6223.TWO
2026-06-09,5864.9580078125,5885.0,1348309.0,6223,6223.TWO
2026-06-10,5750.35009765625,5770.0,1538040.0,6223,6223.TWO
2026-06-11,6069.26025390625,6090.0,1501768.0,6223,6223.TWO
2026-06-12,6462.9150390625,6485.0,1572267.0,6223,6223.TWO
2026-06-15,6413.0849609375,6435.0,1089462.0,6223,6223.TWO
2026-06-16,6423.05126953125,6445.0,897322.0,6223,6223.TWO
2026-06-17,6398.13623046875,6420.0,584132.0,6223,6223.TWO
2026-06-18,6393.1533203125,6415.0,757141.0,6223,6223.TWO
2026-06-22,6403.119140625,6425.0,545492.0,6223,6223.TWO
2026-06-23,6657.2509765625,6680.0,1168538.0,6223,6223.TWO
2026-06-24,7150.56494140625,7175.0,1125616.0,6223,6223.TWO
2026-06-25,6881.484375,6905.0,835654.0,6223,6223.TWO
2026-06-26,6477.86376953125,6500.0,673393.0,6223,6223.TWO
2026-06-29,6039.3623046875,6060.0,958504.0,6223,6223.TWO
2026-06-30,6069.26025390625,6090.0,972101.0,6223,6223.TWO
2026-07-01,6672.19970703125,6695.0,651163.0,6223,6223.TWO
2026-07-02,7230.29248046875,7255.0,1481568.0,6223,6223.TWO
2026-07-03,7354.86669921875,7380.0,582850.0,6223,6223.TWO
2026-07-06,6831.65478515625,6855.0,554816.0,6223,6223.TWO
2026-07-07,6288.5107421875,6310.0,872345.0,6223,6223.TWO
2026-07-08,6438.0,6460.0,724641.0,6223,6223.TWO
2026-07-09,7080.0,7080.0,627606.0,6223,6223.TWO
2026-07-10,7080.0,7080.0,0.0,6223,6223.TWO
2026-07-13,6640.0,6640.0,718504.0,6223,6223.TWO
2026-07-14,6340.0,6340.0,728710.0,6223,6223.TWO
2026-07-15,6330.0,6330.0,692216.0,6223,6223.TWO
2026-07-16,6220.0,6220.0,592686.0,6223,6223.TWO
2026-07-17,5600.0,5600.0,944809.0,6223,6223.TWO
2026-07-20,5455.0,5455.0,944363.0,6223,6223.TWO
2026-07-21,5875.0,5875.0,1473835.0,6223,6223.TWO
2026-07-22,6000.0,6000.0,906298.0,6223,6223.TWO
2026-07-23,6250.0,6250.0,610217.0,6223,6223.TWO
2026-07-24,5705.0,5705.0,674559.0,6223,6223.TWO
2026-07-27,5720.0,5720.0,602159.0,6223,6223.TWO
2026-07-28,5165.0,5165.0,758191.0,6223,6223.TWO
2026-07-29,4790.0,4790.0,1061138.0,6223,6223.TWO
2026-07-30,4800.0,4800.0,1049964.0,6223,6223.TWO
2026-07-31,5280.0,5280.0,161362.0,6223,6223.TWO
2025-05-27,1264.60107421875,1285.0,1116395.0,3653,3653.TW
2025-05-28,1313.8072509765625,1335.0,1986746.0,3653,3653.TW
2025-05-29,1333.4898681640625,1355.0,2036490.0,3653,3653.TW
2025-06-02,1299.04541015625,1320.0,911836.0,3653,3653.TW
2025-06-03,1363.0135498046875,1385.0,1994333.0,3653,3653.TW
2025-06-04,1338.4105224609375,1360.0,1305634.0,3653,3653.TW
2025-06-05,1338.4105224609375,1360.0,711070.0,3653,3653.TW
2025-06-06,1338.4105224609375,1360.0,486072.0,3653,3653.TW
2025-06-09,1372.8548583984375,1395.0,743357.0,3653,3653.TW
2025-06-10,1397.4578857421875,1420.0,1065850.0,3653,3653.TW
2025-06-11,1451.5848388671875,1475.0,1827780.0,3653,3653.TW
2025-06-12,1471.267333984375,1495.0,1376515.0,3653,3653.TW
2025-06-13,1505.711669921875,1530.0,1113883.0,3653,3653.TW
2025-06-16,1471.267333984375,1495.0,1852262.0,3653,3653.TW
2025-06-17,1515.552978515625,1540.0,2434402.0,3653,3653.TW
2025-06-18,1525.394287109375,1550.0,1777238.0,3653,3653.TW
2025-06-19,1505.711669921875,1530.0,1210629.0,3653,3653.TW
2025-06-20,1456.5054931640625,1480.0,2871691.0,3653,3653.TW
2025-06-23,1426.981689453125,1450.0,1494489.0,3653,3653.TW
2025-06-24,1456.5054931640625,1480.0,1788420.0,3653,3653.TW
2025-06-25,1461.4261474609375,1485.0,1714308.0,3653,3653.TW
2025-06-26,1466.3466796875,1490.0,807172.0,3653,3653.TW
2025-06-27,1476.18798828125,1500.0,746187.0,3653,3653.TW
2025-06-30,1486.0291748046875,1510.0,835930.0,3653,3653.TW
2025-07-01,1436.822998046875,1460.0,1570412.0,3653,3653.TW
2025-07-02,1446.6641845703125,1470.0,781354.0,3653,3653.TW
2025-07-03,1500.791015625,1525.0,1349123.0,3653,3653.TW
2025-07-04,1461.4261474609375,1485.0,609528.0,3653,3653.TW
2025-07-07,1431.90234375,1455.0,903267.0,3653,3653.TW
2025-07-08,1446.6641845703125,1470.0,890316.0,3653,3653.TW
2025-07-09,1441.74365234375,1465.0,1133016.0,3653,3653.TW
2025-07-10,1407.2991943359375,1430.0,1172056.0,3653,3653.TW
2025-07-11,1392.5372314453125,1415.0,962088.0,3653,3653.TW
2025-07-14,1367.9342041015625,1390.0,595268.0,3653,3653.TW
2025-07-15,1431.90234375,1455.0,711447.0,3653,3653.TW
2025-07-16,1461.4261474609375,1485.0,913795.0,3653,3653.TW
2025-07-17,1450.9908447265625,1460.0,478013.0,3653,3653.TW
2025-07-18,1475.836669921875,1485.0,793174.0,3653,3653.TW
2025-07-21,1411.2376708984375,1420.0,1080509.0,3653,3653.TW
2025-07-22,1356.5771484375,1365.0,1378177.0,3653,3653.TW
2025-07-23,1366.515380859375,1375.0,1021101.0,3653,3653.TW
2025-07-24,1441.0526123046875,1450.0,1536253.0,3653,3653.TW
2025-07-25,1431.1142578125,1440.0,557097.0,3653,3653.TW
2025-07-28,1436.08349609375,1445.0,692179.0,3653,3653.TW
2025-07-29,1371.4844970703125,1380.0,1919240.0,3653,3653.TW
2025-07-30,1376.4537353515625,1385.0,596580.0,3653,3653.TW
2025-07-31,1431.1142578125,1440.0,978539.0,3653,3653.TW
2025-08-04,1291.9781494140625,1300.0,1927141.0,3653,3653.TW
2025-08-05,1301.91650390625,1310.0,2734400.0,3653,3653.TW
2025-08-06,1316.823974609375,1325.0,782114.0,3653,3653.TW
2025-08-07,1446.021728515625,1455.0,2353057.0,3653,3653.TW
2025-08-08,1500.682373046875,1510.0,2185224.0,3653,3653.TW
2025-08-11,1515.58984375,1525.0,1336523.0,3653,3653.TW
2025-08-12,1485.77490234375,1495.0,1445653.0,3653,3653.TW
2025-08-13,1436.08349609375,1445.0,2104407.0,3653,3653.TW
2025-08-14,1495.7132568359375,1505.0,1685672.0,3653,3653.TW
2025-08-15,1465.8983154296875,1475.0,1081319.0,3653,3653.TW
2025-08-18,1610.0035400390625,1620.0,2339012.0,3653,3653.TW
2025-08-19,1649.7567138671875,1660.0,2498928.0,3653,3653.TW
2025-08-20,1540.435546875,1550.0,1438359.0,3653,3653.TW
2025-08-21,1560.3121337890625,1570.0,1246087.0,3653,3653.TW
2025-08-22,1619.94189453125,1630.0,1848294.0,3653,3653.TW
2025-08-25,1778.95458984375,1790.0,2022127.0,3653,3653.TW
2025-08-26,1952.874755859375,1965.0,3823977.0,3653,3653.TW
2025-08-27,1923.059814453125,1935.0,1838815.0,3653,3653.TW
2025-08-28,1893.2449951171875,1905.0,2006582.0,3653,3653.TW
2025-08-29,2082.072509765625,2095.0,2082155.0,3653,3653.TW
2025-09-01,2191.393798828125,2205.0,3961354.0,3653,3653.TW
2025-09-02,2121.82568359375,2135.0,2674738.0,3653,3653.TW
2025-09-03,2201.33203125,2215.0,1874778.0,3653,3653.TW
2025-09-04,2419.974609375,2435.0,2435057.0,3653,3653.TW
2025-09-05,2395.128662109375,2410.0,2768159.0,3653,3653.TW
2025-09-08,2439.85107421875,2455.0,1959809.0,3653,3653.TW
2025-09-09,2439.85107421875,2455.0,1618381.0,3653,3653.TW
2025-09-10,2489.54248046875,2505.0,1397064.0,3653,3653.TW
2025-09-11,2439.85107421875,2455.0,2224435.0,3653,3653.TW
2025-09-12,2295.745849609375,2310.0,3428593.0,3653,3653.TW
2025-09-15,2290.776611328125,2305.0,3083357.0,3653,3653.TW
2025-09-16,2355.37548828125,2370.0,1618151.0,3653,3653.TW
2025-09-17,2320.591552734375,2335.0,1381576.0,3653,3653.TW
2025-09-18,2400.097900390625,2415.0,1509284.0,3653,3653.TW
2025-09-19,2290.776611328125,2305.0,1861359.0,3653,3653.TW
2025-09-22,2280.83837890625,2295.0,939297.0,3653,3653.TW
2025-09-23,2340.46826171875,2355.0,1500578.0,3653,3653.TW
2025-09-24,2236.115966796875,2250.0,1804448.0,3653,3653.TW
2025-09-25,2186.424560546875,2200.0,1977142.0,3653,3653.TW
2025-09-26,2181.45556640625,2195.0,2229836.0,3653,3653.TW
2025-09-30,2395.128662109375,2410.0,1468764.0,3653,3653.TW
2025-10-01,2429.912841796875,2445.0,4225446.0,3653,3653.TW
2025-10-02,2454.758544921875,2470.0,2107414.0,3653,3653.TW
2025-10-03,2365.31396484375,2380.0,1721536.0,3653,3653.TW
2025-10-07,2305.68408203125,2320.0,1637272.0,3653,3653.TW
2025-10-08,2305.68408203125,2320.0,980362.0,3653,3653.TW
2025-10-09,2285.8076171875,2300.0,1000282.0,3653,3653.TW
2025-10-13,2211.270263671875,2225.0,1281053.0,3653,3653.TW
2025-10-14,2181.45556640625,2195.0,1256230.0,3653,3653.TW
2025-10-15,2375.252197265625,2390.0,2796440.0,3653,3653.TW
2025-10-16,2325.560791015625,2340.0,1020763.0,3653,3653.TW
2025-10-17,2221.208740234375,2235.0,1865465.0,3653,3653.TW
2025-10-20,2251.0234375,2265.0,1194113.0,3653,3653.TW
2025-10-21,2226.177734375,2240.0,1154539.0,3653,3653.TW
2025-10-22,2221.208740234375,2235.0,586214.0,3653,3653.TW
2025-10-23,2186.424560546875,2200.0,1150409.0,3653,3653.TW
2025-10-27,2121.82568359375,2135.0,1862734.0,3653,3653.TW
2025-10-28,2151.640625,2165.0,1046165.0,3653,3653.TW
2025-10-29,2101.94921875,2115.0,1273600.0,3653,3653.TW
2025-10-30,2131.763916015625,2145.0,1480167.0,3653,3653.TW
2025-10-31,2116.8564453125,2130.0,839528.0,3653,3653.TW
2025-11-03,2131.763916015625,2145.0,691462.0,3653,3653.TW
2025-11-04,2007.5352783203125,2020.0,2042055.0,3653,3653.TW
2025-11-05,2012.5045166015625,2025.0,1615692.0,3653,3653.TW
2025-11-06,2176.486328125,2190.0,2992452.0,3653,3653.TW
2025-11-07,2166.548095703125,2180.0,1862526.0,3653,3653.TW
2025-11-10,2216.239501953125,2230.0,2455801.0,3653,3653.TW
2025-11-11,2196.36279296875,2210.0,1595832.0,3653,3653.TW
2025-11-12,2251.0234375,2265.0,1253952.0,3653,3653.TW
2025-11-13,2459.727783203125,2475.0,5896190.0,3653,3653.TW
2025-11-14,2564.079833984375,2580.0,4199953.0,3653,3653.TW
2025-11-17,2539.234130859375,2555.0,2949828.0,3653,3653.TW
2025-11-18,2474.635009765625,2490.0,1887099.0,3653,3653.TW
2025-11-19,2434.8818359375,2450.0,1423352.0,3653,3653.TW
2025-11-20,2638.616943359375,2655.0,2790031.0,3653,3653.TW
2025-11-21,2529.295654296875,2545.0,1909420.0,3653,3653.TW
2025-11-24,2588.925537109375,2605.0,1746332.0,3653,3653.TW
2025-11-25,2578.9873046875,2595.0,1338775.0,3653,3653.TW
2025-11-26,2618.740478515625,2635.0,974074.0,3653,3653.TW
2025-11-27,2698.246826171875,2715.0,1971849.0,3653,3653.TW
2025-11-28,2887.07421875,2905.0,2926115.0,3653,3653.TW
2025-12-01,2782.72216796875,2800.0,2064507.0,3653,3653.TW
2025-12-02,2782.72216796875,2800.0,1335573.0,3653,3653.TW
2025-12-03,2762.845703125,2780.0,895510.0,3653,3653.TW
2025-12-04,2767.814697265625,2785.0,612534.0,3653,3653.TW
2025-12-05,3041.117919921875,3060.0,4091441.0,3653,3653.TW
2025-12-08,3001.36474609375,3020.0,2622520.0,3653,3653.TW
2025-12-09,2931.796630859375,2950.0,1439729.0,3653,3653.TW
2025-12-10,2901.981689453125,2920.0,1608893.0,3653,3653.TW
2025-12-11,2911.920166015625,2930.0,1180854.0,3653,3653.TW
2025-12-12,2976.51904296875,2995.0,1269303.0,3653,3653.TW
2025-12-15,2897.0126953125,2915.0,1403977.0,3653,3653.TW
2025-12-16,2822.475341796875,2840.0,1544521.0,3653,3653.TW
2025-12-17,2688.308349609375,2705.0,1935376.0,3653,3653.TW
2025-12-18,2638.616943359375,2655.0,1077602.0,3653,3653.TW
2025-12-19,2613.771240234375,2630.0,2902913.0,3653,3653.TW
2025-12-22,2628.6787109375,2645.0,1344756.0,3653,3653.TW
2025-12-23,2698.246826171875,2715.0,1353417.0,3653,3653.TW
2025-12-24,2733.03076171875,2750.0,868499.0,3653,3653.TW
2025-12-26,2723.092529296875,2740.0,1217173.0,3653,3653.TW
2025-12-29,2708.18505859375,2725.0,613571.0,3653,3653.TW
2025-12-30,2742.968994140625,2760.0,526334.0,3653,3653.TW
2025-12-31,2728.0615234375,2745.0,637997.0,3653,3653.TW
2026-01-02,2574.01806640625,2590.0,1568985.0,3653,3653.TW
2026-01-05,2574.01806640625,2590.0,1143634.0,3653,3653.TW
2026-01-06,2623.70947265625,2640.0,930918.0,3653,3653.TW
2026-01-07,2469.666015625,2485.0,2289346.0,3653,3653.TW
2026-01-08,2429.912841796875,2445.0,1171723.0,3653,3653.TW
2026-01-09,2549.17236328125,2565.0,1992480.0,3653,3653.TW
2026-01-12,2519.357421875,2535.0,1303774.0,3653,3653.TW
2026-01-13,2375.252197265625,2390.0,2039931.0,3653,3653.TW
2026-01-14,2434.8818359375,2450.0,1436112.0,3653,3653.TW
2026-01-15,2365.31396484375,2380.0,1994862.0,3653,3653.TW
2026-01-16,2395.128662109375,2410.0,1899239.0,3653,3653.TW
2026-01-19,2415.00537109375,2430.0,1510564.0,3653,3653.TW
2026-01-20,2444.8203125,2460.0,1375427.0,3653,3653.TW
2026-01-21,2315.622314453125,2330.0,2901535.0,3653,3653.TW
2026-01-22,2544.203125,2560.0,2202606.0,3653,3653.TW
2026-01-23,2777.753173828125,2795.0,3943302.0,3653,3653.TW
2026-01-26,2723.092529296875,2740.0,1681506.0,3653,3653.TW
2026-01-27,2777.753173828125,2795.0,2082650.0,3653,3653.TW
2026-01-28,2792.66064453125,2810.0,1379894.0,3653,3653.TW
2026-01-29,2877.135986328125,2895.0,3117308.0,3653,3653.TW
2026-01-30,2822.475341796875,2840.0,1390262.0,3653,3653.TW
2026-02-02,2936.765869140625,2955.0,1792680.0,3653,3653.TW
2026-02-03,3120.624267578125,3140.0,2707523.0,3653,3653.TW
2026-02-04,3090.809326171875,3110.0,1857049.0,3653,3653.TW
2026-02-05,2981.488037109375,3000.0,1295696.0,3653,3653.TW
2026-02-06,2951.67333984375,2970.0,1277176.0,3653,3653.TW
2026-02-09,3125.59326171875,3145.0,1766038.0,3653,3653.TW
2026-02-10,3329.328369140625,3350.0,2515812.0,3653,3653.TW
2026-02-11,3185.22314453125,3205.0,1645512.0,3653,3653.TW
2026-02-23,3060.994384765625,3080.0,2087286.0,3653,3653.TW
2026-02-24,2921.8583984375,2940.0,1946957.0,3653,3653.TW
2026-02-25,3110.68603515625,3130.0,1754465.0,3653,3653.TW
2026-02-26,3100.74755859375,3120.0,1214926.0,3653,3653.TW
2026-03-02,3026.21044921875,3045.0,951953.0,3653,3653.TW
2026-03-03,3021.2412109375,3040.0,1188345.0,3653,3653.TW
2026-03-04,2862.228515625,2880.0,1362228.0,3653,3653.TW
2026-03-05,3120.624267578125,3140.0,1740589.0,3653,3653.TW
2026-03-06,3393.92724609375,3415.0,3796674.0,3653,3653.TW
2026-03-09,3160.37744140625,3180.0,2806321.0,3653,3653.TW
2026-03-10,3473.43359375,3495.0,2631842.0,3653,3653.TW
2026-03-11,3463.495361328125,3485.0,3150151.0,3653,3653.TW
2026-03-12,3418.77294921875,3440.0,2107717.0,3653,3653.TW
2026-03-13,3224.976318359375,3245.0,2095398.0,3653,3653.TW
2026-03-16,3369.08154296875,3390.0,1707388.0,3653,3653.TW
2026-03-17,3702.014404296875,3725.0,1636274.0,3653,3653.TW
2026-03-18,3955.44091796875,3980.0,1989572.0,3653,3653.TW
2026-03-19,3875.9345703125,3900.0,1160205.0,3653,3653.TW
2026-03-20,3826.2431640625,3850.0,1102357.0,3653,3653.TW
2026-03-23,3826.2431640625,3850.0,1289654.0,3653,3653.TW
2026-03-24,3925.6259765625,3950.0,1983132.0,3653,3653.TW
2026-03-25,3920.656982421875,3945.0,1042752.0,3653,3653.TW
2026-03-26,3915.687744140625,3940.0,1121111.0,3653,3653.TW
2026-03-27,4015.070556640625,4040.0,1175651.0,3653,3653.TW
2026-03-30,3865.996337890625,3890.0,1203269.0,3653,3653.TW
2026-03-31,3771.58251953125,3795.0,1879410.0,3653,3653.TW
2026-04-01,3925.6259765625,3950.0,1356341.0,3653,3653.TW
2026-04-02,3687.10693359375,3710.0,1456719.0,3653,3653.TW
2026-04-07,3736.79833984375,3760.0,1780014.0,3653,3653.TW
2026-04-08,3985.255859375,4010.0,1522905.0,3653,3653.TW
2026-04-09,4213.83642578125,4240.0,1491215.0,3653,3653.TW
2026-04-10,4099.54638671875,4125.0,1377683.0,3653,3653.TW
2026-04-13,4020.039794921875,4045.0,745322.0,3653,3653.TW
2026-04-14,3975.3173828125,4000.0,804741.0,3653,3653.TW
2026-04-15,4129.36083984375,4155.0,1123869.0,3653,3653.TW
2026-04-16,4352.97265625,4380.0,1478278.0,3653,3653.TW
2026-04-17,4536.8310546875,4565.0,1335591.0,3653,3653.TW
2026-04-20,4989.0234375,5020.0,1163883.0,3653,3653.TW
2026-04-21,5336.86376953125,5370.0,1561610.0,3653,3653.TW
2026-04-22,5376.61669921875,5410.0,1017389.0,3653,3653.TW
2026-04-23,5277.23388671875,5310.0,1391116.0,3653,3653.TW
2026-04-24,5336.86376953125,5370.0,443384.0,3653,3653.TW
2026-04-27,4929.3935546875,4960.0,512873.0,3653,3653.TW
2026-04-28,4919.45556640625,4950.0,470491.0,3653,3653.TW
2026-04-29,5411.40087890625,5445.0,439708.0,3653,3653.TW
2026-04-30,5346.80224609375,5380.0,356137.0,3653,3653.TW
2026-05-04,5267.2958984375,5300.0,314287.0,3653,3653.TW
2026-05-05,4750.50439453125,4780.0,1110699.0,3653,3653.TW
2026-05-06,4278.435546875,4305.0,654769.0,3653,3653.TW
2026-05-07,3851.0888671875,3875.0,1510995.0,3653,3653.TW
2026-05-08,3627.477294921875,3650.0,5339187.0,3653,3653.TW
2026-05-11,3990.224853515625,4015.0,3871156.0,3653,3653.TW
2026-05-12,3895.81103515625,3920.0,3235818.0,3653,3653.TW
2026-05-13,3508.2177734375,3530.0,1073962.0,3653,3653.TW
2026-05-14,3344.23583984375,3365.0,915632.0,3653,3653.TW
2026-05-15,3443.61865234375,3465.0,748176.0,3653,3653.TW
2026-05-18,3249.822021484375,3270.0,967668.0,3653,3653.TW
2026-05-19,3070.932861328125,3090.0,1041830.0,3653,3653.TW
2026-05-20,3011.302978515625,3030.0,1384011.0,3653,3653.TW
2026-05-21,3309.451904296875,3330.0,486225.0,3653,3653.TW
2026-05-22,3637.41552734375,3660.0,555758.0,3653,3653.TW
2026-05-25,3746.73681640625,3770.0,609775.0,3653,3653.TW
2026-05-26,3647.353759765625,3670.0,633313.0,3653,3653.TW
2026-05-27,3647.353759765625,3670.0,2889125.0,3653,3653.TW
2026-05-28,3478.40283203125,3500.0,1998704.0,3653,3653.TW
2026-05-29,3523.125,3545.0,2203983.0,3653,3653.TW
2026-06-01,3816.3046875,3840.0,2217053.0,3653,3653.TW
2026-06-02,3965.379150390625,3990.0,2736026.0,3653,3653.TW
2026-06-03,3880.90380859375,3905.0,1770983.0,3653,3653.TW
2026-06-04,3706.983642578125,3730.0,1300717.0,3653,3653.TW
2026-06-05,3597.662353515625,3620.0,1059613.0,3653,3653.TW
2026-06-08,3796.42822265625,3820.0,2046335.0,3653,3653.TW
2026-06-09,3910.718505859375,3935.0,2128796.0,3653,3653.TW
2026-06-10,3776.551513671875,3800.0,2001950.0,3653,3653.TW
2026-06-11,3597.662353515625,3620.0,2345410.0,3653,3653.TW
2026-06-12,3667.23046875,3690.0,1755468.0,3653,3653.TW
2026-06-15,3811.335693359375,3835.0,1307162.0,3653,3653.TW
2026-06-16,3761.64404296875,3785.0,1007785.0,3653,3653.TW
2026-06-17,3965.379150390625,3990.0,1412355.0,3653,3653.TW
2026-06-18,3940.533447265625,3965.0,1871730.0,3653,3653.TW
2026-06-22,3816.3046875,3840.0,1317546.0,3653,3653.TW
2026-06-23,3816.3046875,3840.0,968482.0,3653,3653.TW
2026-06-24,3617.538818359375,3640.0,2009997.0,3653,3653.TW
2026-06-25,3369.08154296875,3390.0,2567711.0,3653,3653.TW
2026-06-26,3383.989013671875,3405.0,1839393.0,3653,3653.TW
2026-06-29,3299.513427734375,3320.0,1057418.0,3653,3653.TW
2026-06-30,3408.834716796875,3430.0,728232.0,3653,3653.TW
2026-07-01,3379.019775390625,3400.0,700224.0,3653,3653.TW
2026-07-02,3453.55712890625,3475.0,566627.0,3653,3653.TW
2026-07-03,3398.896484375,3420.0,1085639.0,3653,3653.TW
2026-07-06,3299.513427734375,3320.0,694682.0,3653,3653.TW
2026-07-07,3175.284912109375,3195.0,998016.0,3653,3653.TW
2026-07-08,3180.25390625,3200.0,695436.0,3653,3653.TW
2026-07-09,3185.22314453125,3205.0,504968.0,3653,3653.TW
2026-07-10,3185.22314453125,3205.0,0.0,3653,3653.TW
2026-07-13,3175.284912109375,3195.0,768391.0,3653,3653.TW
2026-07-14,3051.05615234375,3070.0,1019104.0,3653,3653.TW
2026-07-15,3259.76025390625,3280.0,929158.0,3653,3653.TW
2026-07-16,3374.05078125,3395.0,988315.0,3653,3653.TW
2026-07-17,3190.1923828125,3210.0,1061541.0,3653,3653.TW
2026-07-20,3180.25390625,3200.0,1471201.0,3653,3653.TW
2026-07-21,3498.279296875,3520.0,1902742.0,3653,3653.TW
2026-07-22,3500.0,3500.0,2005494.0,3653,3653.TW
2026-07-23,3710.0,3710.0,1937790.0,3653,3653.TW
2026-07-24,3430.0,3430.0,1797417.0,3653,3653.TW
2026-07-27,3525.0,3525.0,749349.0,3653,3653.TW
2026-07-28,3370.0,3370.0,1585345.0,3653,3653.TW
2026-07-29,3310.0,3310.0,2133202.0,3653,3653.TW
2026-07-30,3135.0,3135.0,1641718.0,3653,3653.TW
2026-07-31,3445.0,3445.0,915307.0,3653,3653.TW
2025-05-27,314.8443908691406,323.0,3098504.0,8210,8210.TW
2025-05-28,315.33172607421875,323.5,2425576.0,8210,8210.TW
2025-05-29,315.33172607421875,323.5,2599380.0,8210,8210.TW
2025-06-02,314.8443908691406,323.0,1556050.0,8210,8210.TW
2025-06-03,321.1802673339844,329.5,2341151.0,8210,8210.TW
2025-06-04,333.3646240234375,342.0,3780085.0,8210,8210.TW
2025-06-05,333.3646240234375,342.0,1619244.0,8210,8210.TW
2025-06-06,327.02874755859375,335.5,1196234.0,8210,8210.TW
2025-06-09,327.02874755859375,335.5,2120290.0,8210,8210.TW
2025-06-10,355.78387451171875,365.0,6430077.0,8210,8210.TW
2025-06-11,370.89251708984375,380.5,5394215.0,8210,8210.TW
2025-06-12,372.8420104980469,382.5,2289327.0,8210,8210.TW
2025-06-13,373.3293762207031,383.0,2540274.0,8210,8210.TW
2025-06-16,410.3699035644531,421.0,6297134.0,8210,8210.TW
2025-06-17,410.8572692871094,421.5,5665574.0,8210,8210.TW
2025-06-18,451.79681396484375,463.5,10117242.0,8210,8210.TW
2025-06-19,461.0569152832031,473.0,7450969.0,8210,8210.TW
2025-06-20,462.03167724609375,474.0,10473194.0,8210,8210.TW
2025-06-23,458.1326904296875,470.0,5760685.0,8210,8210.TW
2025-06-24,463.9811706542969,476.0,5319019.0,8210,8210.TW
2025-06-25,492.2489318847656,505.0,6451152.0,8210,8210.TW
2025-06-26,474.92828369140625,480.0,4649091.0,8210,8210.TW
2025-06-27,478.3913269042969,483.5,2473207.0,8210,8210.TW
2025-06-30,481.8543395996094,487.0,2766062.0,8210,8210.TW
2025-07-01,489.7698059082031,495.0,2166748.0,8210,8210.TW
2025-07-02,489.27508544921875,494.5,2425266.0,8210,8210.TW
2025-07-03,484.8226318359375,490.0,2805096.0,8210,8210.TW
2025-07-04,482.34906005859375,487.5,1342523.0,8210,8210.TW
2025-07-07,495.7064208984375,501.0,5990761.0,8210,8210.TW
2025-07-08,519.4528198242188,525.0,6101954.0,8210,8210.TW
2025-07-09,516.4844970703125,522.0,3102322.0,8210,8210.TW
2025-07-10,527.3682861328125,533.0,3950917.0,8210,8210.TW
2025-07-11,521.4317016601562,527.0,4465500.0,8210,8210.TW
2025-07-14,525.389404296875,531.0,1991876.0,8210,8210.TW
2025-07-15,530.3366088867188,536.0,1923479.0,8210,8210.TW
2025-07-16,528.3577270507812,534.0,1937209.0,8210,8210.TW
2025-07-17,533.3048706054688,539.0,1737653.0,8210,8210.TW
2025-07-18,536.273193359375,542.0,1960416.0,8210,8210.TW
2025-07-21,534.2943115234375,540.0,580278.0,8210,8210.TW
2025-07-22,526.3788452148438,532.0,614169.0,8210,8210.TW
2025-07-23,520.4422607421875,526.0,747182.0,8210,8210.TW
2025-07-24,519.4528198242188,525.0,504295.0,8210,8210.TW
2025-07-25,524.3999633789062,530.0,615500.0,8210,8210.TW
2025-07-28,507.5796203613281,513.0,671821.0,8210,8210.TW
2025-07-29,502.6324462890625,508.0,954563.0,8210,8210.TW
2025-07-30,501.64300537109375,507.0,705436.0,8210,8210.TW
2025-07-31,507.5796203613281,513.0,612649.0,8210,8210.TW
2025-08-04,471.46527099609375,476.5,3479767.0,8210,8210.TW
2025-08-05,486.3067932128906,491.5,3862042.0,8210,8210.TW
2025-08-06,493.7275390625,499.0,3506835.0,8210,8210.TW
2025-08-07,524.3999633789062,530.0,3745510.0,8210,8210.TW
2025-08-08,576.8399658203125,583.0,6236881.0,8210,8210.TW
2025-08-11,595.6392211914062,602.0,6301662.0,8210,8210.TW
2025-08-12,610.4807739257812,617.0,3574982.0,8210,8210.TW
2025-08-13,593.6603393554688,600.0,4222997.0,8210,8210.TW
2025-08-14,595.6392211914062,602.0,2510386.0,8210,8210.TW
2025-08-15,597.6181030273438,604.0,1792684.0,8210,8210.TW
2025-08-18,618.396240234375,625.0,3412835.0,8210,8210.TW
2025-08-19,601.5758666992188,608.0,3940984.0,8210,8210.TW
2025-08-20,592.6709594726562,599.0,2946603.0,8210,8210.TW
2025-08-21,599.5969848632812,606.0,1920097.0,8210,8210.TW
2025-08-22,590.6920776367188,597.0,1181690.0,8210,8210.TW
2025-08-25,592.6709594726562,599.0,2102909.0,8210,8210.TW
2025-08-26,594.6497802734375,601.0,1759029.0,8210,8210.TW
2025-08-27,613.4490356445312,620.0,2540284.0,8210,8210.TW
2025-08-28,606.5230102539062,613.0,1499470.0,8210,8210.TW
2025-08-29,602.5652465820312,609.0,1792270.0,8210,8210.TW
2025-09-01,571.892822265625,578.0,2507156.0,8210,8210.TW
2025-09-02,563.9773559570312,570.0,1386140.0,8210,8210.TW
2025-09-03,564.966796875,571.0,1132307.0,8210,8210.TW
2025-09-04,562.9879150390625,569.0,755212.0,8210,8210.TW
2025-09-05,599.5969848632812,606.0,2971711.0,8210,8210.TW
2025-09-08,595.6392211914062,602.0,1218100.0,8210,8210.TW
2025-09-09,585.744873046875,592.0,1908379.0,8210,8210.TW
2025-09-10,629.2799682617188,636.0,5726420.0,8210,8210.TW
2025-09-11,633.2377319335938,640.0,4769442.0,8210,8210.TW
2025-09-12,608.5018920898438,615.0,3514085.0,8210,8210.TW
2025-09-15,599.5969848632812,606.0,1230984.0,8210,8210.TW
2025-09-16,600.58642578125,607.0,1058315.0,8210,8210.TW
2025-09-17,591.6815185546875,598.0,1045356.0,8210,8210.TW
2025-09-18,605.5335693359375,612.0,942306.0,8210,8210.TW
2025-09-19,587.7237548828125,594.0,1947948.0,8210,8210.TW
2025-09-22,588.7131958007812,595.0,781035.0,8210,8210.TW
2025-09-23,593.6603393554688,600.0,1330219.0,8210,8210.TW
2025-09-24,593.6603393554688,600.0,1133691.0,8210,8210.TW
2025-09-25,586.7343139648438,593.0,1107029.0,8210,8210.TW
2025-09-26,570.9033813476562,577.0,1289834.0,8210,8210.TW
2025-09-30,585.744873046875,592.0,798160.0,8210,8210.TW
2025-10-01,580.7977294921875,587.0,1114372.0,8210,8210.TW
2025-10-02,601.5758666992188,608.0,3088054.0,8210,8210.TW
2025-10-03,619.3856201171875,626.0,3572122.0,8210,8210.TW
2025-10-07,614.4384765625,621.0,4426972.0,8210,8210.TW
2025-10-08,607.512451171875,614.0,1886819.0,8210,8210.TW
2025-10-09,618.396240234375,625.0,1750620.0,8210,8210.TW
2025-10-13,608.5018920898438,615.0,997572.0,8210,8210.TW
2025-10-14,592.6709594726562,599.0,1358666.0,8210,8210.TW
2025-10-15,644.1215209960938,651.0,3550821.0,8210,8210.TW
2025-10-16,672.8150634765625,680.0,4388349.0,8210,8210.TW
2025-10-17,699.52978515625,707.0,9406227.0,8210,8210.TW
2025-10-20,719.3184814453125,727.0,4176058.0,8210,8210.TW
2025-10-21,706.455810546875,714.0,2035958.0,8210,8210.TW
2025-10-22,755.9275512695312,764.0,5116099.0,8210,8210.TW
2025-10-23,763.843017578125,772.0,3783729.0,8210,8210.TW
2025-10-27,813.314697265625,822.0,4297643.0,8210,8210.TW
2025-10-28,894.4483032226562,904.0,4391009.0,8210,8210.TW
2025-10-29,908.3003540039062,918.0,4394507.0,8210,8210.TW
2025-10-30,908.3003540039062,918.0,3770455.0,8210,8210.TW
2025-10-31,917.2052612304688,927.0,3495863.0,8210,8210.TW
2025-11-03,964.6981201171875,975.0,3203013.0,8210,8210.TW
2025-11-04,964.6981201171875,975.0,3636561.0,8210,8210.TW
2025-11-05,972.6135864257812,983.0,2970246.0,8210,8210.TW
2025-11-06,984.4867553710938,995.0,2571688.0,8210,8210.TW
2025-11-07,999.3283081054688,1010.0,2658538.0,8210,8210.TW
2025-11-10,1004.2754516601562,1015.0,2269087.0,8210,8210.TW
2025-11-11,1058.6943359375,1070.0,3844491.0,8210,8210.TW
2025-11-12,999.3283081054688,1010.0,2913527.0,8210,8210.TW
2025-11-13,999.3283081054688,1010.0,1264838.0,8210,8210.TW
2025-11-14,982.5079345703125,993.0,1285001.0,8210,8210.TW
2025-11-17,959.7509155273438,970.0,1751825.0,8210,8210.TW
2025-11-18,923.141845703125,933.0,1661028.0,8210,8210.TW
2025-11-19,898.406005859375,908.0,1154922.0,8210,8210.TW
2025-11-20,945.8988647460938,956.0,1482408.0,8210,8210.TW
2025-11-21,884.553955078125,894.0,1614728.0,8210,8210.TW
2025-11-24,870.7018432617188,880.0,2211424.0,8210,8210.TW
2025-11-25,881.5856323242188,891.0,1571135.0,8210,8210.TW
2025-11-26,910.2792358398438,920.0,1640339.0,8210,8210.TW
2025-11-27,954.8037719726562,965.0,3721973.0,8210,8210.TW
2025-11-28,952.8248901367188,963.0,1448945.0,8210,8210.TW
2025-12-01,901.3743286132812,911.0,2293188.0,8210,8210.TW
2025-12-02,889.5010986328125,899.0,1859427.0,8210,8210.TW
2025-12-03,885.5433959960938,895.0,2125891.0,8210,8210.TW
2025-12-04,882.5750732421875,892.0,1085412.0,8210,8210.TW
2025-12-05,881.5856323242188,891.0,835093.0,8210,8210.TW
2025-12-08,926.1101684570312,936.0,2144321.0,8210,8210.TW
2025-12-09,901.3743286132812,911.0,2946704.0,8210,8210.TW
2025-12-10,889.5010986328125,899.0,1621422.0,8210,8210.TW
2025-12-11,894.4483032226562,904.0,2187111.0,8210,8210.TW
2025-12-12,905.33203125,915.0,1657926.0,8210,8210.TW
2025-12-15,865.7546997070312,875.0,2413779.0,8210,8210.TW
2025-12-16,852.89208984375,862.0,935418.0,8210,8210.TW
2025-12-17,884.553955078125,894.0,2276094.0,8210,8210.TW
2025-12-18,876.6384887695312,886.0,1421139.0,8210,8210.TW
2025-12-19,933.0361938476562,943.0,3442564.0,8210,8210.TW
2025-12-22,932.0467529296875,942.0,2153590.0,8210,8210.TW
2025-12-23,944.909423828125,955.0,2048261.0,8210,8210.TW
2025-12-24,953.8143310546875,964.0,2613151.0,8210,8210.TW
2025-12-26,962.71923828125,973.0,1240270.0,8210,8210.TW
2025-12-29,975.5818481445312,986.0,1162515.0,8210,8210.TW
2025-12-30,989.4339599609375,1000.0,1193947.0,8210,8210.TW
2025-12-31,994.381103515625,1005.0,1498827.0,8210,8210.TW
2026-01-02,943.9199829101562,954.0,3513123.0,8210,8210.TW
2026-01-05,946.8883056640625,957.0,1697304.0,8210,8210.TW
2026-01-06,979.5396118164062,990.0,2985773.0,8210,8210.TW
2026-01-07,964.6981201171875,975.0,2723528.0,8210,8210.TW
2026-01-08,911.2686767578125,921.0,4018148.0,8210,8210.TW
2026-01-09,900.3848876953125,910.0,2102165.0,8210,8210.TW
2026-01-12,901.3743286132812,911.0,1321057.0,8210,8210.TW
2026-01-13,941.9411010742188,952.0,3077645.0,8210,8210.TW
2026-01-14,968.6558227539062,979.0,2983337.0,8210,8210.TW
2026-01-15,923.141845703125,933.0,1786599.0,8210,8210.TW
2026-01-16,918.1947021484375,928.0,1400473.0,8210,8210.TW
2026-01-19,893.4588623046875,903.0,1511867.0,8210,8210.TW
2026-01-20,890.4905395507812,900.0,1284644.0,8210,8210.TW
2026-01-21,899.3954467773438,909.0,1768237.0,8210,8210.TW
2026-01-22,930.0679321289062,940.0,2054749.0,8210,8210.TW
2026-01-23,958.761474609375,969.0,2607241.0,8210,8210.TW
2026-01-26,960.7403564453125,971.0,2348626.0,8210,8210.TW
2026-01-27,954.8037719726562,965.0,2067752.0,8210,8210.TW
2026-01-28,937.9833984375,948.0,2779543.0,8210,8210.TW
2026-01-29,920.173583984375,930.0,1818837.0,8210,8210.TW
2026-01-30,895.437744140625,905.0,2094564.0,8210,8210.TW
2026-02-02,890.4905395507812,900.0,1370382.0,8210,8210.TW
2026-02-03,944.909423828125,955.0,2058653.0,8210,8210.TW
2026-02-04,977.5607299804688,988.0,3968521.0,8210,8210.TW
2026-02-05,1073.535888671875,1085.0,7378746.0,8210,8210.TW
2026-02-06,966.6769409179688,977.0,3169235.0,8210,8210.TW
2026-02-09,921.1630249023438,931.0,4637632.0,8210,8210.TW
2026-02-10,972.6135864257812,983.0,2856836.0,8210,8210.TW
2026-02-11,964.6981201171875,975.0,2337640.0,8210,8210.TW
2026-02-23,880.59619140625,890.0,6957912.0,8210,8210.TW
2026-02-24,860.8075561523438,870.0,6480933.0,8210,8210.TW
2026-02-25,899.3954467773438,909.0,3705731.0,8210,8210.TW
2026-02-26,908.3003540039062,918.0,3765397.0,8210,8210.TW
2026-03-02,924.1312866210938,934.0,2379910.0,8210,8210.TW
2026-03-03,902.36376953125,912.0,3016081.0,8210,8210.TW
2026-03-04,870.7018432617188,880.0,2308111.0,8210,8210.TW
2026-03-05,920.173583984375,930.0,2382520.0,8210,8210.TW
2026-03-06,929.0784912109375,939.0,1748654.0,8210,8210.TW
2026-03-09,861.7969360351562,871.0,2487386.0,8210,8210.TW
2026-03-10,877.6279296875,887.0,1888267.0,8210,8210.TW
2026-03-11,884.553955078125,894.0,5138986.0,8210,8210.TW
2026-03-12,871.6912841796875,881.0,2935249.0,8210,8210.TW
2026-03-13,884.553955078125,894.0,1852396.0,8210,8210.TW
2026-03-16,878.6173706054688,888.0,1463456.0,8210,8210.TW
2026-03-17,871.6912841796875,881.0,2183853.0,8210,8210.TW
2026-03-18,880.59619140625,890.0,3524110.0,8210,8210.TW
2026-03-19,882.5750732421875,892.0,2809314.0,8210,8210.TW
2026-03-20,902.36376953125,912.0,2686743.0,8210,8210.TW
2026-03-23,883.5645141601562,893.0,1667700.0,8210,8210.TW
2026-03-24,858.8286743164062,868.0,2938996.0,8210,8210.TW
2026-03-25,894.4483032226562,904.0,2948793.0,8210,8210.TW
2026-03-26,893.4588623046875,903.0,2710854.0,8210,8210.TW
2026-03-27,899.3954467773438,909.0,1530564.0,8210,8210.TW
2026-03-30,885.5433959960938,895.0,2653838.0,8210,8210.TW
2026-03-31,857.8392333984375,867.0,2965065.0,8210,8210.TW
2026-04-01,889.5010986328125,899.0,2361919.0,8210,8210.TW
2026-04-02,832.1139526367188,841.0,5081369.0,8210,8210.TW
2026-04-07,821.2301635742188,830.0,3106975.0,8210,8210.TW
2026-04-08,888.5116577148438,898.0,3848877.0,8210,8210.TW
2026-04-09,870.7018432617188,880.0,2703612.0,8210,8210.TW
2026-04-10,880.59619140625,890.0,1418061.0,8210,8210.TW
2026-04-13,890.4905395507812,900.0,2074988.0,8210,8210.TW
2026-04-14,950.8460083007812,961.0,5261596.0,8210,8210.TW
2026-04-15,981.5184936523438,992.0,5169273.0,8210,8210.TW
2026-04-16,1009.2225952148438,1020.0,4241426.0,8210,8210.TW
2026-04-17,1009.2225952148438,1020.0,2332518.0,8210,8210.TW
2026-04-20,1009.2225952148438,1020.0,1937829.0,8210,8210.TW
2026-04-21,1009.2225952148438,1020.0,1746010.0,8210,8210.TW
2026-04-22,1033.95849609375,1045.0,2340786.0,8210,8210.TW
2026-04-23,1088.3773193359375,1100.0,5721926.0,8210,8210.TW
2026-04-24,1197.215087890625,1210.0,5122077.0,8210,8210.TW
2026-04-27,1152.6905517578125,1165.0,5761029.0,8210,8210.TW
2026-04-28,1157.6376953125,1170.0,2993090.0,8210,8210.TW
2026-04-29,1108.166015625,1120.0,2428432.0,8210,8210.TW
2026-04-30,1118.060302734375,1130.0,2178672.0,8210,8210.TW
2026-05-04,1137.8489990234375,1150.0,1403136.0,8210,8210.TW
2026-05-05,1251.6339111328125,1265.0,2268477.0,8210,8210.TW
2026-05-06,1311.0,1325.0,5020642.0,8210,8210.TW
2026-05-07,1276.3697509765625,1290.0,7891504.0,8210,8210.TW
2026-05-08,1400.049072265625,1415.0,5808204.0,8210,8210.TW
2026-05-11,1538.56982421875,1555.0,3504488.0,8210,8210.TW
2026-05-12,1533.62255859375,1550.0,4818181.0,8210,8210.TW
2026-05-13,1503.9395751953125,1520.0,3513915.0,8210,8210.TW
2026-05-14,1444.5736083984375,1460.0,2217874.0,8210,8210.TW
2026-05-15,1395.101806640625,1410.0,1582604.0,8210,8210.TW
2026-05-18,1365.4188232421875,1380.0,1206179.0,8210,8210.TW
2026-05-19,1311.0,1325.0,1170291.0,8210,8210.TW
2026-05-20,1271.422607421875,1285.0,1073548.0,8210,8210.TW
2026-05-21,1320.894287109375,1335.0,1242900.0,8210,8210.TW
2026-05-22,1330.7886962890625,1345.0,1194229.0,8210,8210.TW
2026-05-25,1419.8377685546875,1435.0,1541829.0,8210,8210.TW
2026-05-26,1424.784912109375,1440.0,1393749.0,8210,8210.TW
2026-05-27,1380.2603759765625,1395.0,1308777.0,8210,8210.TW
2026-05-28,1311.0,1325.0,1539368.0,8210,8210.TW
2026-05-29,1350.577392578125,1365.0,1025258.0,8210,8210.TW
2026-06-01,1385.20751953125,1400.0,825368.0,8210,8210.TW
2026-06-02,1360.4716796875,1375.0,1412569.0,8210,8210.TW
2026-06-03,1439.6263427734375,1455.0,1703437.0,8210,8210.TW
2026-06-04,1404.9962158203125,1420.0,2189690.0,8210,8210.TW
2026-06-05,1355.5245361328125,1370.0,1602211.0,8210,8210.TW
2026-06-08,1360.4716796875,1375.0,2230433.0,8210,8210.TW
2026-06-09,1494.0452880859375,1510.0,2734372.0,8210,8210.TW
2026-06-10,1429.7320556640625,1445.0,3438167.0,8210,8210.TW
2026-06-11,1424.784912109375,1440.0,1425258.0,8210,8210.TW
2026-06-12,1459.4150390625,1475.0,1902913.0,8210,8210.TW
2026-06-15,1414.8905029296875,1430.0,1323857.0,8210,8210.TW
2026-06-16,1335.73583984375,1350.0,1704109.0,8210,8210.TW
2026-06-17,1330.7886962890625,1345.0,800565.0,8210,8210.TW
2026-06-18,1350.577392578125,1365.0,1073522.0,8210,8210.TW
2026-06-22,1355.5245361328125,1370.0,1261555.0,8210,8210.TW
2026-06-23,1296.158447265625,1310.0,1230107.0,8210,8210.TW
2026-06-24,1311.0,1325.0,984527.0,8210,8210.TW
2026-06-25,1285.0,1285.0,740753.0,8210,8210.TW
2026-06-26,1230.0,1230.0,811748.0,8210,8210.TW
2026-06-29,1215.0,1215.0,774548.0,8210,8210.TW
2026-06-30,1285.0,1285.0,703430.0,8210,8210.TW
2026-07-01,1295.0,1295.0,882502.0,8210,8210.TW
2026-07-02,1310.0,1310.0,1033465.0,8210,8210.TW
2026-07-03,1305.0,1305.0,646716.0,8210,8210.TW
2026-07-06,1290.0,1290.0,488514.0,8210,8210.TW
2026-07-07,1175.0,1175.0,1934763.0,8210,8210.TW
2026-07-08,1195.0,1195.0,1007637.0,8210,8210.TW
2026-07-09,1175.0,1175.0,557400.0,8210,8210.TW
2026-07-10,1175.0,1175.0,0.0,8210,8210.TW
2026-07-13,1135.0,1135.0,1060403.0,8210,8210.TW
2026-07-14,1110.0,1110.0,1045178.0,8210,8210.TW
2026-07-15,1145.0,1145.0,859317.0,8210,8210.TW
2026-07-16,1175.0,1175.0,806758.0,8210,8210.TW
2026-07-17,1095.0,1095.0,1109404.0,8210,8210.TW
2026-07-20,1080.0,1080.0,1040432.0,8210,8210.TW
2026-07-21,1165.0,1165.0,853992.0,8210,8210.TW
2026-07-22,1150.0,1150.0,1377607.0,8210,8210.TW
2026-07-23,1180.0,1180.0,471264.0,8210,8210.TW
2026-07-24,1095.0,1095.0,1813432.0,8210,8210.TW
2026-07-27,1120.0,1120.0,502146.0,8210,8210.TW
2026-07-28,1020.0,1020.0,703287.0,8210,8210.TW
2026-07-29,981.0,981.0,1450031.0,8210,8210.TW
2026-07-30,951.0,951.0,873485.0,8210,8210.TW
2026-07-31,1045.0,1045.0,764632.0,8210,8210.TW
2025-05-27,105.14144897460938,109.5,563249.0,6271,6271.TW
2025-05-28,103.70115661621094,108.0,425800.0,6271,6271.TW
2025-05-29,106.58174133300781,111.0,434250.0,6271,6271.TW
2025-06-02,101.78076171875,106.0,615308.0,6271,6271.TW
2025-06-03,101.78076171875,106.0,311670.0,6271,6271.TW
2025-06-04,104.66134643554688,109.0,594601.0,6271,6271.TW
2025-06-05,105.14144897460938,109.5,534650.0,6271,6271.TW
2025-06-06,105.62154388427734,110.0,325019.0,6271,6271.TW
2025-06-09,105.62154388427734,110.0,358200.0,6271,6271.TW
2025-06-10,106.10164642333984,110.5,508618.0,6271,6271.TW
2025-06-11,105.62154388427734,110.0,589074.0,6271,6271.TW
2025-06-12,104.1812515258789,108.5,1133324.0,6271,6271.TW
2025-06-13,102.70000457763672,104.0,1204910.0,6271,6271.TW
2025-06-16,101.7125015258789,103.0,542700.0,6271,6271.TW
2025-06-17,103.1937484741211,104.5,419590.0,6271,6271.TW
2025-06-18,104.1812515258789,105.5,622628.0,6271,6271.TW
2025-06-19,100.7249984741211,102.0,616479.0,6271,6271.TW
2025-06-20,98.75,100.0,1182537.0,6271,6271.TW
2025-06-23,99.73750305175781,101.0,796205.0,6271,6271.TW
2025-06-24,104.1812515258789,105.5,771724.0,6271,6271.TW
2025-06-25,104.1812515258789,105.5,656670.0,6271,6271.TW
2025-06-26,105.16875457763672,106.5,428233.0,6271,6271.TW
2025-06-27,107.14375305175781,108.5,1099718.0,6271,6271.TW
2025-06-30,105.6624984741211,107.0,1082020.0,6271,6271.TW
2025-07-01,106.15625,107.5,647500.0,6271,6271.TW
2025-07-02,106.15625,107.5,434101.0,6271,6271.TW
2025-07-03,107.14375305175781,108.5,963480.0,6271,6271.TW
2025-07-04,105.16875457763672,106.5,529133.0,6271,6271.TW
2025-07-07,103.1937484741211,104.5,625471.0,6271,6271.TW
2025-07-08,101.7125015258789,103.0,692556.0,6271,6271.TW
2025-07-09,103.1937484741211,104.5,234272.0,6271,6271.TW
2025-07-10,102.70000457763672,104.0,326954.0,6271,6271.TW
2025-07-11,105.6624984741211,107.0,1316254.0,6271,6271.TW
2025-07-14,103.6875,105.0,1353572.0,6271,6271.TW
2025-07-15,107.14375305175781,108.5,1250322.0,6271,6271.TW
2025-07-16,106.6500015258789,108.0,1206301.0,6271,6271.TW
2025-07-17,109.1187515258789,110.5,1044746.0,6271,6271.TW
2025-07-18,107.63750457763672,109.0,632948.0,6271,6271.TW
2025-07-21,109.1187515258789,110.5,831520.0,6271,6271.TW
2025-07-22,107.14375305175781,108.5,891563.0,6271,6271.TW
2025-07-23,109.1187515258789,110.5,543410.0,6271,6271.TW
2025-07-24,109.61250305175781,111.0,481723.0,6271,6271.TW
2025-07-25,108.625,110.0,469720.0,6271,6271.TW
2025-07-28,109.1187515258789,110.5,371606.0,6271,6271.TW
2025-07-29,111.09375,112.5,3123051.0,6271,6271.TW
2025-07-30,105.16875457763672,106.5,5921121.0,6271,6271.TW
2025-07-31,100.7249984741211,102.0,3040272.0,6271,6271.TW
2025-08-04,102.20625305175781,103.5,806500.0,6271,6271.TW
2025-08-05,102.20625305175781,103.5,879603.0,6271,6271.TW
2025-08-06,100.7249984741211,102.0,831540.0,6271,6271.TW
2025-08-07,100.23125457763672,101.5,777817.0,6271,6271.TW
2025-08-08,100.23125457763672,101.5,732150.0,6271,6271.TW
2025-08-11,99.2437515258789,100.5,1168663.0,6271,6271.TW
2025-08-12,102.70000457763672,104.0,1107413.0,6271,6271.TW
2025-08-13,101.7125015258789,103.0,1318585.0,6271,6271.TW
2025-08-14,103.1937484741211,104.5,718912.0,6271,6271.TW
2025-08-15,103.1937484741211,104.5,638143.0,6271,6271.TW
2025-08-18,103.6875,105.0,1059561.0,6271,6271.TW
2025-08-19,102.70000457763672,104.0,461129.0,6271,6271.TW
2025-08-20,101.7125015258789,103.0,1316982.0,6271,6271.TW
2025-08-21,105.16875457763672,106.5,1243826.0,6271,6271.TW
2025-08-22,104.1812515258789,105.5,559170.0,6271,6271.TW
2025-08-25,105.6624984741211,107.0,672598.0,6271,6271.TW
2025-08-26,108.1312484741211,109.5,1402639.0,6271,6271.TW
2025-08-27,110.5999984741211,112.0,5933849.0,6271,6271.TW
2025-08-28,111.09375,112.5,4231221.0,6271,6271.TW
2025-08-29,111.5875015258789,113.0,1936068.0,6271,6271.TW
2025-09-01,110.10625457763672,111.5,1682075.0,6271,6271.TW
2025-09-02,109.61250305175781,111.0,939429.0,6271,6271.TW
2025-09-03,111.5875015258789,113.0,1105936.0,6271,6271.TW
2025-09-04,112.57500457763672,114.0,1757146.0,6271,6271.TW
2025-09-05,112.08125305175781,113.5,1270194.0,6271,6271.TW
2025-09-08,112.57500457763672,114.0,1481307.0,6271,6271.TW
2025-09-09,112.08125305175781,113.5,1074310.0,6271,6271.TW
2025-09-10,112.57500457763672,114.0,1138517.0,6271,6271.TW
2025-09-11,110.10625457763672,111.5,1264876.0,6271,6271.TW
2025-09-12,114.0562515258789,115.5,4052659.0,6271,6271.TW
2025-09-15,114.0562515258789,115.5,2445958.0,6271,6271.TW
2025-09-16,115.5374984741211,117.0,2016626.0,6271,6271.TW
2025-09-17,115.5374984741211,117.0,5174053.0,6271,6271.TW
2025-09-18,120.4749984741211,122.0,4279823.0,6271,6271.TW
2025-09-19,121.95625305175781,123.5,7668521.0,6271,6271.TW
2025-09-22,121.4625015258789,123.0,4615070.0,6271,6271.TW
2025-09-23,118.9937515258789,120.5,2135258.0,6271,6271.TW
2025-09-24,121.95625305175781,123.5,3572135.0,6271,6271.TW
2025-09-25,118.0062484741211,119.5,2768109.0,6271,6271.TW
2025-09-26,115.04375457763672,116.5,1643638.0,6271,6271.TW
2025-09-30,114.55000305175781,116.0,2167844.0,6271,6271.TW
2025-10-01,113.0687484741211,114.5,3190022.0,6271,6271.TW
2025-10-02,111.5875015258789,113.0,2268468.0,6271,6271.TW
2025-10-03,109.61250305175781,111.0,1875845.0,6271,6271.TW
2025-10-07,111.09375,112.5,1614111.0,6271,6271.TW
2025-10-08,112.57500457763672,114.0,1860493.0,6271,6271.TW
2025-10-09,112.08125305175781,113.5,2596180.0,6271,6271.TW
2025-10-13,109.1187515258789,110.5,2689214.0,6271,6271.TW
2025-10-14,106.6500015258789,108.0,2161379.0,6271,6271.TW
2025-10-15,107.14375305175781,108.5,1628463.0,6271,6271.TW
2025-10-16,109.1187515258789,110.5,1735814.0,6271,6271.TW
2025-10-17,112.08125305175781,113.5,2844762.0,6271,6271.TW
2025-10-20,112.57500457763672,114.0,1254300.0,6271,6271.TW
2025-10-21,114.0562515258789,115.5,1735293.0,6271,6271.TW
2025-10-22,117.01875305175781,118.5,1801965.0,6271,6271.TW
2025-10-23,117.51250457763672,119.0,3463823.0,6271,6271.TW
2025-10-27,119.48750305175781,121.0,1764886.0,6271,6271.TW
2025-10-28,117.51250457763672,119.0,2053122.0,6271,6271.TW
2025-10-29,117.51250457763672,119.0,1962492.0,6271,6271.TW
2025-10-30,117.51250457763672,119.0,4466890.0,6271,6271.TW
2025-10-31,123.9312515258789,125.5,7331679.0,6271,6271.TW
2025-11-03,128.375,130.0,5546230.0,6271,6271.TW
2025-11-04,124.91875457763672,126.5,3807236.0,6271,6271.TW
2025-11-05,125.4124984741211,127.0,2360432.0,6271,6271.TW
2025-11-06,125.4124984741211,127.0,1787461.0,6271,6271.TW
2025-11-07,119.48750305175781,121.0,2032210.0,6271,6271.TW
2025-11-10,123.9312515258789,125.5,2611733.0,6271,6271.TW
2025-11-11,123.9312515258789,125.5,1567203.0,6271,6271.TW
2025-11-12,125.4124984741211,127.0,2919852.0,6271,6271.TW
2025-11-13,126.4000015258789,128.0,2052810.0,6271,6271.TW
2025-11-14,122.45000457763672,124.0,1699675.0,6271,6271.TW
2025-11-17,121.95625305175781,123.5,968446.0,6271,6271.TW
2025-11-18,118.9937515258789,120.5,1808827.0,6271,6271.TW
2025-11-19,120.4749984741211,122.0,2332301.0,6271,6271.TW
2025-11-20,119.98125457763672,121.5,1782861.0,6271,6271.TW
2025-11-21,117.51250457763672,119.0,1371129.0,6271,6271.TW
2025-11-24,119.48750305175781,121.0,1115066.0,6271,6271.TW
2025-11-25,121.4625015258789,123.0,1166394.0,6271,6271.TW
2025-11-26,121.4625015258789,123.0,934470.0,6271,6271.TW
2025-11-27,121.95625305175781,123.5,882461.0,6271,6271.TW
2025-11-28,124.42500305175781,126.0,1341513.0,6271,6271.TW
2025-12-01,120.96875,122.5,1126614.0,6271,6271.TW
2025-12-02,121.4625015258789,123.0,1366178.0,6271,6271.TW
2025-12-03,122.45000457763672,124.0,504900.0,6271,6271.TW
2025-12-04,123.4375,125.0,1296483.0,6271,6271.TW
2025-12-05,121.95625305175781,123.5,876600.0,6271,6271.TW
2025-12-08,120.96875,122.5,1086456.0,6271,6271.TW
2025-12-09,122.45000457763672,124.0,983120.0,6271,6271.TW
2025-12-10,121.4625015258789,123.0,1716006.0,6271,6271.TW
2025-12-11,120.96875,122.5,1353359.0,6271,6271.TW
2025-12-12,124.42500305175781,126.0,3292517.0,6271,6271.TW
2025-12-15,119.98125457763672,121.5,1411172.0,6271,6271.TW
2025-12-16,118.0062484741211,119.5,2108840.0,6271,6271.TW
2025-12-17,120.96875,122.5,2410149.0,6271,6271.TW
2025-12-18,120.96875,122.5,2579969.0,6271,6271.TW
2025-12-19,121.4625015258789,123.0,875409.0,6271,6271.TW
2025-12-22,133.3125,135.0,6278071.0,6271,6271.TW
2025-12-23,135.28750610351562,137.0,14252319.0,6271,6271.TW
2025-12-24,131.33750915527344,133.0,4380059.0,6271,6271.TW
2025-12-26,131.8312530517578,133.5,3800146.0,6271,6271.TW
2025-12-29,128.86875915527344,130.5,3121786.0,6271,6271.TW
2025-12-30,133.3125,135.0,2356264.0,6271,6271.TW
2025-12-31,131.8312530517578,133.5,2371435.0,6271,6271.TW
2026-01-02,132.3249969482422,134.0,2235318.0,6271,6271.TW
2026-01-05,130.84375,132.5,3143120.0,6271,6271.TW
2026-01-06,128.86875915527344,130.5,2583903.0,6271,6271.TW
2026-01-07,127.8812484741211,129.5,2024637.0,6271,6271.TW
2026-01-08,121.4625015258789,123.0,4216988.0,6271,6271.TW
2026-01-09,121.4625015258789,123.0,1638141.0,6271,6271.TW
2026-01-12,124.91875457763672,126.5,2993623.0,6271,6271.TW
2026-01-13,125.90625,127.5,2538408.0,6271,6271.TW
2026-01-14,128.86875915527344,130.5,4844258.0,6271,6271.TW
2026-01-15,126.89375305175781,128.5,2318305.0,6271,6271.TW
2026-01-16,127.38750457763672,129.0,2772619.0,6271,6271.TW
2026-01-19,129.3625030517578,131.0,2741140.0,6271,6271.TW
2026-01-20,128.86875915527344,130.5,4529222.0,6271,6271.TW
2026-01-21,126.4000015258789,128.0,2872129.0,6271,6271.TW
2026-01-22,137.75625610351562,139.5,10001693.0,6271,6271.TW
2026-01-23,151.08750915527344,153.0,28355047.0,6271,6271.TW
2026-01-26,150.59375,152.5,31204804.0,6271,6271.TW
2026-01-27,154.5437469482422,156.5,11230281.0,6271,6271.TW
2026-01-28,152.0749969482422,154.0,13466500.0,6271,6271.TW
2026-01-29,142.69375610351562,144.5,8546407.0,6271,6271.TW
2026-01-30,138.74375915527344,140.5,5640863.0,6271,6271.TW
2026-02-02,134.3000030517578,136.0,5663088.0,6271,6271.TW
2026-02-03,141.21250915527344,143.0,5527242.0,6271,6271.TW
2026-02-04,155.03750610351562,157.0,11808724.0,6271,6271.TW
2026-02-05,150.10000610351562,152.0,9377814.0,6271,6271.TW
2026-02-06,145.65625,147.5,7114143.0,6271,6271.TW
2026-02-09,151.08750915527344,153.0,8834384.0,6271,6271.TW
2026-02-10,155.03750610351562,157.0,10177343.0,6271,6271.TW
2026-02-11,151.08750915527344,153.0,5618861.0,6271,6271.TW
2026-02-23,163.43125915527344,165.5,11069096.0,6271,6271.TW
2026-02-24,169.85000610351562,172.0,16139514.0,6271,6271.TW
2026-02-25,186.6374969482422,189.0,21179680.0,6271,6271.TW
2026-02-26,174.78750610351562,177.0,27172475.0,6271,6271.TW
2026-03-02,168.36875915527344,170.5,9027645.0,6271,6271.TW
2026-03-03,165.90000915527344,168.0,13221985.0,6271,6271.TW
2026-03-04,153.0625,155.0,10382466.0,6271,6271.TW
2026-03-05,154.5437469482422,156.5,7306367.0,6271,6271.TW
2026-03-06,157.0124969482422,159.0,4296560.0,6271,6271.TW
2026-03-09,141.7062530517578,143.5,4048625.0,6271,6271.TW
2026-03-10,145.65625,147.5,4713703.0,6271,6271.TW
2026-03-11,149.1125030517578,151.0,4038815.0,6271,6271.TW
2026-03-12,147.63125610351562,149.5,4385028.0,6271,6271.TW
2026-03-13,148.125,150.0,3797418.0,6271,6271.TW
2026-03-16,150.59375,152.5,3520839.0,6271,6271.TW
2026-03-17,157.0124969482422,159.0,7666455.0,6271,6271.TW
2026-03-18,158.9875030517578,161.0,5287172.0,6271,6271.TW
2026-03-19,155.03750610351562,157.0,4034766.0,6271,6271.TW
2026-03-20,152.56875610351562,154.5,3909721.0,6271,6271.TW
2026-03-23,144.1750030517578,146.0,2912847.0,6271,6271.TW
2026-03-24,142.69375610351562,144.5,2161178.0,6271,6271.TW
2026-03-25,149.1125030517578,151.0,2658392.0,6271,6271.TW
2026-03-26,146.15000915527344,148.0,3240479.0,6271,6271.TW
2026-03-27,150.10000610351562,152.0,4135459.0,6271,6271.TW
2026-03-30,145.65625,147.5,3625558.0,6271,6271.TW
2026-03-31,138.74375915527344,140.5,3392381.0,6271,6271.TW
2026-04-01,147.1374969482422,149.0,2976480.0,6271,6271.TW
2026-04-02,149.6062469482422,151.5,4936815.0,6271,6271.TW
2026-04-07,152.0749969482422,154.0,3966575.0,6271,6271.TW
2026-04-08,166.3937530517578,168.5,10986862.0,6271,6271.TW
2026-04-09,170.83750915527344,173.0,11126506.0,6271,6271.TW
2026-04-10,169.3562469482422,171.5,9682331.0,6271,6271.TW
2026-04-13,169.85000610351562,172.0,7169148.0,6271,6271.TW
2026-04-14,173.8000030517578,176.0,7853430.0,6271,6271.TW
2026-04-15,180.71250915527344,183.0,24778313.0,6271,6271.TW
2026-04-16,182.6875,185.0,19933686.0,6271,6271.TW
2026-04-17,183.18125915527344,185.5,8404710.0,6271,6271.TW
2026-04-20,183.18125915527344,185.5,8773657.0,6271,6271.TW
2026-04-21,185.15625,187.5,9609357.0,6271,6271.TW
2026-04-22,182.6875,185.0,8587918.0,6271,6271.TW
2026-04-23,174.2937469482422,176.5,16308209.0,6271,6271.TW
2026-04-24,175.77500915527344,178.0,6745599.0,6271,6271.TW
2026-04-27,171.8249969482422,174.0,5495042.0,6271,6271.TW
2026-04-28,173.30625915527344,175.5,2640740.0,6271,6271.TW
2026-04-29,170.83750915527344,173.0,4199362.0,6271,6271.TW
2026-04-30,170.83750915527344,173.0,4200307.0,6271,6271.TW
2026-05-04,175.77500915527344,178.0,4761302.0,6271,6271.TW
2026-05-05,175.28125,177.5,6647720.0,6271,6271.TW
2026-05-06,177.25625610351562,179.5,7579886.0,6271,6271.TW
2026-05-07,177.75,180.0,6365967.0,6271,6271.TW
2026-05-08,179.2312469482422,181.5,7681880.0,6271,6271.TW
2026-05-11,183.18125915527344,185.5,5337953.0,6271,6271.TW
2026-05-12,180.71250915527344,183.0,4148683.0,6271,6271.TW
2026-05-13,179.72500610351562,182.0,3545238.0,6271,6271.TW
2026-05-14,181.2062530517578,183.5,4846620.0,6271,6271.TW
2026-05-15,174.78750610351562,177.0,5602420.0,6271,6271.TW
2026-05-18,182.6875,185.0,5663328.0,6271,6271.TW
2026-05-19,178.7375030517578,181.0,3967616.0,6271,6271.TW
2026-05-20,185.15625,187.5,6398593.0,6271,6271.TW
2026-05-21,203.4250030517578,206.0,20983123.0,6271,6271.TW
2026-05-22,223.6687469482422,226.5,8259783.0,6271,6271.TW
2026-05-25,240.4562530517578,243.5,30546953.0,6271,6271.TW
2026-05-26,257.2437438964844,260.5,24377963.0,6271,6271.TW
2026-05-27,251.31875610351562,254.5,17521395.0,6271,6271.TW
2026-05-28,241.44375610351562,244.5,5275170.0,6271,6271.TW
2026-05-29,243.91250610351562,247.0,2701250.0,6271,6271.TW
2026-06-01,244.40625,247.5,2479765.0,6271,6271.TW
2026-06-02,246.38125610351562,249.5,3531171.0,6271,6271.TW
2026-06-03,246.875,250.0,1841250.0,6271,6271.TW
2026-06-04,240.4562530517578,243.5,1909665.0,6271,6271.TW
2026-06-05,233.5437469482422,236.5,2038286.0,6271,6271.TW
2026-06-08,215.7687530517578,218.5,2409969.0,6271,6271.TW
2026-06-09,237.0,240.0,2056349.0,6271,6271.TW
2026-06-10,225.0,225.0,2939068.0,6271,6271.TW
2026-06-11,217.0,217.0,7681869.0,6271,6271.TW
2026-06-12,238.5,238.5,5703323.0,6271,6271.TW
2026-06-15,244.0,244.0,13437997.0,6271,6271.TW
2026-06-16,224.5,224.5,8934572.0,6271,6271.TW
2026-06-17,225.0,225.0,4405821.0,6271,6271.TW
2026-06-18,242.5,242.5,8909870.0,6271,6271.TW
2026-06-22,266.5,266.5,26690623.0,6271,6271.TW
2026-06-23,244.5,244.5,17018253.0,6271,6271.TW
2026-06-24,251.5,251.5,8832070.0,6271,6271.TW
2026-06-25,271.5,271.5,24932890.0,6271,6271.TW
2026-06-26,255.0,255.0,29064324.0,6271,6271.TW
2026-06-29,243.0,243.0,16609464.0,6271,6271.TW
2026-06-30,267.0,267.0,17156158.0,6271,6271.TW
2026-07-01,287.5,287.5,42036195.0,6271,6271.TW
2026-07-02,264.0,264.0,22619092.0,6271,6271.TW
2026-07-03,279.0,279.0,27512907.0,6271,6271.TW
2026-07-06,272.0,272.0,28459295.0,6271,6271.TW
2026-07-07,247.0,247.0,17851285.0,6271,6271.TW
2026-07-08,255.0,255.0,12622339.0,6271,6271.TW
2026-07-09,252.0,252.0,9389439.0,6271,6271.TW
2026-07-10,252.0,252.0,0.0,6271,6271.TW
2026-07-13,236.0,236.0,9785972.0,6271,6271.TW
2026-07-14,225.5,225.5,9515159.0,6271,6271.TW
2026-07-15,224.0,224.0,7563431.0,6271,6271.TW
2026-07-16,224.0,224.0,7771541.0,6271,6271.TW
2026-07-17,203.0,203.0,8460589.0,6271,6271.TW
2026-07-20,192.5,192.5,6584791.0,6271,6271.TW
2026-07-21,200.5,200.5,4672792.0,6271,6271.TW
2026-07-22,203.0,203.0,4141873.0,6271,6271.TW
2026-07-23,200.0,200.0,2865738.0,6271,6271.TW
2026-07-24,189.0,189.0,3944355.0,6271,6271.TW
2026-07-27,183.5,183.5,4596159.0,6271,6271.TW
2026-07-28,165.5,165.5,5164794.0,6271,6271.TW
2026-07-29,149.0,149.0,5752106.0,6271,6271.TW
2026-07-30,149.0,149.0,9087101.0,6271,6271.TW
2026-07-31,160.0,160.0,10525920.0,6271,6271.TW
2025-05-27,569.626708984375,574.0,1963624.0,6805,6805.TW
2025-05-28,570.6190795898438,575.0,3928654.0,6805,6805.TW
2025-05-29,578.55810546875,583.0,2520453.0,6805,6805.TW
2025-06-02,575.5809936523438,580.0,1672655.0,6805,6805.TW
2025-06-03,596.4209594726562,601.0,2934258.0,6805,6805.TW
2025-06-04,630.1619262695312,635.0,4777339.0,6805,6805.TW
2025-06-05,653.9790649414062,659.0,4112166.0,6805,6805.TW
2025-06-06,664.895263671875,670.0,2555171.0,6805,6805.TW
2025-06-09,653.9790649414062,659.0,2204427.0,6805,6805.TW
2025-06-10,688.71240234375,694.0,3068774.0,6805,6805.TW
2025-06-11,757.1867065429688,763.0,7661738.0,6805,6805.TW
2025-06-12,747.2628784179688,753.0,2786370.0,6805,6805.TW
2025-06-13,793.90478515625,800.0,6825120.0,6805,6805.TW
2025-06-16,784.9733276367188,791.0,3154254.0,6805,6805.TW
2025-06-17,791.9200439453125,798.0,2090783.0,6805,6805.TW
2025-06-18,782.9885864257812,789.0,5400409.0,6805,6805.TW
2025-06-19,788.94287109375,795.0,6521816.0,6805,6805.TW
2025-06-20,764.1333618164062,770.0,3440517.0,6805,6805.TW
2025-06-23,760.163818359375,766.0,1794178.0,6805,6805.TW
2025-06-24,816.7295532226562,823.0,6226371.0,6805,6805.TW
2025-06-25,824.6685791015625,831.0,4199893.0,6805,6805.TW
2025-06-26,813.7523803710938,820.0,1986301.0,6805,6805.TW
2025-06-27,804.8209838867188,811.0,2251843.0,6805,6805.TW
2025-06-30,805.8133544921875,812.0,1622205.0,6805,6805.TW
2025-07-01,801.8438110351562,808.0,1489185.0,6805,6805.TW
2025-07-02,790.9276123046875,797.0,2227186.0,6805,6805.TW
2025-07-03,794.8971557617188,801.0,2117718.0,6805,6805.TW
2025-07-04,784.9733276367188,791.0,2184663.0,6805,6805.TW
2025-07-07,781.0038452148438,787.0,2209405.0,6805,6805.TW
2025-07-08,785.9657592773438,792.0,1406193.0,6805,6805.TW
2025-07-09,777.0343017578125,783.0,1594040.0,6805,6805.TW
2025-07-10,814.7448120117188,821.0,5434711.0,6805,6805.TW
2025-07-11,833.6000366210938,840.0,5543930.0,6805,6805.TW
2025-07-14,801.8438110351562,808.0,2784632.0,6805,6805.TW
2025-07-15,813.7523803710938,820.0,2763032.0,6805,6805.TW
2025-07-16,839.5543212890625,846.0,4612387.0,6805,6805.TW
2025-07-17,848.4857177734375,855.0,2857809.0,6805,6805.TW
2025-07-18,875.280029296875,882.0,3235818.0,6805,6805.TW
2025-07-21,850.4705200195312,857.0,2490282.0,6805,6805.TW
2025-07-22,844.5162353515625,851.0,4928432.0,6805,6805.TW
2025-07-23,826.6533813476562,833.0,3426333.0,6805,6805.TW
2025-07-24,870.318115234375,877.0,7174703.0,6805,6805.TW
2025-07-25,849.4780883789062,856.0,2679509.0,6805,6805.TW
2025-07-28,876.2723999023438,883.0,2288321.0,6805,6805.TW
2025-07-29,882.2266845703125,889.0,2035828.0,6805,6805.TW
2025-07-30,873.2952880859375,880.0,2358206.0,6805,6805.TW
2025-07-31,904.05908203125,911.0,2753706.0,6805,6805.TW
2025-08-04,921.9219360351562,929.0,3031682.0,6805,6805.TW
2025-08-05,935.8152465820312,943.0,3862706.0,6805,6805.TW
2025-08-06,973.5257568359375,981.0,4980414.0,6805,6805.TW
2025-08-07,997.3428955078125,1005.0,3077179.0,6805,6805.TW
2025-08-08,1017.1904907226562,1025.0,2052856.0,6805,6805.TW
2025-08-11,1017.1904907226562,1025.0,1894829.0,6805,6805.TW
2025-08-12,1042.0,1050.0,1560426.0,6805,6805.TW
2025-08-13,1045.0,1045.0,1913748.0,6805,6805.TW
2025-08-14,1070.0,1070.0,3086575.0,6805,6805.TW
2025-08-15,1060.0,1060.0,955458.0,6805,6805.TW
2025-08-18,1110.0,1110.0,2294435.0,6805,6805.TW
2025-08-19,1050.0,1050.0,2853636.0,6805,6805.TW
2025-08-20,1000.0,1000.0,2335573.0,6805,6805.TW
2025-08-21,1060.0,1060.0,2277748.0,6805,6805.TW
2025-08-22,1040.0,1040.0,933577.0,6805,6805.TW
2025-08-25,1140.0,1140.0,2958897.0,6805,6805.TW
2025-08-26,1145.0,1145.0,2090935.0,6805,6805.TW
2025-08-27,1155.0,1155.0,1892411.0,6805,6805.TW
2025-08-28,1145.0,1145.0,1409350.0,6805,6805.TW
2025-08-29,1140.0,1140.0,1735218.0,6805,6805.TW
2025-09-01,1030.0,1030.0,2754882.0,6805,6805.TW
2025-09-02,1015.0,1015.0,3220069.0,6805,6805.TW
2025-09-03,977.0,977.0,2806580.0,6805,6805.TW
2025-09-04,982.0,982.0,2544357.0,6805,6805.TW
2025-09-05,1040.0,1040.0,4350360.0,6805,6805.TW
2025-09-08,1035.0,1035.0,1735243.0,6805,6805.TW
2025-09-09,1000.0,1000.0,2274475.0,6805,6805.TW
2025-09-10,1045.0,1045.0,2307705.0,6805,6805.TW
2025-09-11,1040.0,1040.0,2347913.0,6805,6805.TW
2025-09-12,1020.0,1020.0,1415868.0,6805,6805.TW
2025-09-15,1005.0,1005.0,1525092.0,6805,6805.TW
2025-09-16,996.0,996.0,1733615.0,6805,6805.TW
2025-09-17,980.0,980.0,1499480.0,6805,6805.TW
2025-09-18,1000.0,1000.0,2255107.0,6805,6805.TW
2025-09-19,998.0,998.0,1909223.0,6805,6805.TW
2025-09-22,973.0,973.0,2043509.0,6805,6805.TW
2025-09-23,1010.0,1010.0,2983897.0,6805,6805.TW
2025-09-24,1055.0,1055.0,3888874.0,6805,6805.TW
2025-09-25,986.0,986.0,3743127.0,6805,6805.TW
2025-09-26,967.0,967.0,1754268.0,6805,6805.TW
2025-09-30,996.0,996.0,2049330.0,6805,6805.TW
2025-10-01,1015.0,1015.0,2133998.0,6805,6805.TW
2025-10-02,1005.0,1005.0,2910721.0,6805,6805.TW
2025-10-03,1105.0,1105.0,4987036.0,6805,6805.TW
2025-10-07,1120.0,1120.0,4080200.0,6805,6805.TW
2025-10-08,1155.0,1155.0,4467612.0,6805,6805.TW
2025-10-09,1185.0,1185.0,3508405.0,6805,6805.TW
2025-10-13,1155.0,1155.0,3030387.0,6805,6805.TW
2025-10-14,1165.0,1165.0,4651432.0,6805,6805.TW
2025-10-15,1220.0,1220.0,2572493.0,6805,6805.TW
2025-10-16,1190.0,1190.0,2185983.0,6805,6805.TW
2025-10-17,1185.0,1185.0,2022576.0,6805,6805.TW
2025-10-20,1200.0,1200.0,2006594.0,6805,6805.TW
2025-10-21,1320.0,1320.0,4053372.0,6805,6805.TW
2025-10-22,1325.0,1325.0,3669398.0,6805,6805.TW
2025-10-23,1350.0,1350.0,2586490.0,6805,6805.TW
2025-10-27,1400.0,1400.0,2138695.0,6805,6805.TW
2025-10-28,1425.0,1425.0,1532462.0,6805,6805.TW
2025-10-29,1425.0,1425.0,1148350.0,6805,6805.TW
2025-10-30,1425.0,1425.0,2045222.0,6805,6805.TW
2025-10-31,1455.0,1455.0,1214695.0,6805,6805.TW
2025-11-03,1465.0,1465.0,2004645.0,6805,6805.TW
2025-11-04,1435.0,1435.0,1879408.0,6805,6805.TW
2025-11-05,1405.0,1405.0,2573416.0,6805,6805.TW
2025-11-06,1460.0,1460.0,1949346.0,6805,6805.TW
2025-11-07,1400.0,1400.0,1917912.0,6805,6805.TW
2025-11-10,1435.0,1435.0,3252633.0,6805,6805.TW
2025-11-11,1560.0,1560.0,4979189.0,6805,6805.TW
2025-11-12,1530.0,1530.0,7146918.0,6805,6805.TW
2025-11-13,1495.0,1495.0,2228327.0,6805,6805.TW
2025-11-14,1465.0,1465.0,1331669.0,6805,6805.TW
2025-11-17,1495.0,1495.0,1749240.0,6805,6805.TW
2025-11-18,1435.0,1435.0,1861883.0,6805,6805.TW
2025-11-19,1480.0,1480.0,2430441.0,6805,6805.TW
2025-11-20,1450.0,1450.0,2479645.0,6805,6805.TW
2025-11-21,1345.0,1345.0,2651844.0,6805,6805.TW
2025-11-24,1340.0,1340.0,1520081.0,6805,6805.TW
2025-11-25,1370.0,1370.0,2206821.0,6805,6805.TW
2025-11-26,1445.0,1445.0,1806317.0,6805,6805.TW
2025-11-27,1560.0,1560.0,3138109.0,6805,6805.TW
2025-11-28,1570.0,1570.0,1920985.0,6805,6805.TW
2025-12-01,1585.0,1585.0,2118955.0,6805,6805.TW
2025-12-02,1550.0,1550.0,2004541.0,6805,6805.TW
2025-12-03,1595.0,1595.0,2016676.0,6805,6805.TW
2025-12-04,1535.0,1535.0,4930219.0,6805,6805.TW
2025-12-05,1550.0,1550.0,2899290.0,6805,6805.TW
2025-12-08,1570.0,1570.0,2080271.0,6805,6805.TW
2025-12-09,1505.0,1505.0,2996241.0,6805,6805.TW
2025-12-10,1535.0,1535.0,1483295.0,6805,6805.TW
2025-12-11,1590.0,1590.0,3306954.0,6805,6805.TW
2025-12-12,1605.0,1605.0,2115336.0,6805,6805.TW
2025-12-15,1550.0,1550.0,1645224.0,6805,6805.TW
2025-12-16,1480.0,1480.0,1751374.0,6805,6805.TW
2025-12-17,1450.0,1450.0,1163076.0,6805,6805.TW
2025-12-18,1450.0,1450.0,1088059.0,6805,6805.TW
2025-12-19,1545.0,1545.0,1906199.0,6805,6805.TW
2025-12-22,1545.0,1545.0,1193168.0,6805,6805.TW
2025-12-23,1600.0,1600.0,1281016.0,6805,6805.TW
2025-12-24,1585.0,1585.0,1727327.0,6805,6805.TW
2025-12-26,1605.0,1605.0,1299451.0,6805,6805.TW
2025-12-29,1615.0,1615.0,1281379.0,6805,6805.TW
2025-12-30,1625.0,1625.0,1074026.0,6805,6805.TW
2025-12-31,1625.0,1625.0,1925368.0,6805,6805.TW
2026-01-02,1535.0,1535.0,2205375.0,6805,6805.TW
2026-01-05,1490.0,1490.0,1895238.0,6805,6805.TW
2026-01-06,1470.0,1470.0,1370400.0,6805,6805.TW
2026-01-07,1405.0,1405.0,2039877.0,6805,6805.TW
2026-01-08,1365.0,1365.0,2603391.0,6805,6805.TW
2026-01-09,1365.0,1365.0,2028454.0,6805,6805.TW
2026-01-12,1330.0,1330.0,2226602.0,6805,6805.TW
2026-01-13,1295.0,1295.0,2486391.0,6805,6805.TW
2026-01-14,1300.0,1300.0,3871873.0,6805,6805.TW
2026-01-15,1280.0,1280.0,1724916.0,6805,6805.TW
2026-01-16,1320.0,1320.0,2387441.0,6805,6805.TW
2026-01-19,1280.0,1280.0,2095150.0,6805,6805.TW
2026-01-20,1285.0,1285.0,1130450.0,6805,6805.TW
2026-01-21,1285.0,1285.0,2427560.0,6805,6805.TW
2026-01-22,1410.0,1410.0,3926873.0,6805,6805.TW
2026-01-23,1380.0,1380.0,2850883.0,6805,6805.TW
2026-01-26,1410.0,1410.0,1743387.0,6805,6805.TW
2026-01-27,1420.0,1420.0,2171423.0,6805,6805.TW
2026-01-28,1490.0,1490.0,2747121.0,6805,6805.TW
2026-01-29,1485.0,1485.0,2089778.0,6805,6805.TW
2026-01-30,1425.0,1425.0,1659267.0,6805,6805.TW
2026-02-02,1405.0,1405.0,1649346.0,6805,6805.TW
2026-02-03,1535.0,1535.0,3596759.0,6805,6805.TW
2026-02-04,1525.0,1525.0,1996962.0,6805,6805.TW
2026-02-05,1550.0,1550.0,2447787.0,6805,6805.TW
2026-02-06,1545.0,1545.0,1842248.0,6805,6805.TW
2026-02-09,1550.0,1550.0,2112210.0,6805,6805.TW
2026-02-10,1580.0,1580.0,1324341.0,6805,6805.TW
2026-02-11,1545.0,1545.0,1062623.0,6805,6805.TW
2026-02-23,1480.0,1480.0,1592873.0,6805,6805.TW
2026-02-24,1480.0,1480.0,1692733.0,6805,6805.TW
2026-02-25,1555.0,1555.0,2090540.0,6805,6805.TW
2026-02-26,1710.0,1710.0,3549707.0,6805,6805.TW
2026-03-02,1745.0,1745.0,4158368.0,6805,6805.TW
2026-03-03,1760.0,1760.0,2972525.0,6805,6805.TW
2026-03-04,1645.0,1645.0,1982351.0,6805,6805.TW
2026-03-05,1715.0,1715.0,1298479.0,6805,6805.TW
2026-03-06,1845.0,1845.0,3883941.0,6805,6805.TW
2026-03-09,1665.0,1665.0,1241594.0,6805,6805.TW
2026-03-10,1750.0,1750.0,2448598.0,6805,6805.TW
2026-03-11,1865.0,1865.0,2112013.0,6805,6805.TW
2026-03-12,1840.0,1840.0,2077250.0,6805,6805.TW
2026-03-13,1755.0,1755.0,1705145.0,6805,6805.TW
2026-03-16,1750.0,1750.0,1492450.0,6805,6805.TW
2026-03-17,1745.0,1745.0,2301576.0,6805,6805.TW
2026-03-18,1840.0,1840.0,2210227.0,6805,6805.TW
2026-03-19,1975.0,1975.0,2772402.0,6805,6805.TW
2026-03-20,2000.0,2000.0,1469459.0,6805,6805.TW
2026-03-23,1865.0,1865.0,1139724.0,6805,6805.TW
2026-03-24,1835.0,1835.0,869488.0,6805,6805.TW
2026-03-25,1905.0,1905.0,2230633.0,6805,6805.TW
2026-03-26,1905.0,1905.0,1822331.0,6805,6805.TW
2026-03-27,1905.0,1905.0,950287.0,6805,6805.TW
2026-03-30,1830.0,1830.0,1030728.0,6805,6805.TW
2026-03-31,1750.0,1750.0,1204454.0,6805,6805.TW
2026-04-01,1925.0,1925.0,951877.0,6805,6805.TW
2026-04-02,1885.0,1885.0,1659528.0,6805,6805.TW
2026-04-07,1850.0,1850.0,1050433.0,6805,6805.TW
2026-04-08,1890.0,1890.0,2693761.0,6805,6805.TW
2026-04-09,1840.0,1840.0,1799758.0,6805,6805.TW
2026-04-10,1865.0,1865.0,1619609.0,6805,6805.TW
2026-04-13,1765.0,1765.0,3075223.0,6805,6805.TW
2026-04-14,1730.0,1730.0,2115377.0,6805,6805.TW
2026-04-15,1825.0,1825.0,2061509.0,6805,6805.TW
2026-04-16,1900.0,1900.0,2627654.0,6805,6805.TW
2026-04-17,1870.0,1870.0,1609329.0,6805,6805.TW
2026-04-20,1895.0,1895.0,1534913.0,6805,6805.TW
2026-04-21,1915.0,1915.0,2014764.0,6805,6805.TW
2026-04-22,1985.0,1985.0,2266952.0,6805,6805.TW
2026-04-23,1910.0,1910.0,2865063.0,6805,6805.TW
2026-04-24,1915.0,1915.0,3358988.0,6805,6805.TW
2026-04-27,2070.0,2070.0,3728078.0,6805,6805.TW
2026-04-28,2085.0,2085.0,2011241.0,6805,6805.TW
2026-04-29,2070.0,2070.0,1477926.0,6805,6805.TW
2026-04-30,2070.0,2070.0,1699332.0,6805,6805.TW
2026-05-04,2215.0,2215.0,2481202.0,6805,6805.TW
2026-05-05,1995.0,1995.0,3044220.0,6805,6805.TW
2026-05-06,1880.0,1880.0,4817011.0,6805,6805.TW
2026-05-07,1920.0,1920.0,1652661.0,6805,6805.TW
2026-05-08,1980.0,1980.0,2672931.0,6805,6805.TW
2026-05-11,1995.0,1995.0,1862387.0,6805,6805.TW
2026-05-12,1850.0,1850.0,2567911.0,6805,6805.TW
2026-05-13,1830.0,1830.0,2026051.0,6805,6805.TW
2026-05-14,1780.0,1780.0,2039927.0,6805,6805.TW
2026-05-15,1735.0,1735.0,1581970.0,6805,6805.TW
2026-05-18,1735.0,1735.0,914583.0,6805,6805.TW
2026-05-19,1770.0,1770.0,1086415.0,6805,6805.TW
2026-05-20,1720.0,1720.0,1035483.0,6805,6805.TW
2026-05-21,1810.0,1810.0,720876.0,6805,6805.TW
2026-05-22,1795.0,1795.0,926662.0,6805,6805.TW
2026-05-25,1745.0,1745.0,1650500.0,6805,6805.TW
2026-05-26,1785.0,1785.0,2312490.0,6805,6805.TW
2026-05-27,1740.0,1740.0,1477013.0,6805,6805.TW
2026-05-28,1765.0,1765.0,2987056.0,6805,6805.TW
2026-05-29,1930.0,1930.0,3761596.0,6805,6805.TW
2026-06-01,2120.0,2120.0,2680905.0,6805,6805.TW
2026-06-02,2190.0,2190.0,4289581.0,6805,6805.TW
2026-06-03,2085.0,2085.0,3206397.0,6805,6805.TW
2026-06-04,1985.0,1985.0,1101952.0,6805,6805.TW
2026-06-05,1950.0,1950.0,1366732.0,6805,6805.TW
2026-06-08,1895.0,1895.0,1231620.0,6805,6805.TW
2026-06-09,1950.0,1950.0,1672167.0,6805,6805.TW
2026-06-10,1755.0,1755.0,2328139.0,6805,6805.TW
2026-06-11,1750.0,1750.0,939592.0,6805,6805.TW
2026-06-12,1825.0,1825.0,1708257.0,6805,6805.TW
2026-06-15,1735.0,1735.0,2039794.0,6805,6805.TW
2026-06-16,1725.0,1725.0,969263.0,6805,6805.TW
2026-06-17,1715.0,1715.0,958345.0,6805,6805.TW
2026-06-18,1755.0,1755.0,814870.0,6805,6805.TW
2026-06-22,1820.0,1820.0,1044735.0,6805,6805.TW
2026-06-23,1765.0,1765.0,630057.0,6805,6805.TW
2026-06-24,1805.0,1805.0,727884.0,6805,6805.TW
2026-06-25,1750.0,1750.0,897462.0,6805,6805.TW
2026-06-26,1640.0,1640.0,1066603.0,6805,6805.TW
2026-06-29,1625.0,1625.0,545212.0,6805,6805.TW
2026-06-30,1680.0,1680.0,1217504.0,6805,6805.TW
2026-07-01,1700.0,1700.0,666040.0,6805,6805.TW
2026-07-02,1670.0,1670.0,1337185.0,6805,6805.TW
2026-07-03,1630.0,1630.0,928401.0,6805,6805.TW
2026-07-06,1570.0,1570.0,1504345.0,6805,6805.TW
2026-07-07,1490.0,1490.0,1457525.0,6805,6805.TW
2026-07-08,1395.0,1395.0,3328920.0,6805,6805.TW
2026-07-09,1460.0,1460.0,1867203.0,6805,6805.TW
2026-07-10,1460.0,1460.0,0.0,6805,6805.TW
2026-07-13,1410.0,1410.0,728176.0,6805,6805.TW
2026-07-14,1320.0,1320.0,1006369.0,6805,6805.TW
2026-07-15,1395.0,1395.0,778157.0,6805,6805.TW
2026-07-16,1415.0,1415.0,701034.0,6805,6805.TW
2026-07-17,1345.0,1345.0,932702.0,6805,6805.TW
2026-07-20,1305.0,1305.0,716287.0,6805,6805.TW
2026-07-21,1415.0,1415.0,958332.0,6805,6805.TW
2026-07-22,1395.0,1395.0,579197.0,6805,6805.TW
2026-07-23,1455.0,1455.0,1481228.0,6805,6805.TW
2026-07-24,1410.0,1410.0,770047.0,6805,6805.TW
2026-07-27,1455.0,1455.0,546472.0,6805,6805.TW
2026-07-28,1340.0,1340.0,1256057.0,6805,6805.TW
2026-07-29,1265.0,1265.0,1685403.0,6805,6805.TW
2026-07-30,1230.0,1230.0,1044074.0,6805,6805.TW
2026-07-31,1350.0,1350.0,546107.0,6805,6805.TW
2025-05-27,58.12102508544922,62.70000076293945,3877750.0,6147,6147.TWO
2025-05-28,58.213722229003906,62.79999923706055,2008050.0,6147,6147.TWO
2025-05-29,59.9749641418457,64.69999694824219,3740570.0,6147,6147.TWO
2025-06-02,57.19405746459961,61.70000076293945,5759289.0,6147,6147.TWO
2025-06-03,58.213722229003906,62.79999923706055,3859301.0,6147,6147.TWO
2025-06-04,57.47214889526367,62.0,4143004.0,6147,6147.TWO
2025-06-05,58.02832794189453,62.599998474121094,2788261.0,6147,6147.TWO
2025-06-06,57.47214889526367,62.0,3234787.0,6147,6147.TWO
2025-06-09,58.02832794189453,62.599998474121094,1942707.0,6147,6147.TWO
2025-06-10,58.49181365966797,63.099998474121094,3561026.0,6147,6147.TWO
2025-06-11,58.213722229003906,62.79999923706055,3650300.0,6147,6147.TWO
2025-06-12,58.12102508544922,62.70000076293945,3782001.0,6147,6147.TWO
2025-06-13,57.28675079345703,61.79999923706055,5212547.0,6147,6147.TWO
2025-06-16,56.5451774597168,61.0,7001958.0,6147,6147.TWO
2025-06-17,56.59476852416992,57.29999923706055,7824051.0,6147,6147.TWO
2025-06-18,57.08861541748047,57.79999923706055,3966046.0,6147,6147.TWO
2025-06-19,56.989845275878906,57.70000076293945,2711018.0,6147,6147.TWO
2025-06-20,55.4095344543457,56.099998474121094,4074509.0,6147,6147.TWO
2025-06-23,53.631690979003906,54.29999923706055,6960784.0,6147,6147.TWO
2025-06-24,54.32307815551758,55.0,4250018.0,6147,6147.TWO
2025-06-25,54.71815490722656,55.400001525878906,4550959.0,6147,6147.TWO
2025-06-26,53.82923126220703,54.5,3738057.0,6147,6147.TWO
2025-06-27,53.82923126220703,54.5,2744426.0,6147,6147.TWO
2025-06-30,52.74277114868164,53.400001525878906,5249322.0,6147,6147.TWO
2025-07-01,52.545230865478516,53.20000076293945,3997291.0,6147,6147.TWO
2025-07-02,54.52061462402344,55.20000076293945,4847605.0,6147,6147.TWO
2025-07-03,55.90338134765625,56.599998474121094,4908431.0,6147,6147.TWO
2025-07-04,54.32307815551758,55.0,2840255.0,6147,6147.TWO
2025-07-07,54.32307815551758,55.0,3878703.0,6147,6147.TWO
2025-07-08,52.84153747558594,53.5,3016274.0,6147,6147.TWO
2025-07-09,54.71815490722656,55.400001525878906,4607310.0,6147,6147.TWO
2025-07-10,54.02676773071289,54.70000076293945,3009466.0,6147,6147.TWO
2025-07-11,53.73046112060547,54.400001525878906,2244303.0,6147,6147.TWO
2025-07-14,53.53292465209961,54.20000076293945,2101711.0,6147,6147.TWO
2025-07-15,53.23661804199219,53.900001525878906,2686996.0,6147,6147.TWO
2025-07-16,53.82923126220703,54.5,3378321.0,6147,6147.TWO
2025-07-17,54.421844482421875,55.099998474121094,4108477.0,6147,6147.TWO
2025-07-18,54.32307815551758,55.0,3094030.0,6147,6147.TWO
2025-07-21,54.421844482421875,55.099998474121094,3400504.0,6147,6147.TWO
2025-07-22,54.12553787231445,54.79999923706055,3998110.0,6147,6147.TWO
2025-07-23,55.90338134765625,56.599998474121094,4779859.0,6147,6147.TWO
2025-07-24,55.310768127441406,56.0,4281024.0,6147,6147.TWO
2025-07-25,55.310768127441406,56.0,1809947.0,6147,6147.TWO
2025-07-28,55.11322784423828,55.79999923706055,2783600.0,6147,6147.TWO
2025-07-29,54.52061462402344,55.20000076293945,2268664.0,6147,6147.TWO
2025-07-30,55.014461517333984,55.70000076293945,1095050.0,6147,6147.TWO
2025-07-31,55.310768127441406,56.0,3791546.0,6147,6147.TWO
2025-08-04,53.53292465209961,54.20000076293945,1403333.0,6147,6147.TWO
2025-08-05,53.43415069580078,54.099998474121094,2132690.0,6147,6147.TWO
2025-08-06,53.03907775878906,53.70000076293945,2301418.0,6147,6147.TWO
2025-08-07,52.248924255371094,52.900001525878906,5416751.0,6147,6147.TWO
2025-08-08,52.34769058227539,53.0,1733522.0,6147,6147.TWO
2025-08-11,52.05138397216797,52.70000076293945,2129180.0,6147,6147.TWO
2025-08-12,52.34769058227539,53.0,1965109.0,6147,6147.TWO
2025-08-13,52.74277114868164,53.400001525878906,1992099.0,6147,6147.TWO
2025-08-14,52.940303802490234,53.599998474121094,1491455.0,6147,6147.TWO
2025-08-15,53.03907775878906,53.70000076293945,1544995.0,6147,6147.TWO
2025-08-18,52.84153747558594,53.5,1197141.0,6147,6147.TWO
2025-08-19,52.545230865478516,53.20000076293945,717021.0,6147,6147.TWO
2025-08-20,51.45876693725586,52.099998474121094,4725598.0,6147,6147.TWO
2025-08-21,51.853843688964844,52.5,1102500.0,6147,6147.TWO
2025-08-22,51.55753707885742,52.20000076293945,700049.0,6147,6147.TWO
2025-08-25,51.853843688964844,52.5,922870.0,6147,6147.TWO
2025-08-26,52.74277114868164,53.400001525878906,1758140.0,6147,6147.TWO
2025-08-27,52.940303802490234,53.599998474121094,1609090.0,6147,6147.TWO
2025-08-28,53.03907775878906,53.70000076293945,1661440.0,6147,6147.TWO
2025-08-29,52.940303802490234,53.599998474121094,1359257.0,6147,6147.TWO
2025-09-01,52.64399719238281,53.29999923706055,970365.0,6147,6147.TWO
2025-09-02,52.545230865478516,53.20000076293945,887001.0,6147,6147.TWO
2025-09-03,52.940303802490234,53.599998474121094,1124870.0,6147,6147.TWO
2025-09-04,53.13784408569336,53.79999923706055,1593127.0,6147,6147.TWO
2025-09-05,53.13784408569336,53.79999923706055,1220759.0,6147,6147.TWO
2025-09-08,54.02676773071289,54.70000076293945,3785160.0,6147,6147.TWO
2025-09-09,54.224308013916016,54.900001525878906,2455651.0,6147,6147.TWO
2025-09-10,53.82923126220703,54.5,1852090.0,6147,6147.TWO
2025-09-11,52.84153747558594,53.5,2058608.0,6147,6147.TWO
2025-09-12,52.940303802490234,53.599998474121094,832213.0,6147,6147.TWO
2025-09-15,52.34769058227539,53.0,1618495.0,6147,6147.TWO
2025-09-16,52.84153747558594,53.5,1743068.0,6147,6147.TWO
2025-09-17,53.03907775878906,53.70000076293945,2363158.0,6147,6147.TWO
2025-09-18,54.619384765625,55.29999923706055,5773877.0,6147,6147.TWO
2025-09-19,55.014461517333984,55.70000076293945,5104436.0,6147,6147.TWO
2025-09-22,54.91569137573242,55.599998474121094,1286656.0,6147,6147.TWO
2025-09-23,55.90338134765625,56.599998474121094,8259558.0,6147,6147.TWO
2025-09-24,55.21200180053711,55.900001525878906,2010747.0,6147,6147.TWO
2025-09-25,55.50830841064453,56.20000076293945,2734340.0,6147,6147.TWO
2025-09-26,54.52061462402344,55.20000076293945,1900200.0,6147,6147.TWO
2025-09-30,54.71815490722656,55.400001525878906,1362261.0,6147,6147.TWO
2025-10-01,54.52061462402344,55.20000076293945,1179407.0,6147,6147.TWO
2025-10-02,54.52061462402344,55.20000076293945,1047337.0,6147,6147.TWO
2025-10-03,54.421844482421875,55.099998474121094,1273432.0,6147,6147.TWO
2025-10-07,55.11322784423828,55.79999923706055,2088496.0,6147,6147.TWO
2025-10-08,55.21200180053711,55.900001525878906,2066497.0,6147,6147.TWO
2025-10-09,57.18738555908203,57.900001525878906,5399970.0,6147,6147.TWO
2025-10-13,55.90338134765625,56.599998474121094,2821826.0,6147,6147.TWO
2025-10-14,55.21200180053711,55.900001525878906,2591355.0,6147,6147.TWO
2025-10-15,55.90338134765625,56.599998474121094,1289182.0,6147,6147.TWO
2025-10-16,56.2984619140625,57.0,1377301.0,6147,6147.TWO
2025-10-17,56.59476852416992,57.29999923706055,2464984.0,6147,6147.TWO
2025-10-20,57.38492202758789,58.099998474121094,2674400.0,6147,6147.TWO
2025-10-21,57.9775390625,58.70000076293945,4335337.0,6147,6147.TWO
2025-10-22,57.87876892089844,58.599998474121094,2082667.0,6147,6147.TWO
2025-10-23,57.08861541748047,57.79999923706055,2478308.0,6147,6147.TWO
2025-10-27,55.310768127441406,56.0,8097526.0,6147,6147.TWO
2025-10-28,56.79230880737305,57.5,3786140.0,6147,6147.TWO
2025-10-29,58.27384567260742,59.0,4888213.0,6147,6147.TWO
2025-10-30,57.48369216918945,58.20000076293945,2024162.0,6147,6147.TWO
2025-10-31,58.866458892822266,59.599998474121094,4450497.0,6147,6147.TWO
2025-11-03,59.261539459228516,60.0,7097372.0,6147,6147.TWO
2025-11-04,57.87876892089844,58.599998474121094,4363800.0,6147,6147.TWO
2025-11-05,57.58245849609375,58.29999923706055,2734866.0,6147,6147.TWO
2025-11-06,57.18738555908203,57.900001525878906,2044120.0,6147,6147.TWO
2025-11-07,55.60707473754883,56.29999923706055,2458651.0,6147,6147.TWO
2025-11-10,55.90338134765625,56.599998474121094,1131018.0,6147,6147.TWO
2025-11-11,55.60707473754883,56.29999923706055,1480631.0,6147,6147.TWO
2025-11-12,56.100921630859375,56.79999923706055,1877255.0,6147,6147.TWO
2025-11-13,56.49599838256836,57.20000076293945,1376020.0,6147,6147.TWO
2025-11-14,55.705848693847656,56.400001525878906,1711281.0,6147,6147.TWO
2025-11-17,53.13784408569336,53.79999923706055,5199205.0,6147,6147.TWO
2025-11-18,50.866153717041016,51.5,6223114.0,6147,6147.TWO
2025-11-19,50.76738739013672,51.400001525878906,5222300.0,6147,6147.TWO
2025-11-20,51.75507736206055,52.400001525878906,4281125.0,6147,6147.TWO
2025-11-21,50.866153717041016,51.5,5195031.0,6147,6147.TWO
2025-11-24,50.96492004394531,51.599998474121094,4362320.0,6147,6147.TWO
2025-11-25,51.36000061035156,52.0,3240206.0,6147,6147.TWO
2025-11-26,51.55753707885742,52.20000076293945,3255044.0,6147,6147.TWO
2025-11-27,51.75507736206055,52.400001525878906,2974027.0,6147,6147.TWO
2025-11-28,52.545230865478516,53.20000076293945,1417038.0,6147,6147.TWO
2025-12-01,52.34769058227539,53.0,1138789.0,6147,6147.TWO
2025-12-02,52.64399719238281,53.29999923706055,1230506.0,6147,6147.TWO
2025-12-03,52.74277114868164,53.400001525878906,704151.0,6147,6147.TWO
2025-12-04,52.545230865478516,53.20000076293945,886351.0,6147,6147.TWO
2025-12-05,52.248924255371094,52.900001525878906,1561383.0,6147,6147.TWO
2025-12-08,53.03907775878906,53.70000076293945,1408358.0,6147,6147.TWO
2025-12-09,52.44646072387695,53.099998474121094,985069.0,6147,6147.TWO
2025-12-10,51.952613830566406,52.599998474121094,2089605.0,6147,6147.TWO
2025-12-11,52.15015411376953,52.79999923706055,920053.0,6147,6147.TWO
2025-12-12,52.545230865478516,53.20000076293945,820308.0,6147,6147.TWO
2025-12-15,52.248924255371094,52.900001525878906,754521.0,6147,6147.TWO
2025-12-16,52.15015411376953,52.79999923706055,2357381.0,6147,6147.TWO
2025-12-17,51.952613830566406,52.599998474121094,4309704.0,6147,6147.TWO
2025-12-18,51.853843688964844,52.5,1023229.0,6147,6147.TWO
2025-12-19,51.656307220458984,52.29999923706055,1225594.0,6147,6147.TWO
2025-12-22,52.34769058227539,53.0,672335.0,6147,6147.TWO
2025-12-23,52.248924255371094,52.900001525878906,743627.0,6147,6147.TWO
2025-12-24,51.853843688964844,52.5,1054500.0,6147,6147.TWO
2025-12-26,51.36000061035156,52.0,3125112.0,6147,6147.TWO
2025-12-29,51.853843688964844,52.5,3012591.0,6147,6147.TWO
2025-12-30,52.248924255371094,52.900001525878906,3358184.0,6147,6147.TWO
2025-12-31,53.23661804199219,53.900001525878906,5039975.0,6147,6147.TWO
2026-01-02,53.92799758911133,54.599998474121094,4605484.0,6147,6147.TWO
2026-01-05,52.05138397216797,52.70000076293945,5448619.0,6147,6147.TWO
2026-01-06,53.335384368896484,54.0,5070318.0,6147,6147.TWO
2026-01-07,54.71815490722656,55.400001525878906,6778192.0,6147,6147.TWO
2026-01-08,54.02676773071289,54.70000076293945,3388031.0,6147,6147.TWO
2026-01-09,53.43415069580078,54.099998474121094,2296513.0,6147,6147.TWO
2026-01-12,54.619384765625,55.29999923706055,4213883.0,6147,6147.TWO
2026-01-13,55.310768127441406,56.0,6225596.0,6147,6147.TWO
2026-01-14,56.2984619140625,57.0,6395232.0,6147,6147.TWO
2026-01-15,55.80461502075195,56.5,3136356.0,6147,6147.TWO
2026-01-16,56.59476852416992,57.29999923706055,4342262.0,6147,6147.TWO
2026-01-19,57.48369216918945,58.20000076293945,4810747.0,6147,6147.TWO
2026-01-20,58.76769256591797,59.5,6685474.0,6147,6147.TWO
2026-01-21,56.989845275878906,57.70000076293945,3789810.0,6147,6147.TWO
2026-01-22,57.08861541748047,57.79999923706055,3153634.0,6147,6147.TWO
2026-01-23,57.18738555908203,57.900001525878906,2682039.0,6147,6147.TWO
2026-01-26,57.68123245239258,58.400001525878906,3383447.0,6147,6147.TWO
2026-01-27,57.38492202758789,58.099998474121094,2373302.0,6147,6147.TWO
2026-01-28,58.0763053894043,58.79999923706055,3123284.0,6147,6147.TWO
2026-01-29,56.49599838256836,57.20000076293945,3054346.0,6147,6147.TWO
2026-01-30,54.12553787231445,54.79999923706055,3093950.0,6147,6147.TWO
2026-02-02,53.335384368896484,54.0,2665232.0,6147,6147.TWO
2026-02-03,53.631690979003906,54.29999923706055,2225548.0,6147,6147.TWO
2026-02-04,54.224308013916016,54.900001525878906,1370016.0,6147,6147.TWO
2026-02-05,53.03907775878906,53.70000076293945,2290416.0,6147,6147.TWO
2026-02-06,52.248924255371094,52.900001525878906,2339132.0,6147,6147.TWO
2026-02-09,52.44646072387695,53.099998474121094,1555336.0,6147,6147.TWO
2026-02-10,52.84153747558594,53.5,1628150.0,6147,6147.TWO
2026-02-11,52.248924255371094,52.900001525878906,3166133.0,6147,6147.TWO
2026-02-23,54.02676773071289,54.70000076293945,2913250.0,6147,6147.TWO
2026-02-24,55.014461517333984,55.70000076293945,2766292.0,6147,6147.TWO
2026-02-25,54.81692123413086,55.5,1864355.0,6147,6147.TWO
2026-02-26,55.80461502075195,56.5,3483273.0,6147,6147.TWO
2026-03-02,54.12553787231445,54.79999923706055,4174653.0,6147,6147.TWO
2026-03-03,52.248924255371094,52.900001525878906,3965299.0,6147,6147.TWO
2026-03-04,50.569847106933594,51.20000076293945,4310795.0,6147,6147.TWO
2026-03-05,51.853843688964844,52.5,2556544.0,6147,6147.TWO
2026-03-06,52.05138397216797,52.70000076293945,1359025.0,6147,6147.TWO
2026-03-09,50.66861343383789,51.29999923706055,4250407.0,6147,6147.TWO
2026-03-10,51.55753707885742,52.20000076293945,1616621.0,6147,6147.TWO
2026-03-11,54.81692123413086,55.5,5127763.0,6147,6147.TWO
2026-03-12,60.249229431152344,61.0,23966565.0,6147,6147.TWO
2026-03-13,58.0763053894043,58.79999923706055,21467222.0,6147,6147.TWO
2026-03-16,58.76769256591797,59.5,15313609.0,6147,6147.TWO
2026-03-17,64.59507751464844,65.4000015258789,37730324.0,6147,6147.TWO
2026-03-18,71.01507568359375,71.9000015258789,67154382.0,6147,6147.TWO
2026-03-19,70.22492218017578,71.0999984741211,43930636.0,6147,6147.TWO
2026-03-20,66.17538452148438,67.0,25656123.0,6147,6147.TWO
2026-03-23,63.40984344482422,64.19999694824219,17183452.0,6147,6147.TWO
2026-03-24,63.706153869628906,64.5,16047660.0,6147,6147.TWO
2026-03-25,69.92861938476562,70.80000305175781,27200941.0,6147,6147.TWO
2026-03-26,76.84246063232422,77.80000305175781,54136793.0,6147,6147.TWO
2026-03-27,75.85477447509766,76.80000305175781,45523733.0,6147,6147.TWO
2026-03-30,75.75599670410156,76.69999694824219,40288808.0,6147,6147.TWO
2026-03-31,68.64461517333984,69.5,31653567.0,6147,6147.TWO
2026-04-01,75.4596939086914,76.4000015258789,25879278.0,6147,6147.TWO
2026-04-02,82.96615600585938,84.0,72550177.0,6147,6147.TWO
2026-04-07,88.69477081298828,89.80000305175781,109671954.0,6147,6147.TWO
2026-04-08,97.4852294921875,98.69999694824219,19884599.0,6147,6147.TWO
2026-04-09,95.31230926513672,96.5,91776721.0,6147,6147.TWO
2026-04-10,104.69538116455078,106.0,47872611.0,6147,6147.TWO
2026-04-13,115.06615447998047,116.5,31393379.0,6147,6147.TWO
2026-04-14,111.6092300415039,113.0,56670514.0,6147,6147.TWO
2026-04-15,104.69538116455078,106.0,20990486.0,6147,6147.TWO
2026-04-16,112.596923828125,114.0,23370727.0,6147,6147.TWO
2026-04-17,113.5846176147461,115.0,23050761.0,6147,6147.TWO
2026-04-20,124.94307708740234,126.5,15502734.0,6147,6147.TWO
2026-04-21,133.83230590820312,135.5,18852818.0,6147,6147.TWO
2026-04-22,139.75845336914062,141.5,14619796.0,6147,6147.TWO
2026-04-23,132.35076904296875,134.0,19613908.0,6147,6147.TWO
2026-04-24,143.2153778076172,145.0,14453678.0,6147,6147.TWO
2026-04-27,129.3876953125,131.0,18885705.0,6147,6147.TWO
2026-04-28,142.22769165039062,144.0,16740679.0,6147,6147.TWO
2026-04-29,156.05538940429688,158.0,56507869.0,6147,6147.TWO
2026-04-30,160.9938507080078,163.0,91859202.0,6147,6147.TWO
2026-05-04,176.7969207763672,179.0,20606473.0,6147,6147.TWO
2026-05-05,175.3153839111328,177.5,85853775.0,6147,6147.TWO
2026-05-06,172.8461456298828,175.0,70886032.0,6147,6147.TWO
2026-05-07,190.13076782226562,192.5,35453229.0,6147,6147.TWO
2026-05-08,195.56307983398438,198.0,84072489.0,6147,6147.TWO
2026-05-11,194.08154296875,196.5,65770161.0,6147,6147.TWO
2026-05-12,193.5876922607422,196.0,31454935.0,6147,6147.TWO
2026-05-13,189.6369171142578,192.0,34208880.0,6147,6147.TWO
2026-05-14,184.20462036132812,186.5,29986528.0,6147,6147.TWO
2026-05-15,202.47691345214844,205.0,81595091.0,6147,6147.TWO
2026-05-18,204.45230102539062,207.0,102083985.0,6147,6147.TWO
2026-05-19,200.0076904296875,202.5,79732896.0,6147,6147.TWO
2026-05-20,212.84768676757812,215.5,72291637.0,6147,6147.TWO
2026-05-21,219.76153564453125,222.5,81358486.0,6147,6147.TWO
2026-05-22,212.84768676757812,215.5,60682066.0,6147,6147.TWO
2026-05-25,234.08306884765625,237.0,53375273.0,6147,6147.TWO
2026-05-26,257.2938537597656,260.5,42190197.0,6147,6147.TWO
2026-05-27,261.73846435546875,265.0,80939555.0,6147,6147.TWO
2026-05-28,274.5784606933594,278.0,96626129.0,6147,6147.TWO
2026-05-29,301.739990234375,305.5,39083797.0,6147,6147.TWO
2026-06-01,281.98614501953125,285.5,86243587.0,6147,6147.TWO
2026-06-02,277.5415344238281,281.0,67522340.0,6147,6147.TWO
2026-06-03,271.6153869628906,275.0,72997272.0,6147,6147.TWO
2026-06-04,267.66461181640625,271.0,44631422.0,6147,6147.TWO
2026-06-05,266.6769104003906,270.0,48178351.0,6147,6147.TWO
2026-06-08,240.0092315673828,243.0,12712685.0,6147,6147.TWO
2026-06-09,247.9107666015625,251.0,57387915.0,6147,6147.TWO
2026-06-10,223.2184600830078,226.0,59248144.0,6147,6147.TWO
2026-06-11,219.76153564453125,222.5,56612987.0,6147,6147.TWO
2026-06-12,221.24307250976562,224.0,34765545.0,6147,6147.TWO
2026-06-15,231.6138458251953,234.5,26506062.0,6147,6147.TWO
2026-06-16,224.6999969482422,227.5,28885367.0,6147,6147.TWO
2026-06-17,229.5,229.5,23717286.0,6147,6147.TWO
2026-06-18,252.0,252.0,25915908.0,6147,6147.TWO
2026-06-22,277.0,277.0,10168960.0,6147,6147.TWO
2026-06-23,258.0,258.0,50258484.0,6147,6147.TWO
2026-06-24,249.0,249.0,29790613.0,6147,6147.TWO
2026-06-25,240.5,240.5,29911885.0,6147,6147.TWO
2026-06-26,216.5,216.5,36733046.0,6147,6147.TWO
2026-06-29,211.0,211.0,21287247.0,6147,6147.TWO
2026-06-30,211.5,211.5,29740051.0,6147,6147.TWO
2026-07-01,219.0,219.0,44184230.0,6147,6147.TWO
2026-07-02,211.5,211.5,35531937.0,6147,6147.TWO
2026-07-03,215.5,215.5,28712090.0,6147,6147.TWO
2026-07-06,217.0,217.0,40701371.0,6147,6147.TWO
2026-07-07,200.0,200.0,35004180.0,6147,6147.TWO
2026-07-08,199.5,199.5,16124979.0,6147,6147.TWO
2026-07-09,217.0,217.0,41842597.0,6147,6147.TWO
2026-07-10,217.0,217.0,0.0,6147,6147.TWO
2026-07-13,198.0,198.0,40882640.0,6147,6147.TWO
2026-07-14,186.0,186.0,27956405.0,6147,6147.TWO
2026-07-15,204.5,204.5,25047257.0,6147,6147.TWO
2026-07-16,198.0,198.0,20244575.0,6147,6147.TWO
2026-07-17,178.5,178.5,24481409.0,6147,6147.TWO
2026-07-20,164.0,164.0,31346973.0,6147,6147.TWO
2026-07-21,173.0,173.0,22735039.0,6147,6147.TWO
2026-07-22,190.0,190.0,22962454.0,6147,6147.TWO
2026-07-23,175.5,175.5,32316866.0,6147,6147.TWO
2026-07-24,158.0,158.0,6678820.0,6147,6147.TWO
2026-07-27,155.0,155.0,85356808.0,6147,6147.TWO
2026-07-28,139.5,139.5,29011375.0,6147,6147.TWO
2026-07-29,126.0,126.0,28856275.0,6147,6147.TWO
2026-07-30,118.5,118.5,38830908.0,6147,6147.TWO
2026-07-31,130.0,130.0,20425750.0,6147,6147.TWO
2025-05-27,162.78146362304688,165.0,10703509.0,4979,4979.TWO
2025-05-28,158.83523559570312,161.0,7604170.0,4979,4979.TWO
2025-05-29,161.30162048339844,163.5,7970462.0,4979,4979.TWO
2025-06-02,157.84869384765625,160.0,8791698.0,4979,4979.TWO
2025-06-03,152.91590881347656,155.0,16621009.0,4979,4979.TWO
2025-06-04,157.3554229736328,159.5,7490898.0,4979,4979.TWO
2025-06-05,157.3554229736328,159.5,6531703.0,4979,4979.TWO
2025-06-06,154.395751953125,156.5,9585387.0,4979,4979.TWO
2025-06-09,152.91590881347656,155.0,10680616.0,4979,4979.TWO
2025-06-10,165.7411346435547,168.0,14459381.0,4979,4979.TWO
2025-06-11,182.01927185058594,184.5,48466033.0,4979,4979.TWO
2025-06-12,180.04615783691406,182.5,45556515.0,4979,4979.TWO
2025-06-13,174.1268310546875,176.5,16816365.0,4979,4979.TWO
2025-06-16,183.4990997314453,186.0,42531127.0,4979,4979.TWO
2025-06-17,188.92515563964844,191.5,50582788.0,4979,4979.TWO
2025-06-18,189.9116973876953,192.5,26644444.0,4979,4979.TWO
2025-06-19,189.9116973876953,192.5,51975123.0,4979,4979.TWO
2025-06-20,182.51254272460938,185.0,28523897.0,4979,4979.TWO
2025-06-23,182.01927185058594,184.5,23349529.0,4979,4979.TWO
2025-06-24,183.9923858642578,186.5,33598426.0,4979,4979.TWO
2025-06-25,178.5663299560547,181.0,15723002.0,4979,4979.TWO
2025-06-26,181.5260009765625,184.0,18418346.0,4979,4979.TWO
2025-06-27,185.4722137451172,188.0,12203642.0,4979,4979.TWO
2025-06-30,177.57977294921875,180.0,11621958.0,4979,4979.TWO
2025-07-01,181.5260009765625,184.0,18622210.0,4979,4979.TWO
2025-07-02,180.53944396972656,183.0,10033980.0,4979,4979.TWO
2025-07-03,180.53944396972656,183.0,7874143.0,4979,4979.TWO
2025-07-04,190.89825439453125,193.5,57660807.0,4979,4979.TWO
2025-07-07,182.51254272460938,185.0,30178566.0,4979,4979.TWO
2025-07-08,182.01927185058594,184.5,17530324.0,4979,4979.TWO
2025-07-09,185.96548461914062,188.5,16483804.0,4979,4979.TWO
2025-07-10,193.85792541503906,196.5,42233564.0,4979,4979.TWO
2025-07-11,191.39154052734375,194.0,42361751.0,4979,4979.TWO
2025-07-14,187.4453125,190.0,15142119.0,4979,4979.TWO
2025-07-15,195.33775329589844,198.0,23572075.0,4979,4979.TWO
2025-07-16,193.85792541503906,196.5,17674847.0,4979,4979.TWO
2025-07-17,189.41844177246094,192.0,14194465.0,4979,4979.TWO
2025-07-18,195.33775329589844,198.0,22505613.0,4979,4979.TWO
2025-07-21,191.39154052734375,194.0,24482009.0,4979,4979.TWO
2025-07-22,181.03271484375,183.5,13375002.0,4979,4979.TWO
2025-07-23,182.51254272460938,185.0,6174115.0,4979,4979.TWO
2025-07-24,186.53639221191406,187.5,11138104.0,4979,4979.TWO
2025-07-25,191.5106964111328,192.5,11058177.0,4979,4979.TWO
2025-07-28,194.99270629882812,196.0,11866805.0,4979,4979.TWO
2025-07-29,190.01840209960938,191.0,11328407.0,4979,4979.TWO
2025-07-30,186.03897094726562,187.0,7810653.0,4979,4979.TWO
2025-07-31,196.48500061035156,197.5,32358328.0,4979,4979.TWO
2025-08-04,189.02354431152344,190.0,8885284.0,4979,4979.TWO
2025-08-05,187.03382873535156,188.0,9438110.0,4979,4979.TWO
2025-08-06,184.5466766357422,185.5,8784191.0,4979,4979.TWO
2025-08-07,184.0492401123047,185.0,9550572.0,4979,4979.TWO
2025-08-08,186.53639221191406,187.5,13269214.0,4979,4979.TWO
2025-08-11,184.5466766357422,185.5,6127590.0,4979,4979.TWO
2025-08-12,188.526123046875,189.5,25789406.0,4979,4979.TWO
2025-08-13,191.01327514648438,192.0,18768823.0,4979,4979.TWO
2025-08-14,209.91561889648438,211.0,56258432.0,4979,4979.TWO
2025-08-15,204.4438934326172,205.5,56415979.0,4979,4979.TWO
2025-08-18,206.93104553222656,208.0,28785299.0,4979,4979.TWO
2025-08-19,200.9618682861328,202.0,17970282.0,4979,4979.TWO
2025-08-20,188.526123046875,189.5,13917597.0,4979,4979.TWO
2025-08-21,191.01327514648438,192.0,18311243.0,4979,4979.TWO
2025-08-22,191.01327514648438,192.0,20104518.0,4979,4979.TWO
2025-08-25,197.977294921875,199.0,18356919.0,4979,4979.TWO
2025-08-26,198.97215270996094,200.0,15707949.0,4979,4979.TWO
2025-08-27,205.93617248535156,207.0,29841867.0,4979,4979.TWO
2025-08-28,201.9567413330078,203.0,19841170.0,4979,4979.TWO
2025-08-29,203.9464569091797,205.0,22047467.0,4979,4979.TWO
2025-09-01,199.46958923339844,200.5,17713955.0,4979,4979.TWO
2025-09-02,197.4798583984375,198.5,13649732.0,4979,4979.TWO
2025-09-03,203.9464569091797,205.0,9191758.0,4979,4979.TWO
2025-09-04,197.4798583984375,198.5,13975312.0,4979,4979.TWO
2025-09-05,199.96701049804688,201.0,9720426.0,4979,4979.TWO
2025-09-08,207.9259033203125,209.0,19975798.0,4979,4979.TWO
2025-09-09,203.4490203857422,204.5,11138615.0,4979,4979.TWO
2025-09-10,203.9464569091797,205.0,11804454.0,4979,4979.TWO
2025-09-11,204.4438934326172,205.5,12300909.0,4979,4979.TWO
2025-09-12,204.4438934326172,205.5,30733164.0,4979,4979.TWO
2025-09-15,199.96701049804688,201.0,7919178.0,4979,4979.TWO
2025-09-16,196.98243713378906,198.0,6003820.0,4979,4979.TWO
2025-09-17,201.9567413330078,203.0,10143665.0,4979,4979.TWO
2025-09-18,199.96701049804688,201.0,5800148.0,4979,4979.TWO
2025-09-19,209.41819763183594,210.5,31807975.0,4979,4979.TWO
2025-09-22,228.81797790527344,230.0,54288872.0,4979,4979.TWO
2025-09-23,223.3462371826172,224.5,34875844.0,4979,4979.TWO
2025-09-24,218.86936950683594,220.0,16727548.0,4979,4979.TWO
2025-09-25,216.38221740722656,217.5,20250602.0,4979,4979.TWO
2025-09-26,208.42332458496094,209.5,15838975.0,4979,4979.TWO
2025-09-30,214.88992309570312,216.0,10832777.0,4979,4979.TWO
2025-10-01,208.92076110839844,210.0,13444850.0,4979,4979.TWO
2025-10-02,212.90020751953125,214.0,15539861.0,4979,4979.TWO
2025-10-03,210.9104766845703,212.0,7059450.0,4979,4979.TWO
2025-10-07,215.38735961914062,216.5,7584385.0,4979,4979.TWO
2025-10-08,211.4079132080078,212.5,6303574.0,4979,4979.TWO
2025-10-09,203.4490203857422,204.5,9115715.0,4979,4979.TWO
2025-10-13,186.03897094726562,187.0,18236570.0,4979,4979.TWO
2025-10-14,178.080078125,179.0,9999263.0,4979,4979.TWO
2025-10-15,179.07493591308594,180.0,5063715.0,4979,4979.TWO
2025-10-16,182.55694580078125,183.5,5255701.0,4979,4979.TWO
2025-10-17,182.0595245361328,183.0,4065711.0,4979,4979.TWO
2025-10-20,190.51583862304688,191.5,15918114.0,4979,4979.TWO
2025-10-21,192.50555419921875,193.5,6690801.0,4979,4979.TWO
2025-10-22,191.01327514648438,192.0,4840271.0,4979,4979.TWO
2025-10-23,187.03382873535156,188.0,2572537.0,4979,4979.TWO
2025-10-27,189.02354431152344,190.0,3924391.0,4979,4979.TWO
2025-10-28,207.9259033203125,209.0,23621670.0,4979,4979.TWO
2025-10-29,211.4079132080078,212.5,32216882.0,4979,4979.TWO
2025-10-30,199.96701049804688,201.0,24156729.0,4979,4979.TWO
2025-10-31,202.95159912109375,204.0,9609382.0,4979,4979.TWO
2025-11-03,206.43360900878906,207.5,7196337.0,4979,4979.TWO
2025-11-04,195.98756408691406,197.0,7746586.0,4979,4979.TWO
2025-11-05,191.01327514648438,192.0,6392795.0,4979,4979.TWO
2025-11-06,193.00299072265625,194.0,4670061.0,4979,4979.TWO
2025-11-07,193.9978485107422,195.0,8602634.0,4979,4979.TWO
2025-11-10,192.0081329345703,193.0,3797430.0,4979,4979.TWO
2025-11-11,190.51583862304688,191.5,7498212.0,4979,4979.TWO
2025-11-12,194.4952850341797,195.5,3763183.0,4979,4979.TWO
2025-11-13,203.9464569091797,205.0,18302610.0,4979,4979.TWO
2025-11-14,195.49014282226562,196.5,8718382.0,4979,4979.TWO
2025-11-17,203.9464569091797,205.0,12344968.0,4979,4979.TWO
2025-11-18,191.5106964111328,192.5,15715442.0,4979,4979.TWO
2025-11-19,186.03897094726562,187.0,6310959.0,4979,4979.TWO
2025-11-20,196.98243713378906,198.0,10243547.0,4979,4979.TWO
2025-11-21,191.01327514648438,192.0,8566575.0,4979,4979.TWO
2025-11-24,198.47471618652344,199.5,14673841.0,4979,4979.TWO
2025-11-25,201.9567413330078,203.0,18802468.0,4979,4979.TWO
2025-11-26,206.93104553222656,208.0,35473853.0,4979,4979.TWO
2025-11-27,222.84881591796875,224.0,53950346.0,4979,4979.TWO
2025-11-28,234.28970336914062,235.5,59007388.0,4979,4979.TWO
2025-12-01,236.27943420410156,237.5,28052578.0,4979,4979.TWO
2025-12-02,231.3051300048828,232.5,16945532.0,4979,4979.TWO
2025-12-03,237.771728515625,239.0,45250886.0,4979,4979.TWO
2025-12-04,234.28970336914062,235.5,17635082.0,4979,4979.TWO
2025-12-05,238.26914978027344,239.5,15203311.0,4979,4979.TWO
2025-12-08,245.23318481445312,246.5,22216474.0,4979,4979.TWO
2025-12-09,256.674072265625,258.0,48689861.0,4979,4979.TWO
2025-12-10,259.1612243652344,260.5,30660198.0,4979,4979.TWO
2025-12-11,252.19720458984375,253.5,52380305.0,4979,4979.TWO
2025-12-12,259.1612243652344,260.5,24750578.0,4979,4979.TWO
2025-12-15,253.6894989013672,255.0,14850222.0,4979,4979.TWO
2025-12-16,248.21775817871094,249.5,20854296.0,4979,4979.TWO
2025-12-17,243.7408905029297,245.0,15267851.0,4979,4979.TWO
2025-12-18,237.771728515625,239.0,9118445.0,4979,4979.TWO
2025-12-19,240.7563018798828,242.0,20793967.0,4979,4979.TWO
2025-12-22,263.6380920410156,265.0,27293351.0,4979,4979.TWO
2025-12-23,290.0019226074219,291.5,53685796.0,4979,4979.TWO
2025-12-24,292.98651123046875,294.5,53729989.0,4979,4979.TWO
2025-12-26,301.44281005859375,303.0,31440519.0,4979,4979.TWO
2025-12-29,294.4787902832031,296.0,18073938.0,4979,4979.TWO
2025-12-30,311.88885498046875,313.5,28499191.0,4979,4979.TWO
2025-12-31,323.8271789550781,325.5,34970730.0,4979,4979.TWO
2026-01-02,325.81689453125,327.5,24240070.0,4979,4979.TWO
2026-01-05,315.8682861328125,317.5,17804874.0,4979,4979.TWO
2026-01-06,296.9659423828125,298.5,21608960.0,4979,4979.TWO
2026-01-07,293.4839172363281,295.0,21102630.0,4979,4979.TWO
2026-01-08,307.4119873046875,309.0,23263555.0,4979,4979.TWO
2026-01-09,296.468505859375,298.0,23327651.0,4979,4979.TWO
2026-01-12,289.0070495605469,290.5,19204891.0,4979,4979.TWO
2026-01-13,271.59698486328125,273.0,22715251.0,4979,4979.TWO
2026-01-14,278.5610046386719,280.0,14079289.0,4979,4979.TWO
2026-01-15,276.0738525390625,277.5,6780323.0,4979,4979.TWO
2026-01-16,272.09442138671875,273.5,10237782.0,4979,4979.TWO
2026-01-19,263.14068603515625,264.5,12703465.0,4979,4979.TWO
2026-01-20,289.0070495605469,290.5,27728769.0,4979,4979.TWO
2026-01-21,292.98651123046875,294.5,49654457.0,4979,4979.TWO
2026-01-22,286.0224609375,287.5,22926923.0,4979,4979.TWO
2026-01-23,290.0019226074219,291.5,12863162.0,4979,4979.TWO
2026-01-26,284.5301818847656,286.0,16276774.0,4979,4979.TWO
2026-01-27,291.49420166015625,293.0,34426269.0,4979,4979.TWO
2026-01-28,320.34515380859375,322.0,52707565.0,4979,4979.TWO
2026-01-29,332.7809143066406,334.5,68177159.0,4979,4979.TWO
2026-01-30,314.3760070800781,316.0,29689594.0,4979,4979.TWO
2026-02-02,317.8580017089844,319.5,26023699.0,4979,4979.TWO
2026-02-03,312.38629150390625,314.0,29289090.0,4979,4979.TWO
2026-02-04,326.3143310546875,328.0,20574972.0,4979,4979.TWO
2026-02-05,317.360595703125,319.0,23426763.0,4979,4979.TWO
2026-02-06,316.8631591796875,318.5,20258972.0,4979,4979.TWO
2026-02-09,336.7603759765625,338.5,36489556.0,4979,4979.TWO
2026-02-10,331.78607177734375,333.5,44725414.0,4979,4979.TWO
2026-02-11,323.3297424316406,325.0,14120857.0,4979,4979.TWO
2026-02-23,355.6627197265625,357.5,24984157.0,4979,4979.TWO
2026-02-24,390.98028564453125,393.0,16234037.0,4979,4979.TWO
2026-02-25,402.9186096191406,405.0,26711965.0,4979,4979.TWO
2026-02-26,419.33380126953125,421.5,30871771.0,4979,4979.TWO
2026-03-02,460.12310791015625,462.5,25806993.0,4979,4979.TWO
2026-03-03,462.1128234863281,464.5,6978976.0,4979,4979.TWO
2026-03-04,416.3492431640625,418.5,4233413.0,4979,4979.TWO
2026-03-05,397.9443054199219,400.0,7212884.0,4979,4979.TWO
2026-03-06,377.05224609375,379.0,4486166.0,4979,4979.TWO
2026-03-09,339.7449645996094,341.5,1221821.0,4979,4979.TWO
2026-03-10,347.2064208984375,349.0,3973240.0,4979,4979.TWO
2026-03-11,381.52911376953125,383.5,2732380.0,4979,4979.TWO
2026-03-12,385.508544921875,387.5,3752242.0,4979,4979.TWO
2026-03-13,399.43658447265625,401.5,3606989.0,4979,4979.TWO
2026-03-16,424.8055419921875,427.0,3936210.0,4979,4979.TWO
2026-03-17,392.9700012207031,395.0,25816011.0,4979,4979.TWO
2026-03-18,381.03167724609375,383.0,26658270.0,4979,4979.TWO
2026-03-19,389.48797607421875,391.5,25381990.0,4979,4979.TWO
2026-03-20,402.4211730957031,404.5,27440912.0,4979,4979.TWO
2026-03-23,378.0470886230469,380.0,21420667.0,4979,4979.TWO
2026-03-24,385.0111083984375,387.0,15368523.0,4979,4979.TWO
2026-03-25,423.3132629394531,425.5,15007537.0,4979,4979.TWO
2026-03-26,408.8877868652344,411.0,32163744.0,4979,4979.TWO
2026-03-27,394.4622802734375,396.5,1905990.0,4979,4979.TWO
2026-03-30,377.05224609375,379.0,1921925.0,4979,4979.TWO
2026-03-31,339.7449645996094,341.5,1871705.0,4979,4979.TWO
2026-04-01,373.5702209472656,375.5,1240029.0,4979,4979.TWO
2026-04-02,382.02655029296875,384.0,1219642.0,4979,4979.TWO
2026-04-07,402.4211730957031,404.5,1119623.0,4979,4979.TWO
2026-04-08,419.33380126953125,421.5,1937964.0,4979,4979.TWO
2026-04-09,426.7952575683594,429.0,1962431.0,4979,4979.TWO
2026-04-10,447.1899108886719,449.5,3703139.0,4979,4979.TWO
2026-04-13,462.6102600097656,465.0,2770097.0,4979,4979.TWO
2026-04-14,482.5074768066406,485.0,24950808.0,4979,4979.TWO
2026-04-15,530.2608032226562,533.0,12534482.0,4979,4979.TWO
2026-04-16,582.9884033203125,586.0,32253460.0,4979,4979.TWO
2026-04-17,640.6903076171875,644.0,4292397.0,4979,4979.TWO
2026-04-20,704.3614501953125,708.0,9292797.0,4979,4979.TWO
2026-04-21,651.6337890625,655.0,4567639.0,4979,4979.TWO
2026-04-22,625.7673950195312,629.0,2793153.0,4979,4979.TWO
2026-04-23,564.0860595703125,567.0,4359617.0,4979,4979.TWO
2026-04-24,600.8958740234375,604.0,3856224.0,4979,4979.TWO
2026-04-27,543.1939697265625,546.0,2490036.0,4979,4979.TWO
2026-04-28,558.1168823242188,561.0,1825091.0,4979,4979.TWO
2026-04-29,557.1220092773438,560.0,1172376.0,4979,4979.TWO
2026-04-30,605.8701782226562,609.0,1606230.0,4979,4979.TWO
2026-05-04,665.5618286132812,669.0,1688629.0,4979,4979.TWO
2026-05-05,714.31005859375,718.0,1536974.0,4979,4979.TWO
2026-05-06,699.3871459960938,703.0,19327781.0,4979,4979.TWO
2026-05-07,696.4025268554688,700.0,15477254.0,4979,4979.TWO
2026-05-08,656.6080932617188,660.0,13301191.0,4979,4979.TWO
2026-05-11,668.5464477539062,672.0,13216463.0,4979,4979.TWO
2026-05-12,655.6132202148438,659.0,18673400.0,4979,4979.TWO
2026-05-13,596.9164428710938,600.0,2898460.0,4979,4979.TWO
2026-05-14,585.9730224609375,589.0,1222377.0,4979,4979.TWO
2026-05-15,528.2710571289062,531.0,2572167.0,4979,4979.TWO
2026-05-18,548.1682739257812,551.0,1368654.0,4979,4979.TWO
2026-05-19,520.3121948242188,523.0,872804.0,4979,4979.TWO
2026-05-20,559.1117553710938,562.0,1056931.0,4979,4979.TWO
2026-05-21,589.9524536132812,593.0,1023512.0,4979,4979.TWO
2026-05-22,626.7622680664062,630.0,1072038.0,4979,4979.TWO
2026-05-25,651.6337890625,655.0,1255283.0,4979,4979.TWO
2026-05-26,676.5053100585938,680.0,1400461.0,4979,4979.TWO
2026-05-27,624.7725830078125,628.0,15597779.0,4979,4979.TWO
2026-05-28,600.8958740234375,604.0,9372277.0,4979,4979.TWO
2026-05-29,620.7930908203125,624.0,9264820.0,4979,4979.TWO
2026-06-01,646.6594848632812,650.0,8886342.0,4979,4979.TWO
2026-06-02,626.7622680664062,630.0,15796598.0,4979,4979.TWO
2026-06-03,633.726318359375,637.0,1612941.0,4979,4979.TWO
2026-06-04,586.9678344726562,590.0,1268671.0,4979,4979.TWO
2026-06-05,592.93701171875,596.0,1260746.0,4979,4979.TWO
2026-06-08,534.240234375,537.0,655735.0,4979,4979.TWO
2026-06-09,557.1220092773438,560.0,805639.0,4979,4979.TWO
2026-06-10,501.4098205566406,504.0,1405541.0,4979,4979.TWO
2026-06-11,470.56915283203125,473.0,1756040.0,4979,4979.TWO
2026-06-12,498.42523193359375,501.0,1112661.0,4979,4979.TWO
2026-06-15,547.1734008789062,550.0,885638.0,4979,4979.TWO
2026-06-16,565.0809326171875,568.0,1133862.0,4979,4979.TWO
2026-06-17,543.1939697265625,546.0,6620213.0,4979,4979.TWO
2026-06-18,564.0860595703125,567.0,7435778.0,4979,4979.TWO
2026-06-22,549.1631469726562,552.0,6489070.0,4979,4979.TWO
2026-06-23,522.3018798828125,525.0,5373964.0,4979,4979.TWO
2026-06-24,497.4303894042969,500.0,6988922.0,4979,4979.TWO
2026-06-25,473.0563049316406,475.5,8011101.0,4979,4979.TWO
2026-06-26,456.6410827636719,459.0,8713800.0,4979,4979.TWO
2026-06-29,454.1539306640625,456.5,6062644.0,4979,4979.TWO
2026-06-30,471.5639953613281,474.0,5064286.0,4979,4979.TWO
2026-07-01,448.1847839355469,450.5,6738338.0,4979,4979.TWO
2026-07-02,442.7130432128906,445.0,5332032.0,4979,4979.TWO
2026-07-03,466.09228515625,468.5,10253620.0,4979,4979.TWO
2026-07-06,454.6513671875,457.0,5531698.0,4979,4979.TWO
2026-07-07,425.8004150390625,428.0,8830627.0,4979,4979.TWO
2026-07-08,432.2669982910156,434.5,7036773.0,4979,4979.TWO
2026-07-09,430.27728271484375,432.5,2910525.0,4979,4979.TWO
2026-07-10,430.27728271484375,432.5,0.0,4979,4979.TWO
2026-07-13,416.8466491699219,419.0,4377518.0,4979,4979.TWO
2026-07-14,403.0,403.0,6482869.0,4979,4979.TWO
2026-07-15,410.0,410.0,4124546.0,4979,4979.TWO
2026-07-16,392.0,392.0,4876811.0,4979,4979.TWO
2026-07-17,356.0,356.0,6533459.0,4979,4979.TWO
2026-07-20,340.0,340.0,6398020.0,4979,4979.TWO
2026-07-21,357.0,357.0,4586428.0,4979,4979.TWO
2026-07-22,379.0,379.0,8464282.0,4979,4979.TWO
2026-07-23,407.5,407.5,13358365.0,4979,4979.TWO
2026-07-24,426.5,426.5,24990774.0,4979,4979.TWO
2026-07-27,448.5,448.5,35111777.0,4979,4979.TWO
2026-07-28,427.0,427.0,32980954.0,4979,4979.TWO
2026-07-29,384.5,384.5,17543201.0,4979,4979.TWO
2026-07-30,346.5,346.5,2291261.0,4979,4979.TWO
2026-07-31,370.0,370.0,2626624.0,4979,4979.TWO
2025-05-27,175.30435180664062,180.0,3602380.0,3376,3376.TW
2025-05-28,171.89566040039062,176.5,3501137.0,3376,3376.TW
2025-05-29,175.30435180664062,180.0,3748522.0,3376,3376.TW
2025-06-02,168.9739227294922,173.5,3433517.0,3376,3376.TW
2025-06-03,169.46087646484375,174.0,2434086.0,3376,3376.TW
2025-06-04,170.92173767089844,175.5,2141319.0,3376,3376.TW
2025-06-05,182.1217498779297,187.0,12701515.0,3376,3376.TW
2025-06-06,179.20001220703125,184.0,5619415.0,3376,3376.TW
2025-06-09,173.3565216064453,178.0,5444392.0,3376,3376.TW
2025-06-10,178.22608947753906,183.0,6660991.0,3376,3376.TW
2025-06-11,186.5043487548828,191.5,16650944.0,3376,3376.TW
2025-06-12,185.04348754882812,190.0,5774581.0,3376,3376.TW
2025-06-13,182.60870361328125,187.5,7543276.0,3376,3376.TW
2025-06-16,179.6869659423828,184.5,4300226.0,3376,3376.TW
2025-06-17,177.7391357421875,182.5,3744155.0,3376,3376.TW
2025-06-18,195.2695770263672,200.5,22685173.0,3376,3376.TW
2025-06-19,214.74783325195312,220.5,44888224.0,3376,3376.TW
2025-06-20,212.31304931640625,218.0,85469404.0,3376,3376.TW
2025-06-23,209.87826538085938,215.5,27002497.0,3376,3376.TW
2025-06-24,219.61740112304688,225.5,23809597.0,3376,3376.TW
2025-06-25,213.28695678710938,219.0,18539441.0,3376,3376.TW
2025-06-26,216.20870971679688,222.0,17587147.0,3376,3376.TW
2025-06-27,213.77392578125,219.5,8726253.0,3376,3376.TW
2025-06-30,208.90435791015625,214.5,10295227.0,3376,3376.TW
2025-07-01,207.4434814453125,213.0,7553153.0,3376,3376.TW
2025-07-02,205.9826202392578,211.5,6293496.0,3376,3376.TW
2025-07-03,207.4434814453125,213.0,17747060.0,3376,3376.TW
2025-07-04,202.57391357421875,208.0,7914745.0,3376,3376.TW
2025-07-07,201.11305236816406,206.5,5277067.0,3376,3376.TW
2025-07-08,200.6260986328125,206.0,5178474.0,3376,3376.TW
2025-07-09,205.00869750976562,210.5,5056294.0,3376,3376.TW
2025-07-10,206.46957397460938,212.0,5462066.0,3376,3376.TW
2025-07-11,207.93043518066406,213.5,3732315.0,3376,3376.TW
2025-07-14,200.6260986328125,206.0,3223674.0,3376,3376.TW
2025-07-15,204.0347900390625,209.5,2375237.0,3376,3376.TW
2025-07-16,202.0869598388672,207.5,4757085.0,3376,3376.TW
2025-07-17,208.90435791015625,214.5,13948709.0,3376,3376.TW
2025-07-18,229.3565216064453,235.5,22338312.0,3376,3376.TW
2025-07-21,230.81739807128906,237.0,31921862.0,3376,3376.TW
2025-07-22,224.48696899414062,230.5,12187083.0,3376,3376.TW
2025-07-23,235.20001220703125,241.5,19991866.0,3376,3376.TW
2025-07-24,237.63479614257812,244.0,11768408.0,3376,3376.TW
2025-07-25,231.7913055419922,238.0,9020747.0,3376,3376.TW
2025-07-28,228.3826141357422,234.5,5501643.0,3376,3376.TW
2025-07-29,227.89566040039062,234.0,5320231.0,3376,3376.TW
2025-07-30,228.86956787109375,235.0,2452010.0,3376,3376.TW
2025-07-31,229.3565216064453,235.5,3438931.0,3376,3376.TW
2025-08-04,223.02609252929688,229.0,3536349.0,3376,3376.TW
2025-08-05,224.0,230.0,5865443.0,3376,3376.TW
2025-08-06,240.5,240.5,16145329.0,3376,3376.TW
2025-08-07,237.5,237.5,9537145.0,3376,3376.TW
2025-08-08,233.5,233.5,4792692.0,3376,3376.TW
2025-08-11,229.5,229.5,4207887.0,3376,3376.TW
2025-08-12,226.0,226.0,3399845.0,3376,3376.TW
2025-08-13,231.0,231.0,5890992.0,3376,3376.TW
2025-08-14,238.0,238.0,13094037.0,3376,3376.TW
2025-08-15,234.0,234.0,4972352.0,3376,3376.TW
2025-08-18,234.0,234.0,4009341.0,3376,3376.TW
2025-08-19,229.0,229.0,5185367.0,3376,3376.TW
2025-08-20,220.0,220.0,5356269.0,3376,3376.TW
2025-08-21,221.0,221.0,3619843.0,3376,3376.TW
2025-08-22,217.5,217.5,5122063.0,3376,3376.TW
2025-08-25,239.0,239.0,11550932.0,3376,3376.TW
2025-08-26,238.0,238.0,13204594.0,3376,3376.TW
2025-08-27,245.0,245.0,5723158.0,3376,3376.TW
2025-08-28,259.0,259.0,17232102.0,3376,3376.TW
2025-08-29,264.0,264.0,9767482.0,3376,3376.TW
2025-09-01,238.0,238.0,14695722.0,3376,3376.TW
2025-09-02,231.5,231.5,5987921.0,3376,3376.TW
2025-09-03,230.5,230.5,2946716.0,3376,3376.TW
2025-09-04,230.5,230.5,3321441.0,3376,3376.TW
2025-09-05,234.5,234.5,3825438.0,3376,3376.TW
2025-09-08,233.5,233.5,2196540.0,3376,3376.TW
2025-09-09,232.0,232.0,1830978.0,3376,3376.TW
2025-09-10,230.5,230.5,5794637.0,3376,3376.TW
2025-09-11,229.5,229.5,3933009.0,3376,3376.TW
2025-09-12,226.0,226.0,2206954.0,3376,3376.TW
2025-09-15,222.0,222.0,3920298.0,3376,3376.TW
2025-09-16,225.0,225.0,2741506.0,3376,3376.TW
2025-09-17,220.0,220.0,2832508.0,3376,3376.TW
2025-09-18,220.5,220.5,2101120.0,3376,3376.TW
2025-09-19,233.5,233.5,8851861.0,3376,3376.TW
2025-09-22,238.5,238.5,6684561.0,3376,3376.TW
2025-09-23,237.0,237.0,5129246.0,3376,3376.TW
2025-09-24,239.0,239.0,4211581.0,3376,3376.TW
2025-09-25,239.5,239.5,6237094.0,3376,3376.TW
2025-09-26,236.5,236.5,3934099.0,3376,3376.TW
2025-09-30,260.0,260.0,12031825.0,3376,3376.TW
2025-10-01,262.0,262.0,13632028.0,3376,3376.TW
2025-10-02,260.0,260.0,8221135.0,3376,3376.TW
2025-10-03,252.5,252.5,6121161.0,3376,3376.TW
2025-10-07,256.5,256.5,3380608.0,3376,3376.TW
2025-10-08,255.0,255.0,2553300.0,3376,3376.TW
2025-10-09,252.0,252.0,2566256.0,3376,3376.TW
2025-10-13,227.0,227.0,11262191.0,3376,3376.TW
2025-10-14,221.5,221.5,7303822.0,3376,3376.TW
2025-10-15,220.5,220.5,3215589.0,3376,3376.TW
2025-10-16,221.0,221.0,4552124.0,3376,3376.TW
2025-10-17,219.5,219.5,2833714.0,3376,3376.TW
2025-10-20,220.5,220.5,3631972.0,3376,3376.TW
2025-10-21,225.0,225.0,3405321.0,3376,3376.TW
2025-10-22,217.5,217.5,3780268.0,3376,3376.TW
2025-10-23,209.5,209.5,7680502.0,3376,3376.TW
2025-10-27,215.5,215.5,2943121.0,3376,3376.TW
2025-10-28,210.0,210.0,4160339.0,3376,3376.TW
2025-10-29,209.0,209.0,3525703.0,3376,3376.TW
2025-10-30,212.5,212.5,2073469.0,3376,3376.TW
2025-10-31,211.5,211.5,1741419.0,3376,3376.TW
2025-11-03,210.5,210.5,1034063.0,3376,3376.TW
2025-11-04,202.5,202.5,2422825.0,3376,3376.TW
2025-11-05,204.5,204.5,2226505.0,3376,3376.TW
2025-11-06,205.0,205.0,1630025.0,3376,3376.TW
2025-11-07,200.0,200.0,1857272.0,3376,3376.TW
2025-11-10,205.0,205.0,2992214.0,3376,3376.TW
2025-11-11,196.5,196.5,3082758.0,3376,3376.TW
2025-11-12,190.5,190.5,8751506.0,3376,3376.TW
2025-11-13,188.5,188.5,3550148.0,3376,3376.TW
2025-11-14,190.0,190.0,3096625.0,3376,3376.TW
2025-11-17,185.0,185.0,2618266.0,3376,3376.TW
2025-11-18,180.0,180.0,1835777.0,3376,3376.TW
2025-11-19,172.0,172.0,6458745.0,3376,3376.TW
2025-11-20,180.5,180.5,2946756.0,3376,3376.TW
2025-11-21,177.5,177.5,2619014.0,3376,3376.TW
2025-11-24,180.5,180.5,2612450.0,3376,3376.TW
2025-11-25,181.0,181.0,1274253.0,3376,3376.TW
2025-11-26,192.0,192.0,5901749.0,3376,3376.TW
2025-11-27,199.5,199.5,7448553.0,3376,3376.TW
2025-11-28,197.0,197.0,5265579.0,3376,3376.TW
2025-12-01,196.5,196.5,2685675.0,3376,3376.TW
2025-12-02,195.0,195.0,1325221.0,3376,3376.TW
2025-12-03,201.5,201.5,7448403.0,3376,3376.TW
2025-12-04,208.0,208.0,5344183.0,3376,3376.TW
2025-12-05,202.5,202.5,3152565.0,3376,3376.TW
2025-12-08,203.0,203.0,2375515.0,3376,3376.TW
2025-12-09,198.0,198.0,4345312.0,3376,3376.TW
2025-12-10,206.0,206.0,6238723.0,3376,3376.TW
2025-12-11,215.5,215.5,11189163.0,3376,3376.TW
2025-12-12,210.5,210.5,3601251.0,3376,3376.TW
2025-12-15,210.0,210.0,2252102.0,3376,3376.TW
2025-12-16,208.0,208.0,2987036.0,3376,3376.TW
2025-12-17,206.0,206.0,3780398.0,3376,3376.TW
2025-12-18,205.5,205.5,1328250.0,3376,3376.TW
2025-12-19,210.5,210.5,2256809.0,3376,3376.TW
2025-12-22,209.0,209.0,1993330.0,3376,3376.TW
2025-12-23,205.5,205.5,2915170.0,3376,3376.TW
2025-12-24,202.0,202.0,1897085.0,3376,3376.TW
2025-12-26,202.0,202.0,1434545.0,3376,3376.TW
2025-12-29,203.0,203.0,823587.0,3376,3376.TW
2025-12-30,203.0,203.0,1820346.0,3376,3376.TW
2025-12-31,202.5,202.5,1425593.0,3376,3376.TW
2026-01-02,204.5,204.5,2318382.0,3376,3376.TW
2026-01-05,207.5,207.5,4403789.0,3376,3376.TW
2026-01-06,223.5,223.5,9688196.0,3376,3376.TW
2026-01-07,223.0,223.0,12329397.0,3376,3376.TW
2026-01-08,223.0,223.0,8155608.0,3376,3376.TW
2026-01-09,228.5,228.5,12072963.0,3376,3376.TW
2026-01-12,234.0,234.0,8928401.0,3376,3376.TW
2026-01-13,222.0,222.0,5635184.0,3376,3376.TW
2026-01-14,218.0,218.0,2904432.0,3376,3376.TW
2026-01-15,215.0,215.0,2874239.0,3376,3376.TW
2026-01-16,218.0,218.0,3751193.0,3376,3376.TW
2026-01-19,227.5,227.5,4830022.0,3376,3376.TW
2026-01-20,234.5,234.5,14921313.0,3376,3376.TW
2026-01-21,230.0,230.0,19086803.0,3376,3376.TW
2026-01-22,224.0,224.0,9083137.0,3376,3376.TW
2026-01-23,226.5,226.5,5705405.0,3376,3376.TW
2026-01-26,225.0,225.0,4062803.0,3376,3376.TW
2026-01-27,222.5,222.5,4092896.0,3376,3376.TW
2026-01-28,219.0,219.0,5528142.0,3376,3376.TW
2026-01-29,206.0,206.0,8593728.0,3376,3376.TW
2026-01-30,210.0,210.0,4477223.0,3376,3376.TW
2026-02-02,205.5,205.5,3418271.0,3376,3376.TW
2026-02-03,203.0,203.0,6388356.0,3376,3376.TW
2026-02-04,213.5,213.5,8337978.0,3376,3376.TW
2026-02-05,204.0,204.0,5672574.0,3376,3376.TW
2026-02-06,198.5,198.5,5150403.0,3376,3376.TW
2026-02-09,199.0,199.0,1973078.0,3376,3376.TW
2026-02-10,193.5,193.5,3446240.0,3376,3376.TW
2026-02-11,192.5,192.5,2453227.0,3376,3376.TW
2026-02-23,200.0,200.0,3646075.0,3376,3376.TW
2026-02-24,201.5,201.5,2795397.0,3376,3376.TW
2026-02-25,201.5,201.5,4801887.0,3376,3376.TW
2026-02-26,207.0,207.0,6904513.0,3376,3376.TW
2026-03-02,215.5,215.5,6332371.0,3376,3376.TW
2026-03-03,211.0,211.0,9489364.0,3376,3376.TW
2026-03-04,192.0,192.0,8676900.0,3376,3376.TW
2026-03-05,193.0,193.0,4506861.0,3376,3376.TW
2026-03-06,195.0,195.0,2244090.0,3376,3376.TW
2026-03-09,190.0,190.0,6069335.0,3376,3376.TW
2026-03-10,197.5,197.5,2998594.0,3376,3376.TW
2026-03-11,195.5,195.5,4040504.0,3376,3376.TW
2026-03-12,199.0,199.0,3823214.0,3376,3376.TW
2026-03-13,197.0,197.0,1988543.0,3376,3376.TW
2026-03-16,216.5,216.5,12158232.0,3376,3376.TW
2026-03-17,224.0,224.0,17609800.0,3376,3376.TW
2026-03-18,221.0,221.0,6147118.0,3376,3376.TW
2026-03-19,230.5,230.5,11022984.0,3376,3376.TW
2026-03-20,223.5,223.5,10352866.0,3376,3376.TW
2026-03-23,204.0,204.0,6958485.0,3376,3376.TW
2026-03-24,214.5,214.5,8444121.0,3376,3376.TW
2026-03-25,217.5,217.5,9416061.0,3376,3376.TW
2026-03-26,210.0,210.0,4628047.0,3376,3376.TW
2026-03-27,207.5,207.5,5933534.0,3376,3376.TW
2026-03-30,205.0,205.0,1936285.0,3376,3376.TW
2026-03-31,191.0,191.0,5568021.0,3376,3376.TW
2026-04-01,196.0,196.0,3998720.0,3376,3376.TW
2026-04-02,187.5,187.5,4918995.0,3376,3376.TW
2026-04-07,206.0,206.0,6786808.0,3376,3376.TW
2026-04-08,211.5,211.5,9151446.0,3376,3376.TW
2026-04-09,208.0,208.0,4476728.0,3376,3376.TW
2026-04-10,206.5,206.5,2944535.0,3376,3376.TW
2026-04-13,198.0,198.0,5168160.0,3376,3376.TW
2026-04-14,198.5,198.5,5250731.0,3376,3376.TW
2026-04-15,192.0,192.0,8017151.0,3376,3376.TW
2026-04-16,195.0,195.0,3445975.0,3376,3376.TW
2026-04-17,195.0,195.0,2927494.0,3376,3376.TW
2026-04-20,204.0,204.0,7635745.0,3376,3376.TW
2026-04-21,224.0,224.0,13275383.0,3376,3376.TW
2026-04-22,222.5,222.5,14249838.0,3376,3376.TW
2026-04-23,215.0,215.0,13178265.0,3376,3376.TW
2026-04-24,213.0,213.0,10280879.0,3376,3376.TW
2026-04-27,207.5,207.5,6158511.0,3376,3376.TW
2026-04-28,205.0,205.0,2950444.0,3376,3376.TW
2026-04-29,205.0,205.0,3017114.0,3376,3376.TW
2026-04-30,204.0,204.0,3690600.0,3376,3376.TW
2026-05-04,209.0,209.0,3984364.0,3376,3376.TW
2026-05-05,205.5,205.5,2852255.0,3376,3376.TW
2026-05-06,205.0,205.0,4318699.0,3376,3376.TW
2026-05-07,215.0,215.0,7222852.0,3376,3376.TW
2026-05-08,202.5,202.5,6190054.0,3376,3376.TW
2026-05-11,206.5,206.5,3198234.0,3376,3376.TW
2026-05-12,204.0,204.0,2996009.0,3376,3376.TW
2026-05-13,200.0,200.0,3610023.0,3376,3376.TW
2026-05-14,196.5,196.5,4829985.0,3376,3376.TW
2026-05-15,192.5,192.5,4707783.0,3376,3376.TW
2026-05-18,205.5,205.5,5989126.0,3376,3376.TW
2026-05-19,204.5,204.5,8435831.0,3376,3376.TW
2026-05-20,202.5,202.5,3071307.0,3376,3376.TW
2026-05-21,209.5,209.5,6073959.0,3376,3376.TW
2026-05-22,210.0,210.0,5902289.0,3376,3376.TW
2026-05-25,220.5,220.5,13053081.0,3376,3376.TW
2026-05-26,219.0,219.0,4614181.0,3376,3376.TW
2026-05-27,212.0,212.0,5366568.0,3376,3376.TW
2026-05-28,205.0,205.0,4228673.0,3376,3376.TW
2026-05-29,202.5,202.5,6446063.0,3376,3376.TW
2026-06-01,215.0,215.0,8365890.0,3376,3376.TW
2026-06-02,211.5,211.5,3836142.0,3376,3376.TW
2026-06-03,226.5,226.5,13847424.0,3376,3376.TW
2026-06-04,215.5,215.5,6323508.0,3376,3376.TW
2026-06-05,237.0,237.0,14854401.0,3376,3376.TW
2026-06-08,236.5,236.5,34612152.0,3376,3376.TW
2026-06-09,235.0,235.0,33847265.0,3376,3376.TW
2026-06-10,211.5,211.5,19319468.0,3376,3376.TW
2026-06-11,203.5,203.5,8949506.0,3376,3376.TW
2026-06-12,200.5,200.5,7596523.0,3376,3376.TW
2026-06-15,203.0,203.0,4380165.0,3376,3376.TW
2026-06-16,200.0,200.0,4600327.0,3376,3376.TW
2026-06-17,197.5,197.5,5338019.0,3376,3376.TW
2026-06-18,205.0,205.0,3865631.0,3376,3376.TW
2026-06-22,209.0,209.0,5005978.0,3376,3376.TW
2026-06-23,202.5,202.5,5088221.0,3376,3376.TW
2026-06-24,201.0,201.0,3001302.0,3376,3376.TW
2026-06-25,200.5,200.5,8177275.0,3376,3376.TW
2026-06-26,194.5,194.5,6137594.0,3376,3376.TW
2026-06-29,194.5,194.5,3396996.0,3376,3376.TW
2026-06-30,199.0,199.0,2730159.0,3376,3376.TW
2026-07-01,195.0,195.0,4040825.0,3376,3376.TW
2026-07-02,194.0,194.0,2915508.0,3376,3376.TW
2026-07-03,204.5,204.5,12118015.0,3376,3376.TW
2026-07-06,199.0,199.0,3577652.0,3376,3376.TW
2026-07-07,194.5,194.5,2998405.0,3376,3376.TW
2026-07-08,197.0,197.0,2340054.0,3376,3376.TW
2026-07-09,194.0,194.0,1796725.0,3376,3376.TW
2026-07-10,194.0,194.0,0.0,3376,3376.TW
2026-07-13,194.0,194.0,1653459.0,3376,3376.TW
2026-07-14,197.5,197.5,3394069.0,3376,3376.TW
2026-07-15,199.5,199.5,3539189.0,3376,3376.TW
2026-07-16,194.5,194.5,1572051.0,3376,3376.TW
2026-07-17,187.0,187.0,3911992.0,3376,3376.TW
2026-07-20,186.5,186.5,2292734.0,3376,3376.TW
2026-07-21,189.5,189.5,1129296.0,3376,3376.TW
2026-07-22,191.5,191.5,1581264.0,3376,3376.TW
2026-07-23,191.5,191.5,1255358.0,3376,3376.TW
2026-07-24,185.5,185.5,2363854.0,3376,3376.TW
2026-07-27,184.5,184.5,2820387.0,3376,3376.TW
2026-07-28,179.5,179.5,2087651.0,3376,3376.TW
2026-07-29,169.0,169.0,5899925.0,3376,3376.TW
2026-07-30,160.0,160.0,5491666.0,3376,3376.TW
2026-07-31,171.0,171.0,2839845.0,3376,3376.TW
2025-05-27,97.23719787597656,102.5,4725591.0,4958,4958.TW
2025-05-28,98.66018676757812,104.0,4944851.0,4958,4958.TW
2025-05-29,97.7115249633789,103.0,4884160.0,4958,4958.TW
2025-06-02,97.23719787597656,102.5,4563359.0,4958,4958.TW
2025-06-03,98.18585968017578,103.5,3926511.0,4958,4958.TW
2025-06-04,101.03182983398438,106.5,5841554.0,4958,4958.TW
2025-06-05,100.5574951171875,106.0,2471120.0,4958,4958.TW
2025-06-06,101.03182983398438,106.5,2174436.0,4958,4958.TW
2025-06-09,101.50615692138672,107.0,3825486.0,4958,4958.TW
2025-06-10,101.03182983398438,106.5,3526350.0,4958,4958.TW
2025-06-11,101.50615692138672,107.0,3768076.0,4958,4958.TW
2025-06-12,100.31430053710938,101.0,6828218.0,4958,4958.TW
2025-06-13,99.81769561767578,100.5,7701938.0,4958,4958.TW
2025-06-16,98.327880859375,99.0,6289301.0,4958,4958.TW
2025-06-17,97.2353515625,97.9000015258789,7682158.0,4958,4958.TW
2025-06-18,98.52651977539062,99.19999694824219,5089709.0,4958,4958.TW
2025-06-19,97.03670501708984,97.69999694824219,2421613.0,4958,4958.TW
2025-06-20,96.44078063964844,97.0999984741211,4101337.0,4958,4958.TW
2025-06-23,96.24214172363281,96.9000015258789,4849035.0,4958,4958.TW
2025-06-24,99.02312469482422,99.69999694824219,6403259.0,4958,4958.TW
2025-06-25,99.32109069824219,100.0,5619280.0,4958,4958.TW
2025-06-26,98.02991485595703,98.69999694824219,4964114.0,4958,4958.TW
2025-06-27,99.81769561767578,100.5,4848621.0,4958,4958.TW
2025-06-30,99.81769561767578,100.5,4225746.0,4958,4958.TW
2025-07-01,99.32109069824219,100.0,3919145.0,4958,4958.TW
2025-07-02,101.80411529541016,102.5,5126348.0,4958,4958.TW
2025-07-03,103.29393768310547,104.0,7767973.0,4958,4958.TW
2025-07-04,102.30072021484375,103.0,3684800.0,4958,4958.TW
2025-07-07,106.77017211914062,107.5,28781174.0,4958,4958.TW
2025-07-08,108.756591796875,109.5,10293597.0,4958,4958.TW
2025-07-09,112.72943878173828,113.5,23611617.0,4958,4958.TW
2025-07-10,112.23283386230469,113.0,9628790.0,4958,4958.TW
2025-07-11,110.24641418457031,111.0,8973642.0,4958,4958.TW
2025-07-14,107.76338195800781,108.5,8512672.0,4958,4958.TW
2025-07-15,112.23283386230469,113.0,12114228.0,4958,4958.TW
2025-07-16,111.2396240234375,112.0,9572157.0,4958,4958.TW
2025-07-17,113.22604370117188,114.0,7401372.0,4958,4958.TW
2025-07-18,113.72264862060547,114.5,6192115.0,4958,4958.TW
2025-07-21,113.72264862060547,114.5,5060007.0,4958,4958.TW
2025-07-22,111.7362289428711,112.5,6296022.0,4958,4958.TW
2025-07-23,114.71585845947266,115.5,7312774.0,4958,4958.TW
2025-07-24,116.70228576660156,117.5,6370554.0,4958,4958.TW
2025-07-25,115.21246337890625,116.0,4650762.0,4958,4958.TW
2025-07-28,116.20567321777344,117.0,2746460.0,4958,4958.TW
2025-07-29,126.63439178466797,127.5,49131152.0,4958,4958.TW
2025-07-30,123.15814971923828,124.0,23471316.0,4958,4958.TW
2025-07-31,124.6479721069336,125.5,14644058.0,4958,4958.TW
2025-08-04,121.1717300415039,122.0,6700280.0,4958,4958.TW
2025-08-05,120.67512512207031,121.5,5889023.0,4958,4958.TW
2025-08-06,121.1717300415039,122.0,7103786.0,4958,4958.TW
2025-08-07,123.15814971923828,124.0,8289721.0,4958,4958.TW
2025-08-08,128.12420654296875,129.0,22292127.0,4958,4958.TW
2025-08-11,140.53933715820312,141.5,32332005.0,4958,4958.TW
2025-08-12,146.0019989013672,147.0,62950685.0,4958,4958.TW
2025-08-13,159.90695190429688,161.0,110841479.0,4958,4958.TW
2025-08-14,153.45108032226562,154.5,45515174.0,4958,4958.TW
2025-08-15,159.90695190429688,161.0,32672734.0,4958,4958.TW
2025-08-18,168.84585571289062,170.0,51363136.0,4958,4958.TW
2025-08-19,164.37640380859375,165.5,36086907.0,4958,4958.TW
2025-08-20,160.403564453125,161.5,25489372.0,4958,4958.TW
2025-08-21,166.85943603515625,168.0,29628015.0,4958,4958.TW
2025-08-22,169.8390655517578,171.0,28864845.0,4958,4958.TW
2025-08-25,179.27456665039062,180.5,38623982.0,4958,4958.TW
2025-08-26,191.19309997558594,192.5,50179343.0,4958,4958.TW
2025-08-27,190.69650268554688,192.0,41854625.0,4958,4958.TW
2025-08-28,192.68292236328125,194.0,20138968.0,4958,4958.TW
2025-08-29,195.1659393310547,196.5,21635825.0,4958,4958.TW
2025-09-01,189.70327758789062,191.0,38751895.0,4958,4958.TW
2025-09-02,183.24740600585938,184.5,28745639.0,4958,4958.TW
2025-09-03,182.2541961669922,183.5,23485321.0,4958,4958.TW
2025-09-04,172.81869506835938,174.0,28089279.0,4958,4958.TW
2025-09-05,172.81869506835938,174.0,25260405.0,4958,4958.TW
2025-09-08,166.85943603515625,168.0,25333096.0,4958,4958.TW
2025-09-09,165.86622619628906,167.0,20143402.0,4958,4958.TW
2025-09-10,167.3560333251953,168.5,19648038.0,4958,4958.TW
2025-09-11,167.85264587402344,169.0,30475453.0,4958,4958.TW
2025-09-12,167.85264587402344,169.0,17618370.0,4958,4958.TW
2025-09-15,164.87301635742188,166.0,11892494.0,4958,4958.TW
2025-09-16,171.32888793945312,172.5,26633132.0,4958,4958.TW
2025-09-17,169.8390655517578,171.0,19743633.0,4958,4958.TW
2025-09-18,168.3492431640625,169.5,24535630.0,4958,4958.TW
2025-09-19,168.3492431640625,169.5,25837069.0,4958,4958.TW
2025-09-22,173.81190490722656,175.0,18921924.0,4958,4958.TW
2025-09-23,170.33567810058594,171.5,22792308.0,4958,4958.TW
2025-09-24,167.85264587402344,169.0,11100210.0,4958,4958.TW
2025-09-25,171.32888793945312,172.5,10381546.0,4958,4958.TW
2025-09-26,163.8798065185547,165.0,17524861.0,4958,4958.TW
2025-09-30,164.87301635742188,166.0,11189090.0,4958,4958.TW
2025-10-01,160.90016174316406,162.0,9450161.0,4958,4958.TW
2025-10-02,158.9137420654297,160.0,17709241.0,4958,4958.TW
2025-10-03,162.8865966796875,164.0,11566804.0,4958,4958.TW
2025-10-07,164.37640380859375,165.5,7352795.0,4958,4958.TW
2025-10-08,165.86622619628906,167.0,7417083.0,4958,4958.TW
2025-10-09,164.87301635742188,166.0,10861897.0,4958,4958.TW
2025-10-13,158.41714477539062,159.5,19043093.0,4958,4958.TW
2025-10-14,144.51219177246094,145.5,27109015.0,4958,4958.TW
2025-10-15,145.0087890625,146.0,12492853.0,4958,4958.TW
2025-10-16,150.47145080566406,151.5,13935716.0,4958,4958.TW
2025-10-17,146.99520874023438,148.0,9076007.0,4958,4958.TW
2025-10-20,148.9816436767578,150.0,4570211.0,4958,4958.TW
2025-10-21,163.8798065185547,165.0,25002597.0,4958,4958.TW
2025-10-22,160.90016174316406,162.0,16409443.0,4958,4958.TW
2025-10-23,161.89337158203125,163.0,12175252.0,4958,4958.TW
2025-10-27,169.3424530029297,170.5,25615033.0,4958,4958.TW
2025-10-28,165.36961364746094,166.5,9314179.0,4958,4958.TW
2025-10-29,167.85264587402344,169.0,7968867.0,4958,4958.TW
2025-10-30,164.87301635742188,166.0,8450194.0,4958,4958.TW
2025-10-31,161.89337158203125,163.0,8511224.0,4958,4958.TW
2025-11-03,163.8798065185547,165.0,11684443.0,4958,4958.TW
2025-11-04,159.4103546142578,160.5,7631074.0,4958,4958.TW
2025-11-05,156.43072509765625,157.5,9185842.0,4958,4958.TW
2025-11-06,155.93411254882812,157.0,10996561.0,4958,4958.TW
2025-11-07,153.45108032226562,154.5,5032536.0,4958,4958.TW
2025-11-10,154.4442901611328,155.5,3931966.0,4958,4958.TW
2025-11-11,153.94769287109375,155.0,5508665.0,4958,4958.TW
2025-11-12,143.51898193359375,144.5,27435686.0,4958,4958.TW
2025-11-13,149.974853515625,151.0,26002648.0,4958,4958.TW
2025-11-14,140.53933715820312,141.5,15202565.0,4958,4958.TW
2025-11-17,141.03594970703125,142.0,13986306.0,4958,4958.TW
2025-11-18,137.55970764160156,138.5,18972416.0,4958,4958.TW
2025-11-19,135.07669067382812,136.0,20290374.0,4958,4958.TW
2025-11-20,140.04273986816406,141.0,20469068.0,4958,4958.TW
2025-11-21,140.04273986816406,141.0,20200773.0,4958,4958.TW
2025-11-24,139.54612731933594,140.5,26609906.0,4958,4958.TW
2025-11-25,137.55970764160156,138.5,12501010.0,4958,4958.TW
2025-11-26,139.04953002929688,140.0,9156830.0,4958,4958.TW
2025-11-27,142.02915954589844,143.0,7622396.0,4958,4958.TW
2025-11-28,144.51219177246094,145.5,6195212.0,4958,4958.TW
2025-12-01,146.4986114501953,147.5,9514047.0,4958,4958.TW
2025-12-02,145.0087890625,146.0,5005404.0,4958,4958.TW
2025-12-03,143.51898193359375,144.5,4798172.0,4958,4958.TW
2025-12-04,144.51219177246094,145.5,4475711.0,4958,4958.TW
2025-12-05,146.4986114501953,147.5,7231926.0,4958,4958.TW
2025-12-08,146.0019989013672,147.0,7441908.0,4958,4958.TW
2025-12-09,146.4986114501953,147.5,8991300.0,4958,4958.TW
2025-12-10,145.50540161132812,146.5,7439635.0,4958,4958.TW
2025-12-11,145.0087890625,146.0,8053964.0,4958,4958.TW
2025-12-12,142.02915954589844,143.0,5505947.0,4958,4958.TW
2025-12-15,140.04273986816406,141.0,6633805.0,4958,4958.TW
2025-12-16,136.56649780273438,137.5,6913351.0,4958,4958.TW
2025-12-17,139.04953002929688,140.0,5955212.0,4958,4958.TW
2025-12-18,137.55970764160156,138.5,3978322.0,4958,4958.TW
2025-12-19,138.0563201904297,139.0,14903073.0,4958,4958.TW
2025-12-22,143.02236938476562,144.0,14636048.0,4958,4958.TW
2025-12-23,143.02236938476562,144.0,11574925.0,4958,4958.TW
2025-12-24,144.51219177246094,145.5,10500626.0,4958,4958.TW
2025-12-26,143.51898193359375,144.5,10872577.0,4958,4958.TW
2025-12-29,142.02915954589844,143.0,4252997.0,4958,4958.TW
2025-12-30,140.04273986816406,141.0,6531031.0,4958,4958.TW
2025-12-31,141.03594970703125,142.0,3507048.0,4958,4958.TW
2026-01-02,139.54612731933594,140.5,7492780.0,4958,4958.TW
2026-01-05,139.54612731933594,140.5,11889417.0,4958,4958.TW
2026-01-06,144.51219177246094,145.5,6006620.0,4958,4958.TW
2026-01-07,147.4918212890625,148.5,10768667.0,4958,4958.TW
2026-01-08,142.02915954589844,143.0,5925095.0,4958,4958.TW
2026-01-09,143.51898193359375,144.5,5277643.0,4958,4958.TW
2026-01-12,157.42393493652344,158.5,19895914.0,4958,4958.TW
2026-01-13,162.8865966796875,164.0,47027975.0,4958,4958.TW
2026-01-14,167.3560333251953,168.5,33605269.0,4958,4958.TW
2026-01-15,166.36282348632812,167.5,26675149.0,4958,4958.TW
2026-01-16,172.81869506835938,174.0,42501666.0,4958,4958.TW
2026-01-19,169.3424530029297,170.5,28547488.0,4958,4958.TW
2026-01-20,163.38319396972656,164.5,22872704.0,4958,4958.TW
2026-01-21,158.41714477539062,159.5,16190309.0,4958,4958.TW
2026-01-22,163.38319396972656,164.5,10404410.0,4958,4958.TW
2026-01-23,169.3424530029297,170.5,23669782.0,4958,4958.TW
2026-01-26,163.38319396972656,164.5,8140676.0,4958,4958.TW
2026-01-27,163.8798065185547,165.0,9458980.0,4958,4958.TW
2026-01-28,175.30172729492188,176.5,32058066.0,4958,4958.TW
2026-01-29,176.7915496826172,178.0,38853852.0,4958,4958.TW
2026-01-30,194.1727294921875,195.5,58347804.0,4958,4958.TW
2026-02-02,182.2541961669922,183.5,62896071.0,4958,4958.TW
2026-02-03,179.77117919921875,181.0,57669257.0,4958,4958.TW
2026-02-04,197.6489715576172,199.0,58930558.0,4958,4958.TW
2026-02-05,188.71006774902344,190.0,50197033.0,4958,4958.TW
2026-02-06,180.76438903808594,182.0,31146931.0,4958,4958.TW
2026-02-09,180.76438903808594,182.0,31623039.0,4958,4958.TW
2026-02-10,178.77796936035156,180.0,17860892.0,4958,4958.TW
2026-02-11,176.7915496826172,178.0,9339323.0,4958,4958.TW
2026-02-23,194.1727294921875,195.5,31244486.0,4958,4958.TW
2026-02-24,210.06410217285156,211.5,42193481.0,4958,4958.TW
2026-02-25,204.10484313964844,205.5,36459169.0,4958,4958.TW
2026-02-26,207.58108520507812,209.0,35577448.0,4958,4958.TW
2026-03-02,196.15914916992188,197.5,25808846.0,4958,4958.TW
2026-03-03,191.68971252441406,193.0,21862576.0,4958,4958.TW
2026-03-04,177.78475952148438,179.0,18648489.0,4958,4958.TW
2026-03-05,176.29493713378906,177.5,27243260.0,4958,4958.TW
2026-03-06,173.81190490722656,175.0,10237964.0,4958,4958.TW
2026-03-09,161.3967742919922,162.5,20259145.0,4958,4958.TW
2026-03-10,166.85943603515625,168.0,14233616.0,4958,4958.TW
2026-03-11,173.3153076171875,174.5,11034492.0,4958,4958.TW
2026-03-12,170.33567810058594,171.5,7280105.0,4958,4958.TW
2026-03-13,187.2202606201172,188.5,24580294.0,4958,4958.TW
2026-03-16,195.1659393310547,196.5,46071395.0,4958,4958.TW
2026-03-17,196.65576171875,198.0,31594147.0,4958,4958.TW
2026-03-18,205.59466552734375,207.0,32995962.0,4958,4958.TW
2026-03-19,208.0776824951172,209.5,37371781.0,4958,4958.TW
2026-03-20,208.0776824951172,209.5,31229748.0,4958,4958.TW
2026-03-23,199.63539123535156,201.0,20977476.0,4958,4958.TW
2026-03-24,195.6625518798828,197.0,21060991.0,4958,4958.TW
2026-03-25,206.0912628173828,207.5,21870625.0,4958,4958.TW
2026-03-26,217.01658630371094,218.5,42197602.0,4958,4958.TW
2026-03-27,228.43850708007812,230.0,54567921.0,4958,4958.TW
2026-03-30,224.96226501464844,226.5,32591650.0,4958,4958.TW
2026-03-31,205.09805297851562,206.5,42552020.0,4958,4958.TW
2026-04-01,218.00979614257812,219.5,26402227.0,4958,4958.TW
2026-04-02,212.050537109375,213.5,39243161.0,4958,4958.TW
2026-04-07,223.4724578857422,225.0,37153512.0,4958,4958.TW
2026-04-08,245.8197021484375,247.5,28247540.0,4958,4958.TW
2026-04-09,261.7110900878906,263.5,50794415.0,4958,4958.TW
2026-04-10,263.2008972167969,265.0,33198266.0,4958,4958.TW
2026-04-13,255.75181579589844,257.5,25628573.0,4958,4958.TW
2026-04-14,249.79254150390625,251.5,26354764.0,4958,4958.TW
2026-04-15,249.79254150390625,251.5,22908167.0,4958,4958.TW
2026-04-16,254.75860595703125,256.5,22693410.0,4958,4958.TW
2026-04-17,280.0854797363281,282.0,42123860.0,4958,4958.TW
2026-04-20,307.8953857421875,310.0,46468059.0,4958,4958.TW
2026-04-21,312.8614501953125,315.0,76629681.0,4958,4958.TW
2026-04-22,312.8614501953125,315.0,41558954.0,4958,4958.TW
2026-04-23,322.7935485839844,325.0,111005718.0,4958,4958.TW
2026-04-24,345.1407775878906,347.5,100773126.0,4958,4958.TW
2026-04-27,356.06610107421875,358.5,95292695.0,4958,4958.TW
2026-04-28,391.3251037597656,394.0,74669352.0,4958,4958.TW
2026-04-29,380.3997802734375,383.0,70190139.0,4958,4958.TW
2026-04-30,418.14178466796875,421.0,45468502.0,4958,4958.TW
2026-05-04,429.563720703125,432.5,79224330.0,4958,4958.TW
2026-05-05,423.6044616699219,426.5,38771729.0,4958,4958.TW
2026-05-06,409.202880859375,412.0,54892889.0,4958,4958.TW
2026-05-07,424.10107421875,427.0,46833270.0,4958,4958.TW
2026-05-08,398.277587890625,401.0,41927500.0,4958,4958.TW
2026-05-11,409.202880859375,412.0,40712458.0,4958,4958.TW
2026-05-12,404.2368469238281,407.0,39093912.0,4958,4958.TW
2026-05-13,439.4958190917969,442.5,70890819.0,4958,4958.TW
2026-05-14,433.53656005859375,436.5,68011502.0,4958,4958.TW
2026-05-15,398.277587890625,401.0,49725934.0,4958,4958.TW
2026-05-18,385.8624267578125,388.5,31219779.0,4958,4958.TW
2026-05-19,405.7266540527344,408.5,36925588.0,4958,4958.TW
2026-05-20,436.01959228515625,439.0,60639815.0,4958,4958.TW
2026-05-21,466.3125305175781,469.5,51017654.0,4958,4958.TW
2026-05-22,512.496826171875,516.0,50890468.0,4958,4958.TW
2026-05-25,525.4085693359375,529.0,45729817.0,4958,4958.TW
2026-05-26,536.3338623046875,540.0,40842972.0,4958,4958.TW
2026-05-27,528.38818359375,532.0,41786084.0,4958,4958.TW
2026-05-28,482.70050048828125,486.0,18821366.0,4958,4958.TW
2026-05-29,511.5036315917969,515.0,10614524.0,4958,4958.TW
2026-06-01,544.2796020507812,548.0,11795180.0,4958,4958.TW
2026-06-02,516.4696655273438,520.0,11350605.0,4958,4958.TW
2026-06-03,506.5375671386719,510.0,7721228.0,4958,4958.TW
2026-06-04,489.1563720703125,492.5,9709480.0,4958,4958.TW
2026-06-05,500.57830810546875,504.0,7496917.0,4958,4958.TW
2026-06-08,512.0,512.0,10099155.0,4958,4958.TW
2026-06-09,545.0,545.0,10373289.0,4958,4958.TW
2026-06-10,502.0,502.0,11688925.0,4958,4958.TW
2026-06-11,529.0,529.0,44971213.0,4958,4958.TW
2026-06-12,552.0,552.0,48547305.0,4958,4958.TW
2026-06-15,590.0,590.0,49593706.0,4958,4958.TW
2026-06-16,624.0,624.0,42288542.0,4958,4958.TW
2026-06-17,639.0,639.0,35547754.0,4958,4958.TW
2026-06-18,642.0,642.0,52039171.0,4958,4958.TW
2026-06-22,622.0,622.0,32557875.0,4958,4958.TW
2026-06-23,587.0,587.0,36812672.0,4958,4958.TW
2026-06-24,587.0,587.0,26211085.0,4958,4958.TW
2026-06-25,602.0,602.0,36390661.0,4958,4958.TW
2026-06-26,580.0,580.0,63487256.0,4958,4958.TW
2026-06-29,573.0,573.0,28650369.0,4958,4958.TW
2026-06-30,630.0,630.0,29240328.0,4958,4958.TW
2026-07-01,603.0,603.0,50101198.0,4958,4958.TW
2026-07-02,598.0,598.0,17923921.0,4958,4958.TW
2026-07-03,613.0,613.0,21768843.0,4958,4958.TW
2026-07-06,579.0,579.0,32237797.0,4958,4958.TW
2026-07-07,548.0,548.0,37790783.0,4958,4958.TW
2026-07-08,565.0,565.0,30713602.0,4958,4958.TW
2026-07-09,588.0,588.0,32834184.0,4958,4958.TW
2026-07-10,588.0,588.0,0.0,4958,4958.TW
2026-07-13,646.0,646.0,68230611.0,4958,4958.TW
2026-07-14,629.0,629.0,56424216.0,4958,4958.TW
2026-07-15,618.0,618.0,55870990.0,4958,4958.TW
2026-07-16,578.0,578.0,31818337.0,4958,4958.TW
2026-07-17,521.0,521.0,20010142.0,4958,4958.TW
2026-07-20,478.5,478.5,34905475.0,4958,4958.TW
2026-07-21,509.0,509.0,43494489.0,4958,4958.TW
2026-07-22,559.0,559.0,45454556.0,4958,4958.TW
2026-07-23,506.0,506.0,45726504.0,4958,4958.TW
2026-07-24,482.0,482.0,32373267.0,4958,4958.TW
2026-07-27,470.5,470.5,33839003.0,4958,4958.TW
2026-07-28,427.5,427.5,27380861.0,4958,4958.TW
2026-07-29,404.5,404.5,42887577.0,4958,4958.TW
2026-07-30,376.0,376.0,62959744.0,4958,4958.TW
2026-07-31,413.5,413.5,15518150.0,4958,4958.TW
2025-05-27,69.30133819580078,74.5999984741211,5140581.0,3264,3264.TWO
2025-05-28,69.11554718017578,74.4000015258789,3741533.0,3264,3264.TWO
2025-05-29,70.88059997558594,76.30000305175781,6886324.0,3264,3264.TWO
2025-06-02,69.58003234863281,74.9000015258789,4225363.0,3264,3264.TWO
2025-06-03,69.95162200927734,75.30000305175781,5561439.0,3264,3264.TWO
2025-06-04,70.50900268554688,75.9000015258789,2794511.0,3264,3264.TWO
2025-06-05,70.7876968383789,76.19999694824219,3442467.0,3264,3264.TWO
2025-06-06,70.6019058227539,76.0,2256001.0,3264,3264.TWO
2025-06-09,70.88059997558594,76.30000305175781,2506686.0,3264,3264.TWO
2025-06-10,74.59648895263672,80.30000305175781,17921855.0,3264,3264.TWO
2025-06-11,75.43255615234375,81.19999694824219,15910240.0,3264,3264.TWO
2025-06-12,75.24676513671875,81.0,5244481.0,3264,3264.TWO
2025-06-13,73.48171997070312,79.0999984741211,6162813.0,3264,3264.TWO
2025-06-16,74.31779479980469,80.0,3209330.0,3264,3264.TWO
2025-06-17,73.85330963134766,79.5,6168161.0,3264,3264.TWO
2025-06-18,73.66751861572266,79.30000305175781,4469871.0,3264,3264.TWO
2025-06-19,71.995361328125,77.5,8600056.0,3264,3264.TWO
2025-06-20,70.50900268554688,75.9000015258789,9671794.0,3264,3264.TWO
2025-06-23,70.6948013305664,76.0999984741211,8858223.0,3264,3264.TWO
2025-06-24,75.40125274658203,76.9000015258789,15929507.0,3264,3264.TWO
2025-06-25,77.46031951904297,79.0,10879754.0,3264,3264.TWO
2025-06-26,75.40125274658203,76.9000015258789,10531324.0,3264,3264.TWO
2025-06-27,75.40125274658203,76.9000015258789,4540091.0,3264,3264.TWO
2025-06-30,74.32269287109375,75.80000305175781,4510414.0,3264,3264.TWO
2025-07-01,73.34217834472656,74.80000305175781,3540556.0,3264,3264.TWO
2025-07-02,76.2837142944336,77.80000305175781,7778472.0,3264,3264.TWO
2025-07-03,77.46031951904297,79.0,7610056.0,3264,3264.TWO
2025-07-04,76.77397155761719,78.30000305175781,6290457.0,3264,3264.TWO
2025-07-07,75.98955535888672,77.5,7274060.0,3264,3264.TWO
2025-07-08,74.02853393554688,75.5,6592255.0,3264,3264.TWO
2025-07-09,75.89151000976562,77.4000015258789,7189505.0,3264,3264.TWO
2025-07-10,74.2246322631836,75.69999694824219,7593617.0,3264,3264.TWO
2025-07-11,74.51879119873047,76.0,7215316.0,3264,3264.TWO
2025-07-14,74.6168441772461,76.0999984741211,3990176.0,3264,3264.TWO
2025-07-15,74.42073822021484,75.9000015258789,3685500.0,3264,3264.TWO
2025-07-16,73.24412536621094,74.69999694824219,7382111.0,3264,3264.TWO
2025-07-17,74.42073822021484,75.9000015258789,5272232.0,3264,3264.TWO
2025-07-18,75.40125274658203,76.9000015258789,4788783.0,3264,3264.TWO
2025-07-21,75.40125274658203,76.9000015258789,5473228.0,3264,3264.TWO
2025-07-22,73.6363296508789,75.0999984741211,4925930.0,3264,3264.TWO
2025-07-23,74.1265869140625,75.5999984741211,2628602.0,3264,3264.TWO
2025-07-24,74.2246322631836,75.69999694824219,8456691.0,3264,3264.TWO
2025-07-25,73.6363296508789,75.0999984741211,4720048.0,3264,3264.TWO
2025-07-28,73.6363296508789,75.0999984741211,4527178.0,3264,3264.TWO
2025-07-29,73.24412536621094,74.69999694824219,6091248.0,3264,3264.TWO
2025-07-30,73.34217834472656,74.80000305175781,2048865.0,3264,3264.TWO
2025-07-31,74.02853393554688,75.5,9810179.0,3264,3264.TWO
2025-08-04,74.02853393554688,75.5,4237082.0,3264,3264.TWO
2025-08-05,73.04802703857422,74.5,6797077.0,3264,3264.TWO
2025-08-06,70.59674835205078,72.0,12812348.0,3264,3264.TWO
2025-08-07,70.98895263671875,72.4000015258789,4422101.0,3264,3264.TWO
2025-08-08,71.67530822753906,73.0999984741211,4423930.0,3264,3264.TWO
2025-08-11,71.47920989990234,72.9000015258789,3613555.0,3264,3264.TWO
2025-08-12,71.87141418457031,73.30000305175781,2927861.0,3264,3264.TWO
2025-08-13,71.2831039428711,72.69999694824219,4401560.0,3264,3264.TWO
2025-08-14,71.87141418457031,73.30000305175781,1945786.0,3264,3264.TWO
2025-08-15,71.67530822753906,73.0999984741211,1886182.0,3264,3264.TWO
2025-08-18,73.34217834472656,74.80000305175781,4696936.0,3264,3264.TWO
2025-08-19,72.16556549072266,73.5999984741211,2841587.0,3264,3264.TWO
2025-08-20,69.12598419189453,70.5,6369854.0,3264,3264.TWO
2025-08-21,70.20454406738281,71.5999984741211,2706470.0,3264,3264.TWO
2025-08-22,70.0084457397461,71.4000015258789,2071097.0,3264,3264.TWO
2025-08-25,69.91039276123047,71.30000305175781,3985707.0,3264,3264.TWO
2025-08-26,69.81233978271484,71.19999694824219,3411252.0,3264,3264.TWO
2025-08-27,72.9499740600586,74.4000015258789,9515768.0,3264,3264.TWO
2025-08-28,72.55776977539062,74.0,4842210.0,3264,3264.TWO
2025-08-29,72.8519287109375,74.30000305175781,9970071.0,3264,3264.TWO
2025-09-01,71.57726287841797,73.0,6187600.0,3264,3264.TWO
2025-09-02,71.08700561523438,72.5,4747106.0,3264,3264.TWO
2025-09-03,73.04802703857422,74.5,4649005.0,3264,3264.TWO
2025-09-04,73.24412536621094,74.69999694824219,5048395.0,3264,3264.TWO
2025-09-05,79.12718963623047,80.69999694824219,28837265.0,3264,3264.TWO
2025-09-08,81.67652130126953,83.30000305175781,30737463.0,3264,3264.TWO
2025-09-09,84.22584533691406,85.9000015258789,27763958.0,3264,3264.TWO
2025-09-10,85.59856414794922,87.30000305175781,19029561.0,3264,3264.TWO
2025-09-11,83.53948211669922,85.19999694824219,12452849.0,3264,3264.TWO
2025-09-12,82.75508117675781,84.4000015258789,7043631.0,3264,3264.TWO
2025-09-15,83.73558807373047,85.4000015258789,7690466.0,3264,3264.TWO
2025-09-16,83.73558807373047,85.4000015258789,7744816.0,3264,3264.TWO
2025-09-17,81.87261962890625,83.5,4712061.0,3264,3264.TWO
2025-09-18,83.14728546142578,84.80000305175781,6173232.0,3264,3264.TWO
2025-09-19,83.3433837890625,85.0,3872339.0,3264,3264.TWO
2025-09-22,86.08881378173828,87.80000305175781,12929904.0,3264,3264.TWO
2025-09-23,86.7751693725586,88.5,31422876.0,3264,3264.TWO
2025-09-24,84.71610260009766,86.4000015258789,12848087.0,3264,3264.TWO
2025-09-25,83.3433837890625,85.0,6859979.0,3264,3264.TWO
2025-09-26,83.2453384399414,84.9000015258789,5663631.0,3264,3264.TWO
2025-09-30,83.3433837890625,85.0,4903859.0,3264,3264.TWO
2025-10-01,82.65702819824219,84.30000305175781,9737156.0,3264,3264.TWO
2025-10-02,80.8921127319336,82.5,17187927.0,3264,3264.TWO
2025-10-03,79.2252426147461,80.80000305175781,4275798.0,3264,3264.TWO
2025-10-07,80.69600677490234,82.30000305175781,4433786.0,3264,3264.TWO
2025-10-08,78.34278106689453,79.9000015258789,9282991.0,3264,3264.TWO
2025-10-09,79.32329559326172,80.9000015258789,2960456.0,3264,3264.TWO
2025-10-13,77.26422119140625,78.80000305175781,3988355.0,3264,3264.TWO
2025-10-14,75.79345703125,77.30000305175781,5382066.0,3264,3264.TWO
2025-10-15,78.53887939453125,80.0999984741211,7125212.0,3264,3264.TWO
2025-10-16,80.69600677490234,82.30000305175781,5965469.0,3264,3264.TWO
2025-10-17,79.81355285644531,81.4000015258789,8012837.0,3264,3264.TWO
2025-10-20,82.95117950439453,84.5999984741211,7010804.0,3264,3264.TWO
2025-10-21,82.46092224121094,84.0999984741211,5833485.0,3264,3264.TWO
2025-10-22,82.75508117675781,84.4000015258789,2791999.0,3264,3264.TWO
2025-10-23,82.26482391357422,83.9000015258789,1990981.0,3264,3264.TWO
2025-10-27,84.42194366455078,86.0999984741211,7334789.0,3264,3264.TWO
2025-10-28,85.99076080322266,87.69999694824219,11034663.0,3264,3264.TWO
2025-10-29,87.06932830810547,88.80000305175781,8975217.0,3264,3264.TWO
2025-10-30,86.6771240234375,88.4000015258789,8580272.0,3264,3264.TWO
2025-10-31,91.67772674560547,93.5,20139850.0,3264,3264.TWO
2025-11-03,99.03155517578125,101.0,28580969.0,3264,3264.TWO
2025-11-04,91.08941650390625,92.9000015258789,25180343.0,3264,3264.TWO
2025-11-05,90.30500793457031,92.0999984741211,12438743.0,3264,3264.TWO
2025-11-06,89.81475067138672,91.5999984741211,7756453.0,3264,3264.TWO
2025-11-07,86.7751693725586,88.5,6039133.0,3264,3264.TWO
2025-11-10,87.75568389892578,89.5,4643478.0,3264,3264.TWO
2025-11-11,87.85372924804688,89.5999984741211,4193705.0,3264,3264.TWO
2025-11-12,87.55958557128906,89.30000305175781,5678981.0,3264,3264.TWO
2025-11-13,88.83424377441406,90.5999984741211,4311404.0,3264,3264.TWO
2025-11-14,86.7751693725586,88.5,4203022.0,3264,3264.TWO
2025-11-17,85.69660949707031,87.4000015258789,4662712.0,3264,3264.TWO
2025-11-18,86.1868667602539,87.9000015258789,10218866.0,3264,3264.TWO
2025-11-19,85.59856414794922,87.30000305175781,8923600.0,3264,3264.TWO
2025-11-20,89.42254638671875,91.19999694824219,11018576.0,3264,3264.TWO
2025-11-21,84.5199966430664,86.19999694824219,9840211.0,3264,3264.TWO
2025-11-24,84.71610260009766,86.4000015258789,6971206.0,3264,3264.TWO
2025-11-25,85.40245819091797,87.0999984741211,3948416.0,3264,3264.TWO
2025-11-26,86.7751693725586,88.5,4661733.0,3264,3264.TWO
2025-11-27,89.91280364990234,91.69999694824219,12416965.0,3264,3264.TWO
2025-11-28,89.5206069946289,91.30000305175781,5010070.0,3264,3264.TWO
2025-12-01,85.89270782470703,87.5999984741211,8530402.0,3264,3264.TWO
2025-12-02,84.81414794921875,86.5,7427721.0,3264,3264.TWO
2025-12-03,85.89270782470703,87.5999984741211,2153053.0,3264,3264.TWO
2025-12-04,84.91220092773438,86.5999984741211,3907394.0,3264,3264.TWO
2025-12-05,87.4615249633789,89.19999694824219,4502104.0,3264,3264.TWO
2025-12-08,90.01085662841797,91.80000305175781,14903656.0,3264,3264.TWO
2025-12-09,90.20695495605469,92.0,6081796.0,3264,3264.TWO
2025-12-10,92.4621353149414,94.30000305175781,10334190.0,3264,3264.TWO
2025-12-11,92.85433197021484,94.69999694824219,19980039.0,3264,3264.TWO
2025-12-12,92.56018829345703,94.4000015258789,6689729.0,3264,3264.TWO
2025-12-15,91.08941650390625,92.9000015258789,4676647.0,3264,3264.TWO
2025-12-16,87.85372924804688,89.5999984741211,6826470.0,3264,3264.TWO
2025-12-17,88.93228912353516,90.69999694824219,5640912.0,3264,3264.TWO
2025-12-18,87.26542663574219,89.0,4811236.0,3264,3264.TWO
2025-12-19,88.73619079589844,90.5,2414623.0,3264,3264.TWO
2025-12-22,90.7952651977539,92.5999984741211,8700453.0,3264,3264.TWO
2025-12-23,89.03034973144531,90.80000305175781,5907452.0,3264,3264.TWO
2025-12-24,91.28551483154297,93.0999984741211,17843196.0,3264,3264.TWO
2025-12-26,100.0120620727539,102.0,34500812.0,3264,3264.TWO
2025-12-29,109.81716918945312,112.0,64429667.0,3264,3264.TWO
2025-12-30,111.28793334960938,113.5,48776149.0,3264,3264.TWO
2025-12-31,122.07354736328125,124.5,35557748.0,3264,3264.TWO
2026-01-02,124.0345687866211,126.5,50036517.0,3264,3264.TWO
2026-01-05,123.0540542602539,125.5,19362802.0,3264,3264.TWO
2026-01-06,123.5443115234375,126.0,5524887.0,3264,3264.TWO
2026-01-07,124.52482604980469,127.0,6091260.0,3264,3264.TWO
2026-01-08,118.64176177978516,121.0,6060137.0,3264,3264.TWO
2026-01-09,122.56380462646484,125.0,5297251.0,3264,3264.TWO
2026-01-12,128.44686889648438,131.0,6062125.0,3264,3264.TWO
2026-01-13,127.95661163330078,130.5,7709102.0,3264,3264.TWO
2026-01-14,138.25196838378906,141.0,8816516.0,3264,3264.TWO
2026-01-15,137.27145385742188,140.0,5658977.0,3264,3264.TWO
2026-01-16,138.74221801757812,141.5,5569603.0,3264,3264.TWO
2026-01-19,151.48886108398438,154.5,9252348.0,3264,3264.TWO
2026-01-20,161.7842254638672,165.0,42725764.0,3264,3264.TWO
2026-01-21,145.6057891845703,148.5,31176915.0,3264,3264.TWO
2026-01-22,148.54733276367188,151.5,30943626.0,3264,3264.TWO
2026-01-23,148.05706787109375,151.0,17127214.0,3264,3264.TWO
2026-01-26,157.37191772460938,160.5,24128701.0,3264,3264.TWO
2026-01-27,159.33294677734375,162.5,28711049.0,3264,3264.TWO
2026-01-28,162.7647247314453,166.0,21555239.0,3264,3264.TWO
2026-01-29,153.9401397705078,157.0,17907393.0,3264,3264.TWO
2026-01-30,156.39141845703125,159.5,12468479.0,3264,3264.TWO
2026-02-02,150.5083465576172,153.5,12611211.0,3264,3264.TWO
2026-02-03,151.48886108398438,154.5,8111821.0,3264,3264.TWO
2026-02-04,150.99859619140625,154.0,7449501.0,3264,3264.TWO
2026-02-05,145.11553955078125,148.0,7015555.0,3264,3264.TWO
2026-02-06,140.21298217773438,143.0,9127506.0,3264,3264.TWO
2026-02-09,148.05706787109375,151.0,11210217.0,3264,3264.TWO
2026-02-10,156.8816680908203,160.0,21352652.0,3264,3264.TWO
2026-02-11,149.52783203125,152.5,9604808.0,3264,3264.TWO
2026-02-23,146.09605407714844,149.0,15999650.0,3264,3264.TWO
2026-02-24,154.92063903808594,158.0,8399139.0,3264,3264.TWO
2026-02-25,152.95962524414062,156.0,6991237.0,3264,3264.TWO
2026-02-26,154.43038940429688,157.5,9628973.0,3264,3264.TWO
2026-03-02,147.07656860351562,150.0,14577715.0,3264,3264.TWO
2026-03-03,139.23248291015625,142.0,10950232.0,3264,3264.TWO
2026-03-04,136.29095458984375,139.0,9308724.0,3264,3264.TWO
2026-03-05,138.74221801757812,141.5,6887230.0,3264,3264.TWO
2026-03-06,140.21298217773438,143.0,5497953.0,3264,3264.TWO
2026-03-09,130.4078826904297,133.0,5507032.0,3264,3264.TWO
2026-03-10,143.15452575683594,146.0,9520530.0,3264,3264.TWO
2026-03-11,150.99859619140625,154.0,16470282.0,3264,3264.TWO
2026-03-12,149.03758239746094,152.0,6582916.0,3264,3264.TWO
2026-03-13,148.05706787109375,151.0,4747286.0,3264,3264.TWO
2026-03-16,148.05706787109375,151.0,4442742.0,3264,3264.TWO
2026-03-17,153.9401397705078,157.0,7249821.0,3264,3264.TWO
2026-03-18,152.46937561035156,155.5,20528417.0,3264,3264.TWO
2026-03-19,150.99859619140625,154.0,6840155.0,3264,3264.TWO
2026-03-20,149.03758239746094,152.0,4695762.0,3264,3264.TWO
2026-03-23,142.17401123046875,145.0,5185825.0,3264,3264.TWO
2026-03-24,142.6642608642578,145.5,3864254.0,3264,3264.TWO
2026-03-25,151.48886108398438,154.5,5303080.0,3264,3264.TWO
2026-03-26,147.07656860351562,150.0,4514273.0,3264,3264.TWO
2026-03-27,154.92063903808594,158.0,6001674.0,3264,3264.TWO
2026-03-30,158.84268188476562,162.0,10543742.0,3264,3264.TWO
2026-03-31,152.46937561035156,155.5,30644923.0,3264,3264.TWO
2026-04-01,162.7647247314453,166.0,17317728.0,3264,3264.TWO
2026-04-02,157.8621826171875,161.0,20263122.0,3264,3264.TWO
2026-04-07,152.95962524414062,156.0,10260582.0,3264,3264.TWO
2026-04-08,161.29396057128906,164.5,11055862.0,3264,3264.TWO
2026-04-09,176.9821319580078,180.5,27906046.0,3264,3264.TWO
2026-04-10,185.31646728515625,189.0,40635867.0,3264,3264.TWO
2026-04-13,187.7677459716797,191.5,24437668.0,3264,3264.TWO
2026-04-14,183.35545349121094,187.0,18687007.0,3264,3264.TWO
2026-04-15,183.35545349121094,187.0,21477510.0,3264,3264.TWO
2026-04-16,171.58932495117188,175.0,18499438.0,3264,3264.TWO
2026-04-17,168.64779663085938,172.0,9723412.0,3264,3264.TWO
2026-04-20,183.845703125,187.5,18307739.0,3264,3264.TWO
2026-04-21,201.98513793945312,206.0,16306238.0,3264,3264.TWO
2026-04-22,205.9071807861328,210.0,35296182.0,3264,3264.TWO
2026-04-23,193.6508026123047,197.5,19915059.0,3264,3264.TWO
2026-04-24,205.9071807861328,210.0,22925757.0,3264,3264.TWO
2026-04-27,190.21902465820312,194.0,19143161.0,3264,3264.TWO
2026-04-28,194.63131713867188,198.5,7301718.0,3264,3264.TWO
2026-04-29,195.61183166503906,199.5,7263128.0,3264,3264.TWO
2026-04-30,191.19952392578125,195.0,10295716.0,3264,3264.TWO
2026-05-04,210.31948852539062,214.5,12308008.0,3264,3264.TWO
2026-05-05,230.9102020263672,235.5,18486461.0,3264,3264.TWO
2026-05-06,221.59535217285156,226.0,26976935.0,3264,3264.TWO
2026-05-07,243.65684509277344,248.5,15155352.0,3264,3264.TWO
2026-05-08,219.63433837890625,224.0,20617199.0,3264,3264.TWO
2026-05-11,221.1051025390625,225.5,8195040.0,3264,3264.TWO
2026-05-12,224.046630859375,228.5,11037960.0,3264,3264.TWO
2026-05-13,225.51739501953125,230.0,5631084.0,3264,3264.TWO
2026-05-14,224.53688049316406,229.0,9454901.0,3264,3264.TWO
2026-05-15,221.59535217285156,226.0,19111014.0,3264,3264.TWO
2026-05-18,225.51739501953125,230.0,5733559.0,3264,3264.TWO
2026-05-19,210.31948852539062,214.5,11536459.0,3264,3264.TWO
2026-05-20,202.47540283203125,206.5,11822918.0,3264,3264.TWO
2026-05-21,214.73178100585938,219.0,6299018.0,3264,3264.TWO
2026-05-22,217.1830596923828,221.5,7089045.0,3264,3264.TWO
2026-05-25,219.63433837890625,224.0,8153242.0,3264,3264.TWO
2026-05-26,226.49790954589844,231.0,9867870.0,3264,3264.TWO
2026-05-27,225.0271453857422,229.5,8724604.0,3264,3264.TWO
2026-05-28,230.9102020263672,235.5,16337805.0,3264,3264.TWO
2026-05-29,238.75428771972656,243.5,26928532.0,3264,3264.TWO
2026-06-01,218.65382385253906,223.0,26216061.0,3264,3264.TWO
2026-06-02,210.31948852539062,214.5,20256202.0,3264,3264.TWO
2026-06-03,225.0271453857422,229.5,15449221.0,3264,3264.TWO
2026-06-04,231.89071655273438,236.5,12596575.0,3264,3264.TWO
2026-06-05,224.046630859375,228.5,8060323.0,3264,3264.TWO
2026-06-08,206.8876953125,211.0,4537097.0,3264,3264.TWO
2026-06-09,212.28050231933594,216.5,4587380.0,3264,3264.TWO
2026-06-10,207.37794494628906,211.5,7587870.0,3264,3264.TWO
2026-06-11,210.8097381591797,215.0,5026192.0,3264,3264.TWO
2026-06-12,223.0661163330078,227.5,9120567.0,3264,3264.TWO
2026-06-15,223.55638122558594,228.0,5267883.0,3264,3264.TWO
2026-06-16,215.71229553222656,220.0,3901152.0,3264,3264.TWO
2026-06-17,207.37794494628906,211.5,9160611.0,3264,3264.TWO
2026-06-18,227.9686737060547,232.5,13928151.0,3264,3264.TWO
2026-06-22,237.2835235595703,242.0,14402775.0,3264,3264.TWO
2026-06-23,228.94918823242188,233.5,13726507.0,3264,3264.TWO
2026-06-24,229.9296875,234.5,6418255.0,3264,3264.TWO
2026-06-25,223.55638122558594,228.0,5632449.0,3264,3264.TWO
2026-06-26,210.31948852539062,214.5,7003032.0,3264,3264.TWO
2026-06-29,211.29998779296875,215.5,4798862.0,3264,3264.TWO
2026-06-30,222.0,222.0,6705363.0,3264,3264.TWO
2026-07-01,232.0,232.0,10271953.0,3264,3264.TWO
2026-07-02,249.0,249.0,9766763.0,3264,3264.TWO
2026-07-03,247.0,247.0,10431816.0,3264,3264.TWO
2026-07-06,257.0,257.0,18581778.0,3264,3264.TWO
2026-07-07,231.5,231.5,13065213.0,3264,3264.TWO
2026-07-08,232.0,232.0,5116290.0,3264,3264.TWO
2026-07-09,235.0,235.0,4963478.0,3264,3264.TWO
2026-07-10,235.0,235.0,0.0,3264,3264.TWO
2026-07-13,225.0,225.0,5534526.0,3264,3264.TWO
2026-07-14,217.5,217.5,6727759.0,3264,3264.TWO
2026-07-15,224.5,224.5,4295039.0,3264,3264.TWO
2026-07-16,237.5,237.5,9625852.0,3264,3264.TWO
2026-07-17,214.0,214.0,9239448.0,3264,3264.TWO
2026-07-20,197.5,197.5,6429707.0,3264,3264.TWO
2026-07-21,210.0,210.0,3295675.0,3264,3264.TWO
2026-07-22,217.0,217.0,4464989.0,3264,3264.TWO
2026-07-23,218.0,218.0,4455133.0,3264,3264.TWO
2026-07-24,209.5,209.5,10071567.0,3264,3264.TWO
2026-07-27,206.0,206.0,8291292.0,3264,3264.TWO
2026-07-28,185.5,185.5,5682948.0,3264,3264.TWO
2026-07-29,167.0,167.0,7272253.0,3264,3264.TWO
2026-07-30,161.0,161.0,6606947.0,3264,3264.TWO
2026-07-31,177.0,177.0,5138711.0,3264,3264.TWO
2025-05-27,303.3292541503906,311.0,4626186.0,6187,6187.TWO
2025-05-28,306.2552490234375,314.0,3459908.0,6187,6187.TWO
2025-05-29,302.8415832519531,310.5,2807225.0,6187,6187.TWO
2025-06-02,296.50189208984375,304.0,1941306.0,6187,6187.TWO
2025-06-03,295.52655029296875,303.0,1965166.0,6187,6187.TWO
2025-06-04,301.8662414550781,309.5,2750225.0,6187,6187.TWO
2025-06-05,315.52093505859375,323.5,5504996.0,6187,6187.TWO
2025-06-06,323.811279296875,332.0,5668867.0,6187,6187.TWO
2025-06-09,328.6879577636719,337.0,4497722.0,6187,6187.TWO
2025-06-10,325.2742919921875,333.5,3780587.0,6187,6187.TWO
2025-06-11,334.53997802734375,343.0,5310549.0,6187,6187.TWO
2025-06-12,346.2439880371094,355.0,9381281.0,6187,6187.TWO
2025-06-13,343.8056640625,352.5,4244052.0,6187,6187.TWO
2025-06-16,350.14532470703125,359.0,3709508.0,6187,6187.TWO
2025-06-17,351.60833740234375,360.5,7744978.0,6187,6187.TWO
2025-06-18,346.2439880371094,355.0,2948711.0,6187,6187.TWO
2025-06-19,341.85498046875,350.5,4339634.0,6187,6187.TWO
2025-06-20,348.68231201171875,357.5,3979890.0,6187,6187.TWO
2025-06-23,363.8000183105469,373.0,8188935.0,6187,6187.TWO
2025-06-24,392.0847473144531,402.0,12644478.0,6187,6187.TWO
2025-06-25,405.73944091796875,416.0,13071211.0,6187,6187.TWO
2025-06-26,392.0847473144531,402.0,7924308.0,6187,6187.TWO
2025-06-27,388.67108154296875,398.5,4920712.0,6187,6187.TWO
2025-06-30,394.035400390625,404.0,3356249.0,6187,6187.TWO
2025-07-01,390.1340637207031,400.0,3566749.0,6187,6187.TWO
2025-07-02,392.0847473144531,402.0,1988564.0,6187,6187.TWO
2025-07-03,397.936767578125,408.0,5642872.0,6187,6187.TWO
2025-07-04,389.6463928222656,399.5,3785824.0,6187,6187.TWO
2025-07-07,384.2820739746094,394.0,2280615.0,6187,6187.TWO
2025-07-08,386.72039794921875,396.5,1477128.0,6187,6187.TWO
2025-07-09,394.5230712890625,404.5,3140032.0,6187,6187.TWO
2025-07-10,387.20806884765625,397.0,2489810.0,6187,6187.TWO
2025-07-11,387.20806884765625,397.0,2300530.0,6187,6187.TWO
2025-07-14,385.25738525390625,395.0,963175.0,6187,6187.TWO
2025-07-15,387.20806884765625,397.0,1511131.0,6187,6187.TWO
2025-07-16,396.96142578125,407.0,7625757.0,6187,6187.TWO
2025-07-17,398.9120788574219,409.0,3281375.0,6187,6187.TWO
2025-07-18,400.8627624511719,411.0,2979405.0,6187,6187.TWO
2025-07-21,402.81341552734375,413.0,3742032.0,6187,6187.TWO
2025-07-22,390.0,390.0,3970443.0,6187,6187.TWO
2025-07-23,393.0,393.0,1328251.0,6187,6187.TWO
2025-07-24,385.0,385.0,2352951.0,6187,6187.TWO
2025-07-25,375.0,375.0,2397291.0,6187,6187.TWO
2025-07-28,376.5,376.5,2003878.0,6187,6187.TWO
2025-07-29,363.5,363.5,3169687.0,6187,6187.TWO
2025-07-30,366.0,366.0,1238641.0,6187,6187.TWO
2025-07-31,377.0,377.0,1494228.0,6187,6187.TWO
2025-08-04,366.0,366.0,1428942.0,6187,6187.TWO
2025-08-05,358.5,358.5,2705672.0,6187,6187.TWO
2025-08-06,353.5,353.5,2386343.0,6187,6187.TWO
2025-08-07,368.0,368.0,4829501.0,6187,6187.TWO
2025-08-08,359.0,359.0,4194651.0,6187,6187.TWO
2025-08-11,362.0,362.0,1420612.0,6187,6187.TWO
2025-08-12,358.5,358.5,861239.0,6187,6187.TWO
2025-08-13,360.5,360.5,1824576.0,6187,6187.TWO
2025-08-14,361.5,361.5,1541154.0,6187,6187.TWO
2025-08-15,373.5,373.5,3922321.0,6187,6187.TWO
2025-08-18,372.0,372.0,1955298.0,6187,6187.TWO
2025-08-19,388.0,388.0,8090716.0,6187,6187.TWO
2025-08-20,367.5,367.5,4582340.0,6187,6187.TWO
2025-08-21,374.0,374.0,2475959.0,6187,6187.TWO
2025-08-22,368.0,368.0,1535696.0,6187,6187.TWO
2025-08-25,375.5,375.5,1770624.0,6187,6187.TWO
2025-08-26,380.0,380.0,1979188.0,6187,6187.TWO
2025-08-27,384.0,384.0,2032852.0,6187,6187.TWO
2025-08-28,384.0,384.0,4013672.0,6187,6187.TWO
2025-08-29,389.0,389.0,4941963.0,6187,6187.TWO
2025-09-01,384.0,384.0,4719470.0,6187,6187.TWO
2025-09-02,375.0,375.0,2820978.0,6187,6187.TWO
2025-09-03,379.0,379.0,1450347.0,6187,6187.TWO
2025-09-04,371.0,371.0,1412948.0,6187,6187.TWO
2025-09-05,390.5,390.5,3076886.0,6187,6187.TWO
2025-09-08,405.0,405.0,6348804.0,6187,6187.TWO
2025-09-09,384.5,384.5,7474487.0,6187,6187.TWO
2025-09-10,376.0,376.0,3876097.0,6187,6187.TWO
2025-09-11,363.5,363.5,3277613.0,6187,6187.TWO
2025-09-12,357.0,357.0,2690063.0,6187,6187.TWO
2025-09-15,361.5,361.5,1806804.0,6187,6187.TWO
2025-09-16,359.0,359.0,1661837.0,6187,6187.TWO
2025-09-17,361.5,361.5,821202.0,6187,6187.TWO
2025-09-18,372.5,372.5,2614273.0,6187,6187.TWO
2025-09-19,374.5,374.5,1783708.0,6187,6187.TWO
2025-09-22,387.0,387.0,4512830.0,6187,6187.TWO
2025-09-23,397.0,397.0,8820445.0,6187,6187.TWO
2025-09-24,409.0,409.0,13636535.0,6187,6187.TWO
2025-09-25,393.0,393.0,5996522.0,6187,6187.TWO
2025-09-26,376.0,376.0,3859515.0,6187,6187.TWO
2025-09-30,384.0,384.0,1654356.0,6187,6187.TWO
2025-10-01,380.0,380.0,1563382.0,6187,6187.TWO
2025-10-02,375.0,375.0,1900909.0,6187,6187.TWO
2025-10-03,375.0,375.0,1482991.0,6187,6187.TWO
2025-10-07,381.0,381.0,2630013.0,6187,6187.TWO
2025-10-08,376.0,376.0,1489672.0,6187,6187.TWO
2025-10-09,376.0,376.0,2020604.0,6187,6187.TWO
2025-10-13,371.5,371.5,2153144.0,6187,6187.TWO
2025-10-14,369.0,369.0,2935353.0,6187,6187.TWO
2025-10-15,384.0,384.0,2083380.0,6187,6187.TWO
2025-10-16,394.0,394.0,3888410.0,6187,6187.TWO
2025-10-17,376.5,376.5,3432211.0,6187,6187.TWO
2025-10-20,374.0,374.0,874651.0,6187,6187.TWO
2025-10-21,371.5,371.5,930514.0,6187,6187.TWO
2025-10-22,364.0,364.0,1505572.0,6187,6187.TWO
2025-10-23,363.5,363.5,1151705.0,6187,6187.TWO
2025-10-27,365.0,365.0,865277.0,6187,6187.TWO
2025-10-28,359.5,359.5,1189793.0,6187,6187.TWO
2025-10-29,361.0,361.0,801805.0,6187,6187.TWO
2025-10-30,358.0,358.0,1496640.0,6187,6187.TWO
2025-10-31,368.5,368.5,1988949.0,6187,6187.TWO
2025-11-03,378.0,378.0,1862547.0,6187,6187.TWO
2025-11-04,360.0,360.0,1911753.0,6187,6187.TWO
2025-11-05,351.0,351.0,2127769.0,6187,6187.TWO
2025-11-06,353.5,353.5,926111.0,6187,6187.TWO
2025-11-07,336.0,336.0,2400588.0,6187,6187.TWO
2025-11-10,314.5,314.5,3185828.0,6187,6187.TWO
2025-11-11,331.5,331.5,2272565.0,6187,6187.TWO
2025-11-12,335.5,335.5,1089067.0,6187,6187.TWO
2025-11-13,338.0,338.0,2357691.0,6187,6187.TWO
2025-11-14,326.0,326.0,906893.0,6187,6187.TWO
2025-11-17,323.0,323.0,1062234.0,6187,6187.TWO
2025-11-18,322.0,322.0,1230971.0,6187,6187.TWO
2025-11-19,317.5,317.5,913021.0,6187,6187.TWO
2025-11-20,337.5,337.5,1277332.0,6187,6187.TWO
2025-11-21,326.0,326.0,815686.0,6187,6187.TWO
2025-11-24,333.5,333.5,653319.0,6187,6187.TWO
2025-11-25,342.5,342.5,860075.0,6187,6187.TWO
2025-11-26,348.5,348.5,1339868.0,6187,6187.TWO
2025-11-27,348.5,348.5,645460.0,6187,6187.TWO
2025-11-28,355.0,355.0,1017606.0,6187,6187.TWO
2025-12-01,354.0,354.0,539531.0,6187,6187.TWO
2025-12-02,352.0,352.0,497101.0,6187,6187.TWO
2025-12-03,349.0,349.0,444414.0,6187,6187.TWO
2025-12-04,350.0,350.0,620009.0,6187,6187.TWO
2025-12-05,341.0,341.0,1622478.0,6187,6187.TWO
2025-12-08,353.0,353.0,1631663.0,6187,6187.TWO
2025-12-09,354.0,354.0,1038274.0,6187,6187.TWO
2025-12-10,348.0,348.0,1313312.0,6187,6187.TWO
2025-12-11,355.0,355.0,3262354.0,6187,6187.TWO
2025-12-12,360.0,360.0,897614.0,6187,6187.TWO
2025-12-15,351.0,351.0,896710.0,6187,6187.TWO
2025-12-16,347.0,347.0,1088331.0,6187,6187.TWO
2025-12-17,332.0,332.0,1412640.0,6187,6187.TWO
2025-12-18,329.0,329.0,540157.0,6187,6187.TWO
2025-12-19,331.5,331.5,441272.0,6187,6187.TWO
2025-12-22,338.5,338.5,632245.0,6187,6187.TWO
2025-12-23,342.0,342.0,574201.0,6187,6187.TWO
2025-12-24,342.0,342.0,398082.0,6187,6187.TWO
2025-12-26,347.5,347.5,594507.0,6187,6187.TWO
2025-12-29,364.0,364.0,1728622.0,6187,6187.TWO
2025-12-30,365.0,365.0,1487500.0,6187,6187.TWO
2025-12-31,364.0,364.0,1401725.0,6187,6187.TWO
2026-01-02,372.5,372.5,2521083.0,6187,6187.TWO
2026-01-05,405.0,405.0,8013253.0,6187,6187.TWO
2026-01-06,400.0,400.0,4013790.0,6187,6187.TWO
2026-01-07,394.0,394.0,2479469.0,6187,6187.TWO
2026-01-08,393.0,393.0,3021737.0,6187,6187.TWO
2026-01-09,370.0,370.0,5228961.0,6187,6187.TWO
2026-01-12,380.0,380.0,2569431.0,6187,6187.TWO
2026-01-13,375.0,375.0,2506548.0,6187,6187.TWO
2026-01-14,377.0,377.0,1215123.0,6187,6187.TWO
2026-01-15,377.5,377.5,817767.0,6187,6187.TWO
2026-01-16,376.0,376.0,3057047.0,6187,6187.TWO
2026-01-19,370.5,370.5,994372.0,6187,6187.TWO
2026-01-20,375.0,375.0,706713.0,6187,6187.TWO
2026-01-21,384.5,384.5,2321097.0,6187,6187.TWO
2026-01-22,389.5,389.5,1581025.0,6187,6187.TWO
2026-01-23,389.0,389.0,1425045.0,6187,6187.TWO
2026-01-26,383.0,383.0,1343862.0,6187,6187.TWO
2026-01-27,375.5,375.5,872520.0,6187,6187.TWO
2026-01-28,388.0,388.0,1379182.0,6187,6187.TWO
2026-01-29,376.0,376.0,1669615.0,6187,6187.TWO
2026-01-30,380.0,380.0,1360366.0,6187,6187.TWO
2026-02-02,375.5,375.5,989684.0,6187,6187.TWO
2026-02-03,374.0,374.0,684622.0,6187,6187.TWO
2026-02-04,389.0,389.0,2786116.0,6187,6187.TWO
2026-02-05,374.0,374.0,1827480.0,6187,6187.TWO
2026-02-06,369.0,369.0,1158306.0,6187,6187.TWO
2026-02-09,389.0,389.0,2676405.0,6187,6187.TWO
2026-02-10,383.0,383.0,1104244.0,6187,6187.TWO
2026-02-11,391.0,391.0,1740874.0,6187,6187.TWO
2026-02-23,425.0,425.0,7479059.0,6187,6187.TWO
2026-02-24,467.5,467.5,7546449.0,6187,6187.TWO
2026-02-25,498.0,498.0,8975294.0,6187,6187.TWO
2026-02-26,547.0,547.0,6824516.0,6187,6187.TWO
2026-03-02,565.0,565.0,10792849.0,6187,6187.TWO
2026-03-03,599.0,599.0,3999578.0,6187,6187.TWO
2026-03-04,560.0,560.0,3378180.0,6187,6187.TWO
2026-03-05,599.0,599.0,2506435.0,6187,6187.TWO
2026-03-06,590.0,590.0,1176367.0,6187,6187.TWO
2026-03-09,531.0,531.0,714516.0,6187,6187.TWO
2026-03-10,533.0,533.0,1002475.0,6187,6187.TWO
2026-03-11,586.0,586.0,531882.0,6187,6187.TWO
2026-03-12,624.0,624.0,1992824.0,6187,6187.TWO
2026-03-13,684.0,684.0,1636209.0,6187,6187.TWO
2026-03-16,732.0,732.0,987366.0,6187,6187.TWO
2026-03-17,681.0,681.0,1838446.0,6187,6187.TWO
2026-03-18,700.0,700.0,1421684.0,6187,6187.TWO
2026-03-19,745.0,745.0,1745945.0,6187,6187.TWO
2026-03-20,819.0,819.0,7056457.0,6187,6187.TWO
2026-03-23,830.0,830.0,13479998.0,6187,6187.TWO
2026-03-24,869.0,869.0,12781192.0,6187,6187.TWO
2026-03-25,955.0,955.0,7987008.0,6187,6187.TWO
2026-03-26,939.0,939.0,9566966.0,6187,6187.TWO
2026-03-27,968.0,968.0,5468275.0,6187,6187.TWO
2026-03-30,900.0,900.0,991594.0,6187,6187.TWO
2026-03-31,810.0,810.0,1342131.0,6187,6187.TWO
2026-04-01,891.0,891.0,1003059.0,6187,6187.TWO
2026-04-02,895.0,895.0,724162.0,6187,6187.TWO
2026-04-07,920.0,920.0,565738.0,6187,6187.TWO
2026-04-08,980.0,980.0,740932.0,6187,6187.TWO
2026-04-09,886.0,886.0,902014.0,6187,6187.TWO
2026-04-10,974.0,974.0,1291825.0,6187,6187.TWO
2026-04-13,1040.0,1040.0,1916796.0,6187,6187.TWO
2026-04-14,1035.0,1035.0,829673.0,6187,6187.TWO
2026-04-15,1135.0,1135.0,8874722.0,6187,6187.TWO
2026-04-16,1105.0,1105.0,6178718.0,6187,6187.TWO
2026-04-17,1215.0,1215.0,5770958.0,6187,6187.TWO
2026-04-20,1225.0,1225.0,5667852.0,6187,6187.TWO
2026-04-21,1330.0,1330.0,3953838.0,6187,6187.TWO
2026-04-22,1390.0,1390.0,3592287.0,6187,6187.TWO
2026-04-23,1255.0,1255.0,6667726.0,6187,6187.TWO
2026-04-24,1170.0,1170.0,5863957.0,6187,6187.TWO
2026-04-27,1080.0,1080.0,4863468.0,6187,6187.TWO
2026-04-28,1115.0,1115.0,4085732.0,6187,6187.TWO
2026-04-29,1100.0,1100.0,2248442.0,6187,6187.TWO
2026-04-30,1210.0,1210.0,2821704.0,6187,6187.TWO
2026-05-04,1330.0,1330.0,6162258.0,6187,6187.TWO
2026-05-05,1345.0,1345.0,5080621.0,6187,6187.TWO
2026-05-06,1215.0,1215.0,3466796.0,6187,6187.TWO
2026-05-07,1130.0,1130.0,4542371.0,6187,6187.TWO
2026-05-08,1070.0,1070.0,3349188.0,6187,6187.TWO
2026-05-11,1110.0,1110.0,2647456.0,6187,6187.TWO
2026-05-12,1220.0,1220.0,3371478.0,6187,6187.TWO
2026-05-13,1225.0,1225.0,5039616.0,6187,6187.TWO
2026-05-14,1140.0,1140.0,3707670.0,6187,6187.TWO
2026-05-15,1125.0,1125.0,2864928.0,6187,6187.TWO
2026-05-18,1135.0,1135.0,1248134.0,6187,6187.TWO
2026-05-19,1115.0,1115.0,1465759.0,6187,6187.TWO
2026-05-20,1085.0,1085.0,987418.0,6187,6187.TWO
2026-05-21,1090.0,1090.0,1468445.0,6187,6187.TWO
2026-05-22,1140.0,1140.0,2419954.0,6187,6187.TWO
2026-05-25,1210.0,1210.0,2693186.0,6187,6187.TWO
2026-05-26,1155.0,1155.0,2071835.0,6187,6187.TWO
2026-05-27,1130.0,1130.0,2923695.0,6187,6187.TWO
2026-05-28,1240.0,1240.0,4154413.0,6187,6187.TWO
2026-05-29,1120.0,1120.0,7247439.0,6187,6187.TWO
2026-06-01,1070.0,1070.0,4144155.0,6187,6187.TWO
2026-06-02,1010.0,1010.0,4627446.0,6187,6187.TWO
2026-06-03,1065.0,1065.0,2496184.0,6187,6187.TWO
2026-06-04,1115.0,1115.0,4030532.0,6187,6187.TWO
2026-06-05,1120.0,1120.0,4068570.0,6187,6187.TWO
2026-06-08,1080.0,1080.0,1838051.0,6187,6187.TWO
2026-06-09,1130.0,1130.0,3055027.0,6187,6187.TWO
2026-06-10,1065.0,1065.0,2006941.0,6187,6187.TWO
2026-06-11,1030.0,1030.0,2567615.0,6187,6187.TWO
2026-06-12,1085.0,1085.0,1906129.0,6187,6187.TWO
2026-06-15,1130.0,1130.0,3006681.0,6187,6187.TWO
2026-06-16,1140.0,1140.0,2616519.0,6187,6187.TWO
2026-06-17,1155.0,1155.0,476051.0,6187,6187.TWO
2026-06-18,1235.0,1235.0,1705572.0,6187,6187.TWO
2026-06-22,1260.0,1260.0,1001192.0,6187,6187.TWO
2026-06-23,1170.0,1170.0,1119662.0,6187,6187.TWO
2026-06-24,1060.0,1060.0,1636031.0,6187,6187.TWO
2026-06-25,1105.0,1105.0,660728.0,6187,6187.TWO
2026-06-26,1075.0,1075.0,1198934.0,6187,6187.TWO
2026-06-29,980.0,980.0,1762714.0,6187,6187.TWO
2026-06-30,998.0,998.0,1363716.0,6187,6187.TWO
2026-07-01,1065.0,1065.0,1339138.0,6187,6187.TWO
2026-07-02,1005.0,1005.0,3264731.0,6187,6187.TWO
2026-07-03,1030.0,1030.0,2049558.0,6187,6187.TWO
2026-07-06,1035.0,1035.0,2740115.0,6187,6187.TWO
2026-07-07,974.0,974.0,1953597.0,6187,6187.TWO
2026-07-08,955.0,955.0,1898232.0,6187,6187.TWO
2026-07-09,1050.0,1050.0,2677530.0,6187,6187.TWO
2026-07-10,1050.0,1050.0,0.0,6187,6187.TWO
2026-07-13,1035.0,1035.0,2303865.0,6187,6187.TWO
2026-07-14,985.0,985.0,1905498.0,6187,6187.TWO
2026-07-15,1080.0,1080.0,1604089.0,6187,6187.TWO
2026-07-16,1075.0,1075.0,3083695.0,6187,6187.TWO
2026-07-17,975.0,975.0,2466059.0,6187,6187.TWO
2026-07-20,935.0,935.0,1790897.0,6187,6187.TWO
2026-07-21,998.0,998.0,1475374.0,6187,6187.TWO
2026-07-22,1055.0,1055.0,3413797.0,6187,6187.TWO
2026-07-23,1025.0,1025.0,1872059.0,6187,6187.TWO
2026-07-24,942.0,942.0,2057595.0,6187,6187.TWO
2026-07-27,1035.0,1035.0,3145548.0,6187,6187.TWO
2026-07-28,962.0,962.0,2894864.0,6187,6187.TWO
2026-07-29,890.0,890.0,4102725.0,6187,6187.TWO
2026-07-30,845.0,845.0,1848403.0,6187,6187.TWO
2026-07-31,929.0,929.0,910306.0,6187,6187.TWO
2025-05-27,41.81560516357422,41.95000076293945,46043912.0,2408,2408.TW
2025-05-28,41.56640625,41.70000076293945,117308403.0,2408,2408.TW
2025-05-29,45.40407180786133,45.54999923706055,164315859.0,2408,2408.TW
2025-06-02,45.65327072143555,45.79999923706055,122607664.0,2408,2408.TW
2025-06-03,45.70310974121094,45.849998474121094,148936633.0,2408,2408.TW
2025-06-04,49.09221649169922,49.25,228345914.0,2408,2408.TW
2025-06-05,52.33180618286133,52.5,220002484.0,2408,2408.TW
2025-06-06,51.83340835571289,52.0,160885685.0,2408,2408.TW
2025-06-09,51.53437042236328,51.70000076293945,116359968.0,2408,2408.TW
2025-06-10,54.12603759765625,54.29999923706055,152427845.0,2408,2408.TW
2025-06-11,52.531166076660156,52.70000076293945,116991856.0,2408,2408.TW
2025-06-12,53.92667770385742,54.099998474121094,81033954.0,2408,2408.TW
2025-06-13,53.3286018371582,53.5,106628206.0,2408,2408.TW
2025-06-16,52.730525970458984,52.900001525878906,131780155.0,2408,2408.TW
2025-06-17,53.62763977050781,53.79999923706055,73122315.0,2408,2408.TW
2025-06-18,58.91065979003906,59.099998474121094,182335422.0,2408,2408.TW
2025-06-19,60.20649719238281,60.400001525878906,234890922.0,2408,2408.TW
2025-06-20,58.7113037109375,58.900001525878906,150401816.0,2408,2408.TW
2025-06-23,58.21290588378906,58.400001525878906,96417649.0,2408,2408.TW
2025-06-24,56.51835250854492,56.70000076293945,192166649.0,2408,2408.TW
2025-06-25,54.823795318603516,55.0,136977381.0,2408,2408.TW
2025-06-26,53.72732162475586,53.900001525878906,136587410.0,2408,2408.TW
2025-06-27,52.92988204956055,53.099998474121094,89067025.0,2408,2408.TW
2025-06-30,51.035972595214844,51.20000076293945,73981155.0,2408,2408.TW
2025-07-01,49.3414192199707,49.5,107320866.0,2408,2408.TW
2025-07-02,49.29157638549805,49.45000076293945,127548748.0,2408,2408.TW
2025-07-03,50.43789291381836,50.599998474121094,104080294.0,2408,2408.TW
2025-07-04,48.29478073120117,48.45000076293945,134978515.0,2408,2408.TW
2025-07-07,48.74333953857422,48.900001525878906,65957477.0,2408,2408.TW
2025-07-08,48.34461975097656,48.5,69938182.0,2408,2408.TW
2025-07-09,48.24494171142578,48.400001525878906,47100579.0,2408,2408.TW
2025-07-10,46.99894714355469,47.150001525878906,71549028.0,2408,2408.TW
2025-07-11,42.812400817871094,42.95000076293945,134333219.0,2408,2408.TW
2025-07-14,43.26095962524414,43.400001525878906,64219749.0,2408,2408.TW
2025-07-15,41.61624526977539,41.75,85330065.0,2408,2408.TW
2025-07-16,41.26736831665039,41.400001525878906,49100161.0,2408,2408.TW
2025-07-17,42.961917877197266,43.099998474121094,107591904.0,2408,2408.TW
2025-07-18,42.11464309692383,42.25,55504291.0,2408,2408.TW
2025-07-21,41.81560516357422,41.95000076293945,32666101.0,2408,2408.TW
2025-07-22,40.42008972167969,40.54999923706055,44822406.0,2408,2408.TW
2025-07-23,42.912078857421875,43.04999923706055,75783634.0,2408,2408.TW
2025-07-24,42.862239837646484,43.0,78019822.0,2408,2408.TW
2025-07-25,43.1114387512207,43.25,41222654.0,2408,2408.TW
2025-07-28,43.161277770996094,43.29999923706055,36274018.0,2408,2408.TW
2025-07-29,42.06480407714844,42.20000076293945,33417127.0,2408,2408.TW
2025-07-30,44.75615692138672,44.900001525878906,86500886.0,2408,2408.TW
2025-07-31,44.40727615356445,44.54999923706055,73923002.0,2408,2408.TW
2025-08-04,43.609840393066406,43.75,30646145.0,2408,2408.TW
2025-08-05,44.25775909423828,44.400001525878906,49668590.0,2408,2408.TW
2025-08-06,43.211116790771484,43.349998474121094,28674161.0,2408,2408.TW
2025-08-07,42.06480407714844,42.20000076293945,57604919.0,2408,2408.TW
2025-08-08,43.809200286865234,43.95000076293945,94444477.0,2408,2408.TW
2025-08-11,43.6596794128418,43.79999923706055,54838273.0,2408,2408.TW
2025-08-12,47.2979850769043,47.45000076293945,106656773.0,2408,2408.TW
2025-08-13,45.902469635009766,46.04999923706055,99023557.0,2408,2408.TW
2025-08-14,46.201507568359375,46.349998474121094,36225274.0,2408,2408.TW
2025-08-15,47.846221923828125,48.0,61679376.0,2408,2408.TW
2025-08-18,47.19830322265625,47.349998474121094,61119957.0,2408,2408.TW
2025-08-19,45.603431701660156,45.75,49574939.0,2408,2408.TW
2025-08-20,44.40727615356445,44.54999923706055,40701593.0,2408,2408.TW
2025-08-21,46.30118942260742,46.45000076293945,32329905.0,2408,2408.TW
2025-08-22,45.2047119140625,45.349998474121094,20803324.0,2408,2408.TW
2025-08-25,46.79958724975586,46.95000076293945,45922925.0,2408,2408.TW
2025-08-26,47.2979850769043,47.45000076293945,21683243.0,2408,2408.TW
2025-08-27,47.6468620300293,47.79999923706055,38445708.0,2408,2408.TW
2025-08-28,46.50054931640625,46.650001525878906,24908060.0,2408,2408.TW
2025-08-29,46.84942626953125,47.0,84519548.0,2408,2408.TW
2025-09-01,46.60022735595703,46.75,27685559.0,2408,2408.TW
2025-09-02,45.503753662109375,45.650001525878906,30527445.0,2408,2408.TW
2025-09-03,46.201507568359375,46.349998474121094,38081076.0,2408,2408.TW
2025-09-04,48.04558181762695,48.20000076293945,78307429.0,2408,2408.TW
2025-09-05,52.830204010009766,53.0,161366561.0,2408,2408.TW
2025-09-08,53.3286018371582,53.5,330133023.0,2408,2408.TW
2025-09-09,53.72732162475586,53.900001525878906,118139497.0,2408,2408.TW
2025-09-10,54.2257194519043,54.400001525878906,98426463.0,2408,2408.TW
2025-09-11,56.318992614746094,56.5,167700689.0,2408,2408.TW
2025-09-12,57.21611022949219,57.400001525878906,186640192.0,2408,2408.TW
2025-09-15,62.89784622192383,63.099998474121094,253763410.0,2408,2408.TW
2025-09-16,68.97830200195312,69.19999694824219,442109391.0,2408,2408.TW
2025-09-17,73.06517028808594,73.30000305175781,352674976.0,2408,2408.TW
2025-09-18,79.74370574951172,80.0,339283634.0,2408,2408.TW
2025-09-19,78.9462661743164,79.19999694824219,218231561.0,2408,2408.TW
2025-09-22,80.54114532470703,80.80000305175781,211609949.0,2408,2408.TW
2025-09-23,80.7405014038086,81.0,46440746.0,2408,2408.TW
2025-09-24,75.75652313232422,76.0,45599943.0,2408,2408.TW
2025-09-25,76.35459899902344,76.5999984741211,26154504.0,2408,2408.TW
2025-09-26,70.77253723144531,71.0,45117383.0,2408,2408.TW
2025-09-30,72.76612854003906,73.0,30641313.0,2408,2408.TW
2025-10-01,75.95587921142578,76.19999694824219,25787814.0,2408,2408.TW
2025-10-02,79.44466400146484,79.69999694824219,32628454.0,2408,2408.TW
2025-10-03,82.73409271240234,83.0,47262046.0,2408,2408.TW
2025-10-07,90.90782165527344,91.19999694824219,51603171.0,2408,2408.TW
2025-10-08,90.50910949707031,90.80000305175781,41142283.0,2408,2408.TW
2025-10-09,98.18443298339844,98.5,218321645.0,2408,2408.TW
2025-10-13,95.2937240600586,95.5999984741211,176262358.0,2408,2408.TW
2025-10-14,88.8145523071289,89.0999984741211,369928156.0,2408,2408.TW
2025-10-15,86.02352142333984,86.30000305175781,183892606.0,2408,2408.TW
2025-10-16,94.5959701538086,94.9000015258789,138481376.0,2408,2408.TW
2025-10-17,103.66681671142578,104.0,263572173.0,2408,2408.TW
2025-10-20,106.6572036743164,107.0,215430485.0,2408,2408.TW
2025-10-21,105.1620101928711,105.5,104519667.0,2408,2408.TW
2025-10-22,109.64759063720703,110.0,104326273.0,2408,2408.TW
2025-10-23,109.1491928100586,109.5,109418460.0,2408,2408.TW
2025-10-27,119.61555480957031,120.0,27565457.0,2408,2408.TW
2025-10-28,129.58352661132812,130.0,219575628.0,2408,2408.TW
2025-10-29,132.57391357421875,133.0,193523986.0,2408,2408.TW
2025-10-30,134.06910705566406,134.5,173746589.0,2408,2408.TW
2025-10-31,132.0755157470703,132.5,123916055.0,2408,2408.TW
2025-11-03,136.56109619140625,137.0,168088541.0,2408,2408.TW
2025-11-04,131.07872009277344,131.5,151542641.0,2408,2408.TW
2025-11-05,137.55789184570312,138.0,243777476.0,2408,2408.TW
2025-11-06,147.52584838867188,148.0,275702413.0,2408,2408.TW
2025-11-07,146.529052734375,147.0,231687195.0,2408,2408.TW
2025-11-10,160.98260498046875,161.5,179090135.0,2408,2408.TW
2025-11-11,163.97299194335938,164.5,283771471.0,2408,2408.TW
2025-11-12,162.47779846191406,163.0,190578767.0,2408,2408.TW
2025-11-13,162.9761962890625,163.5,359866936.0,2408,2408.TW
2025-11-14,157.99221801757812,158.5,217472003.0,2408,2408.TW
2025-11-17,165.96658325195312,166.5,187266797.0,2408,2408.TW
2025-11-18,159.98580932617188,160.5,191833355.0,2408,2408.TW
2025-11-19,159.48741149902344,160.0,152860853.0,2408,2408.TW
2025-11-20,155.0018310546875,155.5,403575169.0,2408,2408.TW
2025-11-21,139.55148315429688,140.0,133517507.0,2408,2408.TW
2025-11-24,142.5418701171875,143.0,176659248.0,2408,2408.TW
2025-11-25,143.04026794433594,143.5,195059303.0,2408,2408.TW
2025-11-26,136.0626983642578,136.5,164430112.0,2408,2408.TW
2025-11-27,145.53225708007812,146.0,139339539.0,2408,2408.TW
2025-11-28,145.53225708007812,146.0,109036058.0,2408,2408.TW
2025-12-01,149.0210418701172,149.5,97263909.0,2408,2408.TW
2025-12-02,149.0210418701172,149.5,121711328.0,2408,2408.TW
2025-12-03,150.5162353515625,151.0,199371600.0,2408,2408.TW
2025-12-04,150.5162353515625,151.0,135369874.0,2408,2408.TW
2025-12-05,152.5098419189453,153.0,140416884.0,2408,2408.TW
2025-12-08,162.9761962890625,163.5,47804385.0,2408,2408.TW
2025-12-09,161.4810028076172,162.0,26836537.0,2408,2408.TW
2025-12-10,155.50022888183594,156.0,26253982.0,2408,2408.TW
2025-12-11,155.50022888183594,156.0,14910642.0,2408,2408.TW
2025-12-12,161.4810028076172,162.0,26152247.0,2408,2408.TW
2025-12-15,161.97940063476562,162.5,17141698.0,2408,2408.TW
2025-12-16,157.4938201904297,158.0,24411859.0,2408,2408.TW
2025-12-17,163.97299194335938,164.5,29583972.0,2408,2408.TW
2025-12-18,169.4553680419922,170.0,39836220.0,2408,2408.TW
2025-12-19,173.94094848632812,174.5,37562620.0,2408,2408.TW
2025-12-22,179.42333984375,180.0,155149934.0,2408,2408.TW
2025-12-23,175.93455505371094,176.5,73981521.0,2408,2408.TW
2025-12-24,188.39450073242188,189.0,117694281.0,2408,2408.TW
2025-12-26,188.39450073242188,189.0,77626340.0,2408,2408.TW
2025-12-29,187.89610290527344,188.5,72060478.0,2408,2408.TW
2025-12-30,193.8768768310547,194.5,151090912.0,2408,2408.TW
2025-12-31,192.38168334960938,193.0,114573682.0,2408,2408.TW
2026-01-02,206.3368377685547,207.0,137743889.0,2408,2408.TW
2026-01-05,207.33363342285156,208.0,113599487.0,2408,2408.TW
2026-01-06,227.76795959472656,228.5,153865682.0,2408,2408.TW
2026-01-07,240.2279052734375,241.0,164653480.0,2408,2408.TW
2026-01-08,240.72630310058594,241.5,89592940.0,2408,2408.TW
2026-01-09,216.80319213867188,217.5,20480454.0,2408,2408.TW
2026-01-12,238.23431396484375,239.0,15304683.0,2408,2408.TW
2026-01-13,229.26315307617188,230.0,10571290.0,2408,2408.TW
2026-01-14,235.74232482910156,236.5,9783721.0,2408,2408.TW
2026-01-15,236.73912048339844,237.5,7439479.0,2408,2408.TW
2026-01-16,249.19908142089844,250.0,15747022.0,2408,2408.TW
2026-01-19,274.1189880371094,275.0,12798774.0,2408,2408.TW
2026-01-20,271.12860107421875,272.0,26189068.0,2408,2408.TW
2026-01-21,250.1958770751953,251.0,27644945.0,2408,2408.TW
2026-01-22,265.6462097167969,266.5,22120755.0,2408,2408.TW
2026-01-23,270.63018798828125,271.5,165232150.0,2408,2408.TW
2026-01-26,285.083740234375,286.0,111161380.0,2408,2408.TW
2026-01-27,276.1125793457031,277.0,75560007.0,2408,2408.TW
2026-01-28,296.0484924316406,297.0,117090721.0,2408,2408.TW
2026-01-29,296.0484924316406,297.0,126434701.0,2408,2408.TW
2026-01-30,325.4540100097656,326.5,126113999.0,2408,2408.TW
2026-02-02,293.05810546875,294.0,97058085.0,2408,2408.TW
2026-02-03,276.6109619140625,277.5,175086747.0,2408,2408.TW
2026-02-04,294.0549011230469,295.0,101351124.0,2408,2408.TW
2026-02-05,274.1189880371094,275.0,86466349.0,2408,2408.TW
2026-02-06,263.15423583984375,264.0,131687996.0,2408,2408.TW
2026-02-09,273.6205749511719,274.5,87673937.0,2408,2408.TW
2026-02-10,270.1318054199219,271.0,95685271.0,2408,2408.TW
2026-02-11,277.109375,278.0,90906529.0,2408,2408.TW
2026-02-23,288.0741271972656,289.0,91296194.0,2408,2408.TW
2026-02-24,297.0452880859375,298.0,92986109.0,2408,2408.TW
2026-02-25,287.07733154296875,288.0,66784821.0,2408,2408.TW
2026-02-26,284.5853576660156,285.5,64832341.0,2408,2408.TW
2026-03-02,284.0869445800781,285.0,52496960.0,2408,2408.TW
2026-03-03,255.67825317382812,256.5,87454156.0,2408,2408.TW
2026-03-04,233.7487335205078,234.5,105278188.0,2408,2408.TW
2026-03-05,256.675048828125,257.5,21082824.0,2408,2408.TW
2026-03-06,232.2535400390625,233.0,158410557.0,2408,2408.TW
2026-03-09,209.3272247314453,210.0,20638661.0,2408,2408.TW
2026-03-10,230.25994873046875,231.0,114034338.0,2408,2408.TW
2026-03-11,253.18626403808594,254.0,89192007.0,2408,2408.TW
2026-03-12,238.7327117919922,239.5,149941247.0,2408,2408.TW
2026-03-13,237.23751831054688,238.0,94195866.0,2408,2408.TW
2026-03-16,260.6622314453125,261.5,91624503.0,2408,2408.TW
2026-03-17,270.63018798828125,271.5,130911740.0,2408,2408.TW
2026-03-18,275.11578369140625,276.0,100661642.0,2408,2408.TW
2026-03-19,259.16705322265625,260.0,81924960.0,2408,2408.TW
2026-03-20,233.25033569335938,234.0,154684660.0,2408,2408.TW
2026-03-23,222.28558349609375,223.0,76862997.0,2408,2408.TW
2026-03-24,215.806396484375,216.5,147786363.0,2408,2408.TW
2026-03-25,225.7743682861328,226.5,96516285.0,2408,2408.TW
2026-03-26,224.77757263183594,225.5,181359174.0,2408,2408.TW
2026-03-27,218.79678344726562,219.5,131297286.0,2408,2408.TW
2026-03-30,219.7935791015625,220.5,124793584.0,2408,2408.TW
2026-03-31,197.86407470703125,198.5,144693809.0,2408,2408.TW
2026-04-01,210.3240203857422,211.0,120891443.0,2408,2408.TW
2026-04-02,199.857666015625,200.5,118678529.0,2408,2408.TW
2026-04-07,205.3400421142578,206.0,72854559.0,2408,2408.TW
2026-04-08,222.28558349609375,223.0,94079973.0,2408,2408.TW
2026-04-09,204.34324645996094,205.0,88390863.0,2408,2408.TW
2026-04-10,214.3112030029297,215.0,92689098.0,2408,2408.TW
2026-04-13,224.77757263183594,225.5,96214475.0,2408,2408.TW
2026-04-14,219.29518127441406,220.0,159108831.0,2408,2408.TW
2026-04-15,210.82241821289062,211.5,104925775.0,2408,2408.TW
2026-04-16,212.81600952148438,213.5,52221009.0,2408,2408.TW
2026-04-17,209.3272247314453,210.0,67233540.0,2408,2408.TW
2026-04-20,206.3368377685547,207.0,66688062.0,2408,2408.TW
2026-04-21,219.29518127441406,220.0,107973183.0,2408,2408.TW
2026-04-22,218.2983856201172,219.0,70266440.0,2408,2408.TW
2026-04-23,207.33363342285156,208.0,139289252.0,2408,2408.TW
2026-04-24,205.3400421142578,206.0,98138631.0,2408,2408.TW
2026-04-27,225.7743682861328,226.5,130698544.0,2408,2408.TW
2026-04-28,236.73912048339844,237.5,202410954.0,2408,2408.TW
2026-04-29,234.24713134765625,235.0,97459281.0,2408,2408.TW
2026-04-30,214.80960083007812,215.5,122600488.0,2408,2408.TW
2026-05-04,236.24072265625,237.0,141700739.0,2408,2408.TW
2026-05-05,255.67825317382812,256.5,204348656.0,2408,2408.TW
2026-05-06,281.0965576171875,282.0,145982211.0,2408,2408.TW
2026-05-07,286.0805358886719,287.0,194781780.0,2408,2408.TW
2026-05-08,273.1221923828125,274.0,128264925.0,2408,2408.TW
2026-05-11,300.0356750488281,301.0,106175310.0,2408,2408.TW
2026-05-12,319.97161865234375,321.0,214784784.0,2408,2408.TW
2026-05-13,319.97161865234375,321.0,104400157.0,2408,2408.TW
2026-05-14,339.90753173828125,341.0,178096977.0,2408,2408.TW
2026-05-15,310.5020446777344,311.5,156299912.0,2408,2408.TW
2026-05-18,304.02288818359375,305.0,114548833.0,2408,2408.TW
2026-05-19,273.6205749511719,274.5,115560544.0,2408,2408.TW
2026-05-20,274.1189880371094,275.0,122061066.0,2408,2408.TW
2026-05-21,292.0613098144531,293.0,148145474.0,2408,2408.TW
2026-05-22,309.5052490234375,310.5,154923679.0,2408,2408.TW
2026-05-25,295.05169677734375,296.0,151776954.0,2408,2408.TW
2026-05-26,302.5276794433594,303.5,150917334.0,2408,2408.TW
2026-05-27,311.0004577636719,312.0,203221079.0,2408,2408.TW
2026-05-28,322.9620056152344,324.0,222682982.0,2408,2408.TW
2026-05-29,345.8883056640625,347.0,138575590.0,2408,2408.TW
2026-06-01,380.2778015136719,381.5,126450074.0,2408,2408.TW
2026-06-02,418.15606689453125,419.5,168848353.0,2408,2408.TW
2026-06-03,400.2137145996094,401.5,147589260.0,2408,2408.TW
2026-06-04,393.7345275878906,395.0,112746316.0,2408,2408.TW
2026-06-05,358.8466796875,360.0,117804622.0,2408,2408.TW
2026-06-08,338.412353515625,339.5,102333289.0,2408,2408.TW
2026-06-09,361.8370666503906,363.0,98251615.0,2408,2408.TW
2026-06-10,331.93316650390625,333.0,97665902.0,2408,2408.TW
2026-06-11,338.9107360839844,340.0,100245196.0,2408,2408.TW
2026-06-12,372.80181884765625,374.0,92187657.0,2408,2408.TW
2026-06-15,394.2329406738281,395.5,130292915.0,2408,2408.TW
2026-06-16,423.638427734375,425.0,166701698.0,2408,2408.TW
2026-06-17,435.5999755859375,437.0,99235011.0,2408,2408.TW
2026-06-18,458.02789306640625,459.5,178589022.0,2408,2408.TW
2026-06-22,503.38214111328125,505.0,94025445.0,2408,2408.TW
2026-06-23,453.0439147949219,454.5,158743158.0,2408,2408.TW
2026-06-24,442.07916259765625,443.5,121602945.0,2408,2408.TW
2026-06-25,475.4718322753906,477.0,108872443.0,2408,2408.TW
2026-06-26,447.5615539550781,449.0,140427659.0,2408,2408.TW
2026-06-29,451.5487365722656,453.0,75810195.0,2408,2408.TW
2026-06-30,451.0503234863281,452.5,107365413.0,2408,2408.TW
2026-07-01,419.6512451171875,421.0,98271197.0,2408,2408.TW
2026-07-02,405.69610595703125,407.0,62267181.0,2408,2408.TW
2026-07-03,408.1880798339844,409.5,60517156.0,2408,2408.TW
2026-07-06,419.1528625488281,420.5,60787821.0,2408,2408.TW
2026-07-07,403.0,403.0,79986019.0,2408,2408.TW
2026-07-08,396.0,396.0,61497521.0,2408,2408.TW
2026-07-09,435.5,435.5,83436696.0,2408,2408.TW
2026-07-10,435.5,435.5,0.0,2408,2408.TW
2026-07-13,423.0,423.0,128528268.0,2408,2408.TW
2026-07-14,448.0,448.0,121275180.0,2408,2408.TW
2026-07-15,481.0,481.0,155239236.0,2408,2408.TW
2026-07-16,439.0,439.0,83109774.0,2408,2408.TW
2026-07-17,395.5,395.5,79619347.0,2408,2408.TW
2026-07-20,381.0,381.0,72324227.0,2408,2408.TW
2026-07-21,405.0,405.0,68549073.0,2408,2408.TW
2026-07-22,445.5,445.5,61961973.0,2408,2408.TW
2026-07-23,426.0,426.0,87890897.0,2408,2408.TW
2026-07-24,401.0,401.0,78502141.0,2408,2408.TW
2026-07-27,436.0,436.0,79883290.0,2408,2408.TW
2026-07-28,392.5,392.5,58623353.0,2408,2408.TW
2026-07-29,353.5,353.5,54798783.0,2408,2408.TW
2026-07-30,328.0,328.0,118586161.0,2408,2408.TW
2026-07-31,360.5,360.5,8121123.0,2408,2408.TW
2025-05-27,857.2111206054688,898.0,757110.0,1590,1590.TW
2025-05-28,869.62060546875,911.0,337007.0,1590,1590.TW
2025-05-29,890.621337890625,933.0,1439711.0,1590,1590.TW
2025-06-02,882.0301513671875,924.0,966703.0,1590,1590.TW
2025-06-03,900.1671142578125,943.0,739080.0,1590,1590.TW
2025-06-04,906.8491821289062,950.0,630900.0,1590,1590.TW
2025-06-05,884.8938598632812,927.0,586023.0,1590,1590.TW
2025-06-06,881.0755615234375,923.0,289665.0,1590,1590.TW
2025-06-09,882.0301513671875,924.0,327505.0,1590,1590.TW
2025-06-10,879.1664428710938,921.0,373006.0,1590,1590.TW
2025-06-11,880.1209716796875,922.0,392034.0,1590,1590.TW
2025-06-12,871.5297241210938,913.0,569081.0,1590,1590.TW
2025-06-13,832.39208984375,872.0,950411.0,1590,1590.TW
2025-06-16,827.6192016601562,867.0,379081.0,1590,1590.TW
2025-06-17,832.39208984375,872.0,494002.0,1590,1590.TW
2025-06-18,861.0294189453125,902.0,445187.0,1590,1590.TW
2025-06-19,826.6646118164062,866.0,439380.0,1590,1590.TW
2025-06-20,822.8463134765625,862.0,523025.0,1590,1590.TW
2025-06-23,808.527587890625,847.0,381159.0,1590,1590.TW
2025-06-24,822.8463134765625,862.0,374049.0,1590,1590.TW
2025-06-25,825.7100219726562,865.0,567108.0,1590,1590.TW
2025-06-26,823.8009033203125,863.0,399959.0,1590,1590.TW
2025-06-27,828.5737915039062,868.0,453054.0,1590,1590.TW
2025-06-30,831.4375,871.0,407026.0,1590,1590.TW
2025-07-01,836.2103881835938,876.0,521889.0,1590,1590.TW
2025-07-02,843.8469848632812,884.0,326005.0,1590,1590.TW
2025-07-03,852.438232421875,893.0,261209.0,1590,1590.TW
2025-07-04,821.8916625976562,861.0,598172.0,1590,1590.TW
2025-07-07,806.6184692382812,845.0,417021.0,1590,1590.TW
2025-07-08,798.0272827148438,836.0,391154.0,1590,1590.TW
2025-07-09,813.3004760742188,852.0,345036.0,1590,1590.TW
2025-07-10,820.9370727539062,860.0,282031.0,1590,1590.TW
2025-07-11,826.6646118164062,866.0,303024.0,1590,1590.TW
2025-07-14,826.6646118164062,866.0,310100.0,1590,1590.TW
2025-07-15,826.6646118164062,866.0,306217.0,1590,1590.TW
2025-07-16,830.48291015625,870.0,473002.0,1590,1590.TW
2025-07-17,834.3012084960938,874.0,258115.0,1590,1590.TW
2025-07-18,820.9370727539062,860.0,439104.0,1590,1590.TW
2025-07-21,825.7100219726562,865.0,545026.0,1590,1590.TW
2025-07-22,799.9364624023438,838.0,489151.0,1590,1590.TW
2025-07-23,827.6192016601562,867.0,755007.0,1590,1590.TW
2025-07-24,835.2557983398438,875.0,686003.0,1590,1590.TW
2025-07-25,828.5737915039062,868.0,211003.0,1590,1590.TW
2025-07-28,826.6646118164062,866.0,125006.0,1590,1590.TW
2025-07-29,819.9825439453125,859.0,358003.0,1590,1590.TW
2025-07-30,826.6646118164062,866.0,392503.0,1590,1590.TW
2025-07-31,817.1187744140625,856.0,440596.0,1590,1590.TW
2025-08-04,754.1166381835938,790.0,1122100.0,1590,1590.TW
2025-08-05,768.435302734375,805.0,767030.0,1590,1590.TW
2025-08-06,764.6170043945312,801.0,475130.0,1590,1590.TW
2025-08-07,768.435302734375,805.0,638019.0,1590,1590.TW
2025-08-08,771.299072265625,808.0,295030.0,1590,1590.TW
2025-08-11,760.7987060546875,797.0,629330.0,1590,1590.TW
2025-08-12,758.8895263671875,795.0,527220.0,1590,1590.TW
2025-08-13,748.3892211914062,784.0,497101.0,1590,1590.TW
2025-08-14,762.7078247070312,799.0,631055.0,1590,1590.TW
2025-08-15,762.7078247070312,799.0,245124.0,1590,1590.TW
2025-08-18,761.7532958984375,798.0,239161.0,1590,1590.TW
2025-08-19,745.5255126953125,781.0,456263.0,1590,1590.TW
2025-08-20,741.7071533203125,777.0,433105.0,1590,1590.TW
2025-08-21,754.1166381835938,790.0,748037.0,1590,1590.TW
2025-08-22,768.435302734375,805.0,1341750.0,1590,1590.TW
2025-08-25,778.9357299804688,816.0,724777.0,1590,1590.TW
2025-08-26,778.9357299804688,816.0,1142921.0,1590,1590.TW
2025-08-27,778.9357299804688,816.0,571288.0,1590,1590.TW
2025-08-28,763.6624145507812,800.0,1183653.0,1590,1590.TW
2025-08-29,753.162109375,789.0,1626221.0,1590,1590.TW
2025-09-01,741.7071533203125,777.0,1306163.0,1590,1590.TW
2025-09-02,745.5255126953125,781.0,685091.0,1590,1590.TW
2025-09-03,757.9349975585938,794.0,743105.0,1590,1590.TW
2025-09-04,756.9804077148438,793.0,281016.0,1590,1590.TW
2025-09-05,751.2529296875,787.0,316032.0,1590,1590.TW
2025-09-08,748.3892211914062,784.0,257105.0,1590,1590.TW
2025-09-09,756.0258178710938,792.0,1023070.0,1590,1590.TW
2025-09-10,751.2529296875,787.0,913000.0,1590,1590.TW
2025-09-11,740.7525634765625,776.0,668493.0,1590,1590.TW
2025-09-12,745.5255126953125,781.0,441673.0,1590,1590.TW
2025-09-15,738.8433837890625,774.0,713037.0,1590,1590.TW
2025-09-16,728.3430786132812,763.0,855236.0,1590,1590.TW
2025-09-17,727.3884887695312,762.0,1095276.0,1590,1590.TW
2025-09-18,738.8433837890625,774.0,882123.0,1590,1590.TW
2025-09-19,735.0250854492188,770.0,969115.0,1590,1590.TW
2025-09-22,746.4800415039062,782.0,1044119.0,1590,1590.TW
2025-09-23,749.4283447265625,765.0,968597.0,1590,1590.TW
2025-09-24,744.5300903320312,760.0,664243.0,1590,1590.TW
2025-09-25,740.6115112304688,756.0,445069.0,1590,1590.TW
2025-09-26,734.733642578125,750.0,597202.0,1590,1590.TW
2025-09-30,737.672607421875,753.0,545312.0,1590,1590.TW
2025-10-01,725.9168701171875,741.0,514476.0,1590,1590.TW
2025-10-02,754.3265991210938,770.0,876495.0,1590,1590.TW
2025-10-03,793.5123901367188,810.0,3047631.0,1590,1590.TW
2025-10-07,826.8203125,844.0,2454421.0,1590,1590.TW
2025-10-08,860.1282348632812,878.0,3195235.0,1590,1590.TW
2025-10-09,851.3114013671875,869.0,1092715.0,1590,1590.TW
2025-10-13,843.4742431640625,861.0,1185760.0,1590,1590.TW
2025-10-14,853.2706909179688,871.0,1520295.0,1590,1590.TW
2025-10-15,883.6397094726562,902.0,1848691.0,1590,1590.TW
2025-10-16,884.6193237304688,903.0,1899390.0,1590,1590.TW
2025-10-17,856.2096557617188,874.0,874350.0,1590,1590.TW
2025-10-20,856.2096557617188,874.0,527519.0,1590,1590.TW
2025-10-21,874.8228759765625,893.0,700407.0,1590,1590.TW
2025-10-22,887.5582885742188,906.0,649348.0,1590,1590.TW
2025-10-23,893.4361572265625,912.0,679255.0,1590,1590.TW
2025-10-27,895.3954467773438,914.0,489120.0,1590,1590.TW
2025-10-28,886.57861328125,905.0,681230.0,1590,1590.TW
2025-10-29,881.680419921875,900.0,668210.0,1590,1590.TW
2025-10-30,885.5989990234375,904.0,612155.0,1590,1590.TW
2025-10-31,892.4564819335938,911.0,841310.0,1590,1590.TW
2025-11-03,901.2733154296875,920.0,697112.0,1590,1590.TW
2025-11-04,923.8051147460938,943.0,1503099.0,1590,1590.TW
2025-11-05,950.2555541992188,970.0,1607505.0,1590,1590.TW
2025-11-06,962.0112915039062,982.0,688317.0,1590,1590.TW
2025-11-07,950.2555541992188,970.0,405187.0,1590,1590.TW
2025-11-10,946.3369750976562,966.0,239150.0,1590,1590.TW
2025-11-11,941.438720703125,961.0,335155.0,1590,1590.TW
2025-11-12,957.113037109375,977.0,991041.0,1590,1590.TW
2025-11-13,945.3572998046875,965.0,399059.0,1590,1590.TW
2025-11-14,936.54052734375,956.0,521145.0,1590,1590.TW
2025-11-17,934.5812377929688,954.0,494064.0,1590,1590.TW
2025-11-18,891.4768676757812,910.0,386146.0,1590,1590.TW
2025-11-19,875.8025512695312,894.0,403102.0,1590,1590.TW
2025-11-20,883.6397094726562,902.0,369049.0,1590,1590.TW
2025-11-21,860.1282348632812,878.0,495116.0,1590,1590.TW
2025-11-24,874.8228759765625,893.0,762011.0,1590,1590.TW
2025-11-25,882.6600341796875,901.0,434066.0,1590,1590.TW
2025-11-26,876.7821655273438,895.0,487896.0,1590,1590.TW
2025-11-27,878.741455078125,897.0,505219.0,1590,1590.TW
2025-11-28,884.6193237304688,903.0,352155.0,1590,1590.TW
2025-12-01,857.1892700195312,875.0,409155.0,1590,1590.TW
2025-12-02,866.9857177734375,885.0,476119.0,1590,1590.TW
2025-12-03,877.7618408203125,896.0,785007.0,1590,1590.TW
2025-12-04,891.4768676757812,910.0,876183.0,1590,1590.TW
2025-12-05,896.3750610351562,915.0,717055.0,1590,1590.TW
2025-12-08,898.3343505859375,917.0,557030.0,1590,1590.TW
2025-12-09,902.2529296875,921.0,350040.0,1590,1590.TW
2025-12-10,885.5989990234375,904.0,369101.0,1590,1590.TW
2025-12-11,898.3343505859375,917.0,612020.0,1590,1590.TW
2025-12-12,953.1944580078125,973.0,1273233.0,1590,1590.TW
2025-12-15,948.2962646484375,968.0,423036.0,1590,1590.TW
2025-12-16,920.8662109375,940.0,594211.0,1590,1590.TW
2025-12-17,909.1104736328125,928.0,512081.0,1590,1590.TW
2025-12-18,886.57861328125,905.0,569405.0,1590,1590.TW
2025-12-19,903.2326049804688,922.0,475050.0,1590,1590.TW
2025-12-22,921.8458251953125,941.0,299009.0,1590,1590.TW
2025-12-23,921.8458251953125,941.0,263036.0,1590,1590.TW
2025-12-24,929.6829833984375,949.0,309083.0,1590,1590.TW
2025-12-26,919.8865356445312,939.0,87041.0,1590,1590.TW
2025-12-29,913.029052734375,932.0,156022.0,1590,1590.TW
2025-12-30,922.8255004882812,942.0,214046.0,1590,1590.TW
2025-12-31,911.0697631835938,930.0,163012.0,1590,1590.TW
2026-01-02,936.54052734375,956.0,460070.0,1590,1590.TW
2026-01-05,942.4183959960938,962.0,245187.0,1590,1590.TW
2026-01-06,950.2555541992188,970.0,778150.0,1590,1590.TW
2026-01-07,960.052001953125,980.0,609064.0,1590,1590.TW
2026-01-08,962.0112915039062,982.0,459080.0,1590,1590.TW
2026-01-09,979.6448974609375,1000.0,821273.0,1590,1590.TW
2026-01-12,950.2555541992188,970.0,677271.0,1590,1590.TW
2026-01-13,971.8077392578125,992.0,372644.0,1590,1590.TW
2026-01-14,979.6448974609375,1000.0,693091.0,1590,1590.TW
2026-01-15,994.3395385742188,1015.0,530501.0,1590,1590.TW
2026-01-16,999.23779296875,1020.0,295501.0,1590,1590.TW
2026-01-19,994.3395385742188,1015.0,275121.0,1590,1590.TW
2026-01-20,1004.1360473632812,1025.0,390068.0,1590,1590.TW
2026-01-21,1004.1360473632812,1025.0,617433.0,1590,1590.TW
2026-01-22,994.3395385742188,1015.0,879099.0,1590,1590.TW
2026-01-23,999.23779296875,1020.0,740076.0,1590,1590.TW
2026-01-26,984.5430908203125,1005.0,462084.0,1590,1590.TW
2026-01-27,1004.1360473632812,1025.0,594057.0,1590,1590.TW
2026-01-28,1004.1360473632812,1025.0,533052.0,1590,1590.TW
2026-01-29,1018.8306884765625,1040.0,911831.0,1590,1590.TW
2026-01-30,1116.795166015625,1140.0,2172384.0,1590,1590.TW
2026-02-02,1146.1845703125,1170.0,2128523.0,1590,1590.TW
2026-02-03,1151.082763671875,1175.0,1419180.0,1590,1590.TW
2026-02-04,1185.370361328125,1210.0,1434223.0,1590,1590.TW
2026-02-05,1219.6578369140625,1245.0,1934366.0,1590,1590.TW
2026-02-06,1170.6756591796875,1195.0,1218140.0,1590,1590.TW
2026-02-09,1190.2685546875,1215.0,659111.0,1590,1590.TW
2026-02-10,1204.9632568359375,1230.0,821285.0,1590,1590.TW
2026-02-11,1175.5738525390625,1200.0,974302.0,1590,1590.TW
2026-02-23,1151.082763671875,1175.0,1749139.0,1590,1590.TW
2026-02-24,1160.879150390625,1185.0,770098.0,1590,1590.TW
2026-02-25,1165.7774658203125,1190.0,676030.0,1590,1590.TW
2026-02-26,1180.4720458984375,1205.0,1319244.0,1590,1590.TW
2026-03-02,1219.6578369140625,1245.0,1050096.0,1590,1590.TW
2026-03-03,1160.879150390625,1185.0,1047370.0,1590,1590.TW
2026-03-04,1082.507568359375,1105.0,1547486.0,1590,1590.TW
2026-03-05,1067.81298828125,1090.0,909725.0,1590,1590.TW
2026-03-06,1018.8306884765625,1040.0,1089419.0,1590,1590.TW
2026-03-09,949.27587890625,969.0,1628326.0,1590,1590.TW
2026-03-10,950.2555541992188,970.0,1256503.0,1590,1590.TW
2026-03-11,1013.9324951171875,1035.0,1825929.0,1590,1590.TW
2026-03-12,1009.0342407226562,1030.0,1303332.0,1590,1590.TW
2026-03-13,999.23779296875,1020.0,576125.0,1590,1590.TW
2026-03-16,994.3395385742188,1015.0,540150.0,1590,1590.TW
2026-03-17,1004.1360473632812,1025.0,521017.0,1590,1590.TW
2026-03-18,1004.1360473632812,1025.0,963132.0,1590,1590.TW
2026-03-19,958.0927124023438,978.0,562348.0,1590,1590.TW
2026-03-20,961.0316162109375,981.0,710065.0,1590,1590.TW
2026-03-23,943.3980102539062,963.0,305095.0,1590,1590.TW
2026-03-24,933.6015625,953.0,547276.0,1590,1590.TW
2026-03-25,989.4413452148438,1010.0,686118.0,1590,1590.TW
2026-03-26,984.5430908203125,1005.0,1004016.0,1590,1590.TW
2026-03-27,969.8484497070312,990.0,336591.0,1590,1590.TW
2026-03-30,966.9094848632812,987.0,403011.0,1590,1590.TW
2026-03-31,972.787353515625,993.0,1052000.0,1590,1590.TW
2026-04-01,1004.1360473632812,1025.0,703403.0,1590,1590.TW
2026-04-02,975.726318359375,996.0,768386.0,1590,1590.TW
2026-04-07,1009.0342407226562,1030.0,687055.0,1590,1590.TW
2026-04-08,1053.1182861328125,1075.0,920102.0,1590,1590.TW
2026-04-09,1053.1182861328125,1075.0,658242.0,1590,1590.TW
2026-04-10,1092.3040771484375,1115.0,961196.0,1590,1590.TW
2026-04-13,1072.711181640625,1095.0,528374.0,1590,1590.TW
2026-04-14,1092.3040771484375,1115.0,443152.0,1590,1590.TW
2026-04-15,1160.879150390625,1185.0,1123178.0,1590,1590.TW
2026-04-16,1200.06494140625,1225.0,1325191.0,1590,1590.TW
2026-04-17,1229.454345703125,1255.0,1425311.0,1590,1590.TW
2026-04-20,1249.0472412109375,1275.0,1841302.0,1590,1590.TW
2026-04-21,1239.250732421875,1265.0,1401082.0,1590,1590.TW
2026-04-22,1298.029541015625,1325.0,1953283.0,1590,1590.TW
2026-04-23,1351.909912109375,1380.0,2570780.0,1590,1590.TW
2026-04-24,1332.3170166015625,1360.0,2811407.0,1590,1590.TW
2026-04-27,1381.29931640625,1410.0,1909151.0,1590,1590.TW
2026-04-28,1376.401123046875,1405.0,1938281.0,1590,1590.TW
2026-04-29,1459.6708984375,1490.0,2599845.0,1590,1590.TW
2026-04-30,1425.38330078125,1455.0,2697569.0,1590,1590.TW
2026-05-04,1440.0780029296875,1470.0,1398344.0,1590,1590.TW
2026-05-05,1410.6885986328125,1440.0,1052343.0,1590,1590.TW
2026-05-06,1405.7904052734375,1435.0,1041135.0,1590,1590.TW
2026-05-07,1459.6708984375,1490.0,1308293.0,1590,1590.TW
2026-05-08,1474.3656005859375,1505.0,1431305.0,1590,1590.TW
2026-05-11,1518.4495849609375,1550.0,1477216.0,1590,1590.TW
2026-05-12,1503.7548828125,1535.0,767008.0,1590,1590.TW
2026-05-13,1449.8743896484375,1480.0,919437.0,1590,1590.TW
2026-05-14,1435.1798095703125,1465.0,885113.0,1590,1590.TW
2026-05-15,1435.1798095703125,1465.0,1142564.0,1590,1590.TW
2026-05-18,1420.485107421875,1450.0,730201.0,1590,1590.TW
2026-05-19,1400.8922119140625,1430.0,920378.0,1590,1590.TW
2026-05-20,1376.401123046875,1405.0,580139.0,1590,1590.TW
2026-05-21,1391.095703125,1420.0,529427.0,1590,1590.TW
2026-05-22,1381.29931640625,1410.0,1194382.0,1590,1590.TW
2026-05-25,1420.485107421875,1450.0,571430.0,1590,1590.TW
2026-05-26,1435.1798095703125,1465.0,623254.0,1590,1590.TW
2026-05-27,1405.7904052734375,1435.0,590221.0,1590,1590.TW
2026-05-28,1361.7064208984375,1390.0,1580145.0,1590,1590.TW
2026-05-29,1371.5028076171875,1400.0,1535670.0,1590,1590.TW
2026-06-01,1322.5206298828125,1350.0,961476.0,1590,1590.TW
2026-06-02,1253.9454345703125,1280.0,979608.0,1590,1590.TW
2026-06-03,1342.113525390625,1370.0,1217317.0,1590,1590.TW
2026-06-04,1283.3348388671875,1310.0,623101.0,1590,1590.TW
2026-06-05,1293.1312255859375,1320.0,440062.0,1590,1590.TW
2026-06-08,1253.9454345703125,1280.0,458112.0,1590,1590.TW
2026-06-09,1278.4366455078125,1305.0,455849.0,1590,1590.TW
2026-06-10,1258.84375,1285.0,527145.0,1590,1590.TW
2026-06-11,1239.250732421875,1265.0,728256.0,1590,1590.TW
2026-06-12,1263.741943359375,1290.0,624079.0,1590,1590.TW
2026-06-15,1283.3348388671875,1310.0,561300.0,1590,1590.TW
2026-06-16,1268.64013671875,1295.0,742092.0,1590,1590.TW
2026-06-17,1293.1312255859375,1320.0,418130.0,1590,1590.TW
2026-06-18,1351.909912109375,1380.0,1190191.0,1590,1590.TW
2026-06-22,1366.6046142578125,1395.0,831050.0,1590,1590.TW
2026-06-23,1347.01171875,1375.0,1186042.0,1590,1590.TW
2026-06-24,1356.8082275390625,1385.0,1132057.0,1590,1590.TW
2026-06-25,1361.7064208984375,1390.0,787050.0,1590,1590.TW
2026-06-26,1332.3170166015625,1360.0,822014.0,1590,1590.TW
2026-06-29,1327.4188232421875,1355.0,1058282.0,1590,1590.TW
2026-06-30,1307.825927734375,1335.0,683415.0,1590,1590.TW
2026-07-01,1347.01171875,1375.0,486350.0,1590,1590.TW
2026-07-02,1361.7064208984375,1390.0,700256.0,1590,1590.TW
2026-07-03,1410.6885986328125,1440.0,868334.0,1590,1590.TW
2026-07-06,1356.8082275390625,1385.0,822115.0,1590,1590.TW
2026-07-07,1351.909912109375,1380.0,691426.0,1590,1590.TW
2026-07-08,1317.6224365234375,1345.0,489343.0,1590,1590.TW
2026-07-09,1253.9454345703125,1280.0,527744.0,1590,1590.TW
2026-07-10,1253.9454345703125,1280.0,0.0,1590,1590.TW
2026-07-13,1293.1312255859375,1320.0,496012.0,1590,1590.TW
2026-07-14,1263.741943359375,1290.0,589059.0,1590,1590.TW
2026-07-15,1337.21533203125,1365.0,1011158.0,1590,1590.TW
2026-07-16,1322.5206298828125,1350.0,633197.0,1590,1590.TW
2026-07-17,1239.250732421875,1265.0,831078.0,1590,1590.TW
2026-07-20,1307.825927734375,1335.0,1324414.0,1590,1590.TW
2026-07-21,1332.3170166015625,1360.0,985020.0,1590,1590.TW
2026-07-22,1400.8922119140625,1430.0,1029325.0,1590,1590.TW
2026-07-23,1405.0,1405.0,991090.0,1590,1590.TW
2026-07-24,1425.0,1425.0,762306.0,1590,1590.TW
2026-07-27,1440.0,1440.0,582115.0,1590,1590.TW
2026-07-28,1365.0,1365.0,1457386.0,1590,1590.TW
2026-07-29,1325.0,1325.0,1268155.0,1590,1590.TW
2026-07-30,1340.0,1340.0,1238158.0,1590,1590.TW
2026-07-31,1325.0,1325.0,1921781.0,1590,1590.TW
2025-05-27,3314.359130859375,3368.181884765625,222340.0,5274,5274.TWO
2025-05-28,3381.451416015625,3436.363525390625,400744.0,5274,5274.TWO
2025-05-29,3524.58154296875,3581.818115234375,780599.0,5274,5274.TWO
2025-06-02,3529.054443359375,3586.363525390625,504654.0,5274,5274.TWO
2025-06-03,3453.016357421875,3509.0908203125,375257.0,5274,5274.TWO
2025-06-04,3600.619384765625,3659.0908203125,514748.0,5274,5274.TWO
2025-06-05,3721.385498046875,3781.818115234375,736308.0,5274,5274.TWO
2025-06-06,3690.075927734375,3750.0,536111.0,5274,5274.TWO
2025-06-09,3685.60302734375,3745.45458984375,295977.0,5274,5274.TWO
2025-06-10,3918.189697265625,3981.818115234375,718590.0,5274,5274.TWO
2025-06-11,4168.66748046875,4236.36376953125,759502.0,5274,5274.TWO
2025-06-12,4065.792724609375,4131.818359375,998157.0,5274,5274.TWO
2025-06-13,4139.99609375,4159.0908203125,551182.0,5274,5274.TWO
2025-06-16,4149.044921875,4168.181640625,331567.0,5274,5274.TWO
2025-06-17,4162.619140625,4181.818359375,562221.0,5274,5274.TWO
2025-06-18,4139.99609375,4159.0908203125,522559.0,5274,5274.TWO
2025-06-19,4040.455078125,4059.0908203125,759073.0,5274,5274.TWO
2025-06-20,4008.782958984375,4027.272705078125,508455.0,5274,5274.TWO
2025-06-23,3959.0126953125,3977.272705078125,489835.0,5274,5274.TWO
2025-06-24,4216.9140625,4236.36376953125,658328.0,5274,5274.TWO
2025-06-25,4257.6357421875,4277.27294921875,810438.0,5274,5274.TWO
2025-06-26,4275.73388671875,4295.45458984375,1421451.0,5274,5274.TWO
2025-06-27,4361.701171875,4381.818359375,511974.0,5274,5274.TWO
2025-06-30,4293.83203125,4313.63623046875,352400.0,5274,5274.TWO
2025-07-01,4456.71728515625,4477.27294921875,512953.0,5274,5274.TWO
2025-07-02,4506.48779296875,4527.27294921875,658693.0,5274,5274.TWO
2025-07-03,4533.634765625,4554.54541015625,591972.0,5274,5274.TWO
2025-07-04,4642.22509765625,4663.63623046875,369154.0,5274,5274.TWO
2025-07-07,4529.1103515625,4550.0,329302.0,5274,5274.TWO
2025-07-08,4574.3564453125,4595.45458984375,385218.0,5274,5274.TWO
2025-07-09,4628.6513671875,4650.0,330278.0,5274,5274.TWO
2025-07-10,4664.84814453125,4686.36376953125,280732.0,5274,5274.TWO
2025-07-11,4592.45458984375,4613.63623046875,432889.0,5274,5274.TWO
2025-07-14,4646.74951171875,4668.181640625,408559.0,5274,5274.TWO
2025-07-15,4705.5693359375,4727.27294921875,386036.0,5274,5274.TWO
2025-07-16,4397.8974609375,4418.181640625,1143244.0,5274,5274.TWO
2025-07-17,4334.55322265625,4354.54541015625,801411.0,5274,5274.TWO
2025-07-18,4320.9794921875,4340.9091796875,500866.0,5274,5274.TWO
2025-07-21,4298.3564453125,4318.181640625,437862.0,5274,5274.TWO
2025-07-22,4144.5205078125,4163.63623046875,540505.0,5274,5274.TWO
2025-07-23,4081.176513671875,4100.0,680401.0,5274,5274.TWO
2025-07-24,4017.83203125,4036.363525390625,542533.0,5274,5274.TWO
2025-07-25,4063.078125,4081.818115234375,430405.0,5274,5274.TWO
2025-07-28,4040.455078125,4059.0908203125,378801.0,5274,5274.TWO
2025-07-29,4108.32421875,4127.27294921875,626101.0,5274,5274.TWO
2025-07-30,3972.58642578125,3990.9091796875,656392.0,5274,5274.TWO
2025-07-31,4126.42236328125,4145.45458984375,575677.0,5274,5274.TWO
2025-08-04,4180.71728515625,4200.0,557896.0,5274,5274.TWO
2025-08-05,4343.6025390625,4363.63623046875,822122.0,5274,5274.TWO
2025-08-06,4094.75,4113.63623046875,1032324.0,5274,5274.TWO
2025-08-07,4330.02880859375,4350.0,998972.0,5274,5274.TWO
2025-08-08,4311.9306640625,4331.818359375,536091.0,5274,5274.TWO
2025-08-11,4280.25830078125,4300.0,542864.0,5274,5274.TWO
2025-08-12,4370.75,4390.9091796875,554884.0,5274,5274.TWO
2025-08-13,4524.5859375,4545.45458984375,986219.0,5274,5274.TWO
2025-08-14,4746.29052734375,4768.181640625,937470.0,5274,5274.TWO
2025-08-15,4732.716796875,4754.54541015625,319266.0,5274,5274.TWO
2025-08-18,4556.25830078125,4577.27294921875,504141.0,5274,5274.TWO
2025-08-19,4497.43798828125,4518.181640625,569197.0,5274,5274.TWO
2025-08-20,4266.6845703125,4286.36376953125,677306.0,5274,5274.TWO
2025-08-21,4619.60205078125,4640.9091796875,681147.0,5274,5274.TWO
2025-08-22,4547.20849609375,4568.181640625,407091.0,5274,5274.TWO
2025-08-25,4520.0615234375,4540.9091796875,519525.0,5274,5274.TWO
2025-08-26,4615.07763671875,4636.36376953125,459028.0,5274,5274.TWO
2025-08-27,4574.3564453125,4595.45458984375,228833.0,5274,5274.TWO
2025-08-28,4506.48779296875,4527.27294921875,325743.0,5274,5274.TWO
2025-08-29,4520.0615234375,4540.9091796875,340129.0,5274,5274.TWO
2025-09-01,4538.15966796875,4559.0908203125,377583.0,5274,5274.TWO
2025-09-02,4375.2744140625,4395.45458984375,359984.0,5274,5274.TWO
2025-09-03,4492.91357421875,4513.63623046875,288354.0,5274,5274.TWO
2025-09-04,4465.7666015625,4486.36376953125,215653.0,5274,5274.TWO
2025-09-05,4461.24169921875,4481.818359375,231269.0,5274,5274.TWO
2025-09-08,4397.8974609375,4418.181640625,211323.0,5274,5274.TWO
2025-09-09,4370.75,4390.9091796875,265311.0,5274,5274.TWO
2025-09-10,4406.94677734375,4427.27294921875,559136.0,5274,5274.TWO
2025-09-11,4506.48779296875,4527.27294921875,480945.0,5274,5274.TWO
2025-09-12,4474.8154296875,4495.45458984375,553884.0,5274,5274.TWO
2025-09-15,4388.84814453125,4409.0908203125,217973.0,5274,5274.TWO
2025-09-16,4565.30712890625,4586.36376953125,292730.0,5274,5274.TWO
2025-09-17,4524.5859375,4545.45458984375,279488.0,5274,5274.TWO
2025-09-18,4664.84814453125,4686.36376953125,466579.0,5274,5274.TWO
2025-09-19,4836.7822265625,4859.0908203125,685803.0,5274,5274.TWO
2025-09-22,4750.81494140625,4772.72705078125,502849.0,5274,5274.TWO
2025-09-23,4628.6513671875,4650.0,405599.0,5274,5274.TWO
2025-09-24,4682.9462890625,4704.54541015625,252090.0,5274,5274.TWO
2025-09-25,4547.20849609375,4568.181640625,267710.0,5274,5274.TWO
2025-09-26,4438.61865234375,4459.0908203125,248905.0,5274,5274.TWO
2025-09-30,4569.83203125,4590.9091796875,482061.0,5274,5274.TWO
2025-10-01,4705.5693359375,4727.27294921875,719480.0,5274,5274.TWO
2025-10-02,5022.29052734375,5045.45458984375,729223.0,5274,5274.TWO
2025-10-03,4940.84765625,4963.63623046875,224624.0,5274,5274.TWO
2025-10-07,4977.04443359375,5000.0,365299.0,5274,5274.TWO
2025-10-08,5103.73291015625,5127.27294921875,311697.0,5274,5274.TWO
2025-10-09,5148.978515625,5172.72705078125,283063.0,5274,5274.TWO
2025-10-13,4990.6181640625,5013.63623046875,534385.0,5274,5274.TWO
2025-10-14,4782.4873046875,4804.54541015625,414261.0,5274,5274.TWO
2025-10-15,4977.04443359375,5000.0,214704.0,5274,5274.TWO
2025-10-16,5067.5361328125,5090.9091796875,269639.0,5274,5274.TWO
2025-10-17,5090.1591796875,5113.63623046875,378447.0,5274,5274.TWO
2025-10-20,4823.20849609375,4845.45458984375,460264.0,5274,5274.TWO
2025-10-21,4814.15966796875,4836.36376953125,411582.0,5274,5274.TWO
2025-10-22,4768.91357421875,4790.9091796875,165108.0,5274,5274.TWO
2025-10-23,4719.14306640625,4740.9091796875,282361.0,5274,5274.TWO
2025-10-27,4646.74951171875,4668.181640625,355671.0,5274,5274.TWO
2025-10-28,4796.06103515625,4818.181640625,391949.0,5274,5274.TWO
2025-10-29,4691.99560546875,4713.63623046875,488576.0,5274,5274.TWO
2025-10-30,4714.61865234375,4736.36376953125,253498.0,5274,5274.TWO
2025-10-31,4949.896484375,4972.72705078125,424326.0,5274,5274.TWO
2025-11-03,4949.896484375,4972.72705078125,444523.0,5274,5274.TWO
2025-11-04,4977.04443359375,5000.0,326884.0,5274,5274.TWO
2025-11-05,4782.4873046875,4804.54541015625,601878.0,5274,5274.TWO
2025-11-06,5257.56884765625,5281.818359375,959653.0,5274,5274.TWO
2025-11-07,5144.4541015625,5168.181640625,532687.0,5274,5274.TWO
2025-11-10,5103.73291015625,5127.27294921875,299333.0,5274,5274.TWO
2025-11-11,5090.1591796875,5113.63623046875,248638.0,5274,5274.TWO
2025-11-12,5212.3232421875,5236.36376953125,419756.0,5274,5274.TWO
2025-11-13,5732.650390625,5759.0908203125,846190.0,5274,5274.TWO
2025-11-14,5397.83056640625,5422.72705078125,419817.0,5274,5274.TWO
2025-11-17,5538.0927734375,5563.63623046875,525941.0,5274,5274.TWO
2025-11-18,5881.96142578125,5909.0908203125,890035.0,5274,5274.TWO
2025-11-19,5624.06005859375,5650.0,693139.0,5274,5274.TWO
2025-11-20,5750.7490234375,5777.27294921875,548097.0,5274,5274.TWO
2025-11-21,5497.37158203125,5522.72705078125,818660.0,5274,5274.TWO
2025-11-24,5795.994140625,5822.72705078125,3150516.0,5274,5274.TWO
2025-11-25,5728.12548828125,5754.54541015625,528352.0,5274,5274.TWO
2025-11-26,5990.5517578125,6018.181640625,413504.0,5274,5274.TWO
2025-11-27,6017.69921875,6045.45458984375,200378.0,5274,5274.TWO
2025-11-28,6619.46923828125,6650.0,478838.0,5274,5274.TWO
2025-12-01,6257.50244140625,6286.36376953125,546133.0,5274,5274.TWO
2025-12-02,5972.453125,6000.0,670117.0,5274,5274.TWO
2025-12-03,5940.78125,5968.181640625,489584.0,5274,5274.TWO
2025-12-04,5827.66650390625,5854.54541015625,488933.0,5274,5274.TWO
2025-12-05,5945.3056640625,5972.72705078125,421393.0,5274,5274.TWO
2025-12-08,5895.53515625,5922.72705078125,448977.0,5274,5274.TWO
2025-12-09,6053.89599609375,6081.818359375,315995.0,5274,5274.TWO
2025-12-10,6071.994140625,6100.0,396513.0,5274,5274.TWO
2025-12-11,6153.43701171875,6181.818359375,475508.0,5274,5274.TWO
2025-12-12,6085.56787109375,6113.63623046875,307384.0,5274,5274.TWO
2025-12-15,6148.91259765625,6177.27294921875,282194.0,5274,5274.TWO
2025-12-16,6017.69921875,6045.45458984375,749378.0,5274,5274.TWO
2025-12-17,5881.96142578125,5909.0908203125,358821.0,5274,5274.TWO
2025-12-18,5986.02685546875,6013.63623046875,414837.0,5274,5274.TWO
2025-12-19,5954.35498046875,5981.818359375,422435.0,5274,5274.TWO
2025-12-22,6153.43701171875,6181.818359375,381867.0,5274,5274.TWO
2025-12-23,6216.78125,6245.45458984375,257599.0,5274,5274.TWO
2025-12-24,6198.68310546875,6227.27294921875,205836.0,5274,5274.TWO
2025-12-26,6271.076171875,6300.0,191963.0,5274,5274.TWO
2025-12-29,6424.912109375,6454.54541015625,260992.0,5274,5274.TWO
2025-12-30,6832.12451171875,6863.63623046875,594601.0,5274,5274.TWO
2025-12-31,6569.69873046875,6600.0,278987.0,5274,5274.TWO
2026-01-02,6565.17431640625,6595.45458984375,156323.0,5274,5274.TWO
2026-01-05,6429.4365234375,6459.0908203125,312822.0,5274,5274.TWO
2026-01-06,6515.40380859375,6545.45458984375,474188.0,5274,5274.TWO
2026-01-07,6678.28857421875,6709.0908203125,556727.0,5274,5274.TWO
2026-01-08,6922.6162109375,6954.54541015625,408567.0,5274,5274.TWO
2026-01-09,6936.18994140625,6968.181640625,357854.0,5274,5274.TWO
2026-01-12,7289.107421875,7322.72705078125,402754.0,5274,5274.TWO
2026-01-13,7243.8623046875,7277.27294921875,274569.0,5274,5274.TWO
2026-01-14,7316.25537109375,7350.0,353560.0,5274,5274.TWO
2026-01-15,7922.5498046875,7959.0908203125,504420.0,5274,5274.TWO
2026-01-16,7872.779296875,7909.0908203125,242235.0,5274,5274.TWO
2026-01-19,7940.6484375,7977.27294921875,182800.0,5274,5274.TWO
2026-01-20,7813.9599609375,7850.0,244450.0,5274,5274.TWO
2026-01-21,7537.9599609375,7572.72705078125,324733.0,5274,5274.TWO
2026-01-22,7872.779296875,7909.0908203125,372148.0,5274,5274.TWO
2026-01-23,8026.615234375,8063.63623046875,385193.0,5274,5274.TWO
2026-01-26,8035.6640625,8072.72705078125,198281.0,5274,5274.TWO
2026-01-27,7927.07421875,7963.63623046875,223445.0,5274,5274.TWO
2026-01-28,7999.4677734375,8036.36376953125,318070.0,5274,5274.TWO
2026-01-29,8429.3037109375,8468.181640625,467724.0,5274,5274.TWO
2026-01-30,8035.6640625,8072.72705078125,300718.0,5274,5274.TWO
2026-02-02,8180.451171875,8218.181640625,291715.0,5274,5274.TWO
2026-02-03,8859.138671875,8900.0,459587.0,5274,5274.TWO
2026-02-04,8723.40234375,8763.63671875,170573.0,5274,5274.TWO
2026-02-05,8261.8935546875,8300.0,351254.0,5274,5274.TWO
2026-02-06,8053.76318359375,8090.9091796875,344620.0,5274,5274.TWO
2026-02-09,8596.712890625,8636.36328125,264629.0,5274,5274.TWO
2026-02-10,8438.3525390625,8477.2724609375,298215.0,5274,5274.TWO
2026-02-11,8800.3193359375,8840.9091796875,243510.0,5274,5274.TWO
2026-02-23,8827.466796875,8868.181640625,350062.0,5274,5274.TWO
2026-02-24,8827.466796875,8868.181640625,261928.0,5274,5274.TWO
2026-02-25,8791.2705078125,8831.818359375,408342.0,5274,5274.TWO
2026-02-26,8804.84375,8845.4541015625,691154.0,5274,5274.TWO
2026-03-02,8596.712890625,8636.36328125,289700.0,5274,5274.TWO
2026-03-03,8375.0087890625,8413.63671875,206163.0,5274,5274.TWO
2026-03-04,7832.05810546875,7868.181640625,492732.0,5274,5274.TWO
2026-03-05,8614.8115234375,8654.5458984375,345691.0,5274,5274.TWO
2026-03-06,8782.2216796875,8822.7275390625,301695.0,5274,5274.TWO
2026-03-09,8370.4833984375,8409.0908203125,426111.0,5274,5274.TWO
2026-03-10,8533.369140625,8572.7275390625,344463.0,5274,5274.TWO
2026-03-11,9098.9423828125,9140.9091796875,452431.0,5274,5274.TWO
2026-03-12,9497.10546875,9540.9091796875,305088.0,5274,5274.TWO
2026-03-13,9497.10546875,9540.9091796875,301527.0,5274,5274.TWO
2026-03-16,9316.1220703125,9359.0908203125,154246.0,5274,5274.TWO
2026-03-17,10243.662109375,10290.9091796875,403904.0,5274,5274.TWO
2026-03-18,11171.203125,11222.7275390625,328328.0,5274,5274.TWO
2026-03-19,10904.251953125,10954.5458984375,277578.0,5274,5274.TWO
2026-03-20,10632.77734375,10681.818359375,307408.0,5274,5274.TWO
2026-03-23,10374.8759765625,10422.7275390625,177508.0,5274,5274.TWO
2026-03-24,9872.646484375,9918.181640625,479873.0,5274,5274.TWO
2026-03-25,10406.5478515625,10454.5458984375,327966.0,5274,5274.TWO
2026-03-26,10451.79296875,10500.0,298156.0,5274,5274.TWO
2026-03-27,10456.318359375,10504.5458984375,274101.0,5274,5274.TWO
2026-03-30,10153.1708984375,10200.0,413889.0,5274,5274.TWO
2026-03-31,9682.61328125,9727.2724609375,424611.0,5274,5274.TWO
2026-04-01,10239.1376953125,10286.36328125,277330.0,5274,5274.TWO
2026-04-02,10578.4814453125,10627.2724609375,368779.0,5274,5274.TWO
2026-04-07,10379.3994140625,10427.2724609375,230104.0,5274,5274.TWO
2026-04-08,11415.5302734375,11468.181640625,186338.0,5274,5274.TWO
2026-04-09,11370.2841796875,11422.7275390625,355763.0,5274,5274.TWO
2026-04-10,11383.857421875,11436.36328125,438109.0,5274,5274.TWO
2026-04-13,11021.8916015625,11072.7275390625,214615.0,5274,5274.TWO
2026-04-14,11768.4482421875,11822.7275390625,287324.0,5274,5274.TWO
2026-04-15,12555.7265625,12613.63671875,259821.0,5274,5274.TWO
2026-04-16,13103.201171875,13163.63671875,318102.0,5274,5274.TWO
2026-04-17,12492.3818359375,12550.0,333536.0,5274,5274.TWO
2026-04-20,13053.4306640625,13113.63671875,289514.0,5274,5274.TWO
2026-04-21,13795.4619140625,13859.0908203125,373308.0,5274,5274.TWO
2026-04-22,14555.5927734375,14622.7275390625,350157.0,5274,5274.TWO
2026-04-23,14180.0517578125,14245.4541015625,418284.0,5274,5274.TWO
2026-04-24,14813.494140625,14881.818359375,541411.0,5274,5274.TWO
2026-04-27,14478.6748046875,14545.4541015625,464498.0,5274,5274.TWO
2026-04-28,14564.642578125,14631.818359375,320205.0,5274,5274.TWO
2026-04-29,14980.904296875,15050.0,330320.0,5274,5274.TWO
2026-04-30,14908.509765625,14977.2724609375,314462.0,5274,5274.TWO
2026-05-04,15876.771484375,15950.0,273434.0,5274,5274.TWO
2026-05-05,16098.4765625,16172.7275390625,326970.0,5274,5274.TWO
2026-05-06,16921.951171875,17000.0,431608.0,5274,5274.TWO
2026-05-07,16188.96875,16263.63671875,537482.0,5274,5274.TWO
2026-05-08,15342.87109375,15413.63671875,422935.0,5274,5274.TWO
2026-05-11,16130.1494140625,16204.5458984375,318370.0,5274,5274.TWO
2026-05-12,16293.033203125,16368.181640625,304696.0,5274,5274.TWO
2026-05-13,16125.6240234375,16200.0,328559.0,5274,5274.TWO
2026-05-14,16116.5751953125,16190.9091796875,308546.0,5274,5274.TWO
2026-05-15,15560.05078125,15631.818359375,242541.0,5274,5274.TWO
2026-05-18,14614.412109375,14681.818359375,527180.0,5274,5274.TWO
2026-05-19,14410.8056640625,14477.2724609375,453819.0,5274,5274.TWO
2026-05-20,14080.5107421875,14145.4541015625,284262.0,5274,5274.TWO
2026-05-21,14876.837890625,14945.4541015625,330621.0,5274,5274.TWO
2026-05-22,16089.427734375,16163.63671875,358318.0,5274,5274.TWO
2026-05-25,16039.6572265625,16113.63671875,232570.0,5274,5274.TWO
2026-05-26,15600.7724609375,15672.7275390625,191700.0,5274,5274.TWO
2026-05-27,16496.638671875,16572.7265625,284576.0,5274,5274.TWO
2026-05-28,16139.1982421875,16213.63671875,246848.0,5274,5274.TWO
2026-05-29,17148.181640625,17227.2734375,669065.0,5274,5274.TWO
2026-06-01,16740.966796875,16818.181640625,382125.0,5274,5274.TWO
2026-06-02,16374.4765625,16450.0,290154.0,5274,5274.TWO
2026-06-03,16270.41015625,16345.4541015625,289532.0,5274,5274.TWO
2026-06-04,16528.3125,16604.544921875,155273.0,5274,5274.TWO
2026-06-05,15840.5751953125,15913.63671875,290922.0,5274,5274.TWO
2026-06-08,15858.673828125,15931.818359375,409820.0,5274,5274.TWO
2026-06-09,16157.2958984375,16231.818359375,266895.0,5274,5274.TWO
2026-06-10,15238.8046875,15309.0908203125,202783.0,5274,5274.TWO
2026-06-11,15926.5419921875,16000.0,325007.0,5274,5274.TWO
2026-06-12,16691.197265625,16768.181640625,285158.0,5274,5274.TWO
2026-06-15,16116.5751953125,16190.9091796875,215768.0,5274,5274.TWO
2026-06-16,16428.771484375,16504.544921875,206952.0,5274,5274.TWO
2026-06-17,16727.392578125,16804.544921875,122375.0,5274,5274.TWO
2026-06-18,17157.228515625,17236.36328125,164050.0,5274,5274.TWO
2026-06-22,17442.27734375,17522.7265625,228160.0,5274,5274.TWO
2026-06-23,16745.4921875,16822.7265625,205863.0,5274,5274.TWO
2026-06-24,16582.607421875,16659.091796875,194284.0,5274,5274.TWO
2026-06-25,15768.181640625,15840.9091796875,309238.0,5274,5274.TWO
2026-06-26,14195.4541015625,14195.4541015625,454153.0,5274,5274.TWO
2026-06-29,13827.2724609375,13827.2724609375,411796.0,5274,5274.TWO
2026-06-30,14995.4541015625,14995.4541015625,294306.0,5274,5274.TWO
2026-07-01,15586.36328125,15586.36328125,271944.0,5274,5274.TWO
2026-07-02,16136.36328125,16136.36328125,205199.0,5274,5274.TWO
2026-07-03,15695.4541015625,15695.4541015625,142061.0,5274,5274.TWO
2026-07-06,14790.9091796875,14790.9091796875,243384.0,5274,5274.TWO
2026-07-07,14415.0,14415.0,278464.0,5274,5274.TWO
2026-07-08,13975.0,13975.0,245590.0,5274,5274.TWO
2026-07-09,13665.0,13665.0,382301.0,5274,5274.TWO
2026-07-10,13665.0,13665.0,0.0,5274,5274.TWO
2026-07-13,13520.0,13520.0,282304.0,5274,5274.TWO
2026-07-14,12985.0,12985.0,435302.0,5274,5274.TWO
2026-07-15,13900.0,13900.0,343467.0,5274,5274.TWO
2026-07-16,13905.0,13905.0,241985.0,5274,5274.TWO
2026-07-17,12950.0,12950.0,314839.0,5274,5274.TWO
2026-07-20,12915.0,12915.0,464101.0,5274,5274.TWO
2026-07-21,14100.0,14100.0,479134.0,5274,5274.TWO
2026-07-22,15510.0,15510.0,319224.0,5274,5274.TWO
2026-07-23,15540.0,15540.0,325098.0,5274,5274.TWO
2026-07-24,14730.0,14730.0,311256.0,5274,5274.TWO
2026-07-27,14695.0,14695.0,134522.0,5274,5274.TWO
2026-07-28,13230.0,13230.0,280835.0,5274,5274.TWO
2026-07-29,12910.0,12910.0,338340.0,5274,5274.TWO
2026-07-30,13205.0,13205.0,329056.0,5274,5274.TWO
2026-07-31,14525.0,14525.0,132218.0,5274,5274.TWO
2025-05-27,843.4642944335938,856.0,983142.0,6510,6510.TWO
2025-05-28,865.14208984375,878.0,784717.0,6510,6510.TWO
2025-05-29,876.9663696289062,890.0,754546.0,6510,6510.TWO
2025-06-02,828.6839599609375,841.0,912298.0,6510,6510.TWO
2025-06-03,818.8303833007812,831.0,581246.0,6510,6510.TWO
2025-06-04,823.7571411132812,836.0,302250.0,6510,6510.TWO
2025-06-05,826.7132568359375,839.0,380018.0,6510,6510.TWO
2025-06-06,828.6839599609375,841.0,160030.0,6510,6510.TWO
2025-06-09,857.25927734375,870.0,395067.0,6510,6510.TWO
2025-06-10,872.0396118164062,885.0,1252674.0,6510,6510.TWO
2025-06-11,913.4244995117188,927.0,1133461.0,6510,6510.TWO
2025-06-12,880.9078369140625,894.0,455510.0,6510,6510.TWO
2025-06-13,849.3764038085938,862.0,511270.0,6510,6510.TWO
2025-06-16,854.30322265625,867.0,215517.0,6510,6510.TWO
2025-06-17,868.09814453125,881.0,290050.0,6510,6510.TWO
2025-06-18,848.3910522460938,861.0,205404.0,6510,6510.TWO
2025-06-19,827.6986083984375,840.0,213183.0,6510,6510.TWO
2025-06-20,830.6546630859375,843.0,420176.0,6510,6510.TWO
2025-06-23,807.9915161132812,820.0,517300.0,6510,6510.TWO
2025-06-24,837.5521850585938,850.0,635109.0,6510,6510.TWO
2025-06-25,828.6839599609375,841.0,1035234.0,6510,6510.TWO
2025-06-26,818.8303833007812,831.0,533110.0,6510,6510.TWO
2025-06-27,820.8010864257812,833.0,265025.0,6510,6510.TWO
2025-06-30,824.7425537109375,837.0,348123.0,6510,6510.TWO
2025-07-01,819.8157348632812,832.0,513206.0,6510,6510.TWO
2025-07-02,813.9036254882812,826.0,532199.0,6510,6510.TWO
2025-07-03,817.8450317382812,830.0,849241.0,6510,6510.TWO
2025-07-04,826.7132568359375,839.0,710552.0,6510,6510.TWO
2025-07-07,804.050048828125,816.0,451188.0,6510,6510.TWO
2025-07-08,823.7571411132812,836.0,249827.0,6510,6510.TWO
2025-07-09,876.27392578125,881.0,766913.0,6510,6510.TWO
2025-07-10,883.2363891601562,888.0,450127.0,6510,6510.TWO
2025-07-11,885.2256469726562,890.0,359383.0,6510,6510.TWO
2025-07-14,861.3544311523438,866.0,243334.0,6510,6510.TWO
2025-07-15,861.3544311523438,866.0,238180.0,6510,6510.TWO
2025-07-16,878.2632446289062,883.0,344124.0,6510,6510.TWO
2025-07-17,846.4348754882812,851.0,430220.0,6510,6510.TWO
2025-07-18,841.4617309570312,846.0,456574.0,6510,6510.TWO
2025-07-21,820.5743408203125,825.0,442529.0,6510,6510.TWO
2025-07-22,798.6923828125,803.0,461242.0,6510,6510.TWO
2025-07-23,809.6333618164062,814.0,235153.0,6510,6510.TWO
2025-07-24,803.66552734375,808.0,182270.0,6510,6510.TWO
2025-07-25,816.5958251953125,821.0,256069.0,6510,6510.TWO
2025-07-28,810.6279907226562,815.0,165082.0,6510,6510.TWO
2025-07-29,814.6065673828125,819.0,147930.0,6510,6510.TWO
2025-07-30,804.66015625,809.0,533665.0,6510,6510.TWO
2025-07-31,848.4241333007812,853.0,1150745.0,6510,6510.TWO
2025-08-04,822.5635986328125,827.0,528163.0,6510,6510.TWO
2025-08-05,867.3222045898438,872.0,1051422.0,6510,6510.TWO
2025-08-06,953.8555297851562,959.0,2204824.0,6510,6510.TWO
2025-08-07,960.8179931640625,966.0,2037604.0,6510,6510.TWO
2025-08-08,955.8447875976562,961.0,834358.0,6510,6510.TWO
2025-08-11,961.8126220703125,967.0,485018.0,6510,6510.TWO
2025-08-12,960.8179931640625,966.0,269099.0,6510,6510.TWO
2025-08-13,962.8072509765625,968.0,1045616.0,6510,6510.TWO
2025-08-14,1054.313720703125,1060.0,1974936.0,6510,6510.TWO
2025-08-15,1094.09912109375,1100.0,2007620.0,6510,6510.TWO
2025-08-18,1138.8577880859375,1145.0,1372634.0,6510,6510.TWO
2025-08-19,1133.884521484375,1140.0,1642219.0,6510,6510.TWO
2025-08-20,1094.09912109375,1100.0,696067.0,6510,6510.TWO
2025-08-21,1128.911376953125,1135.0,1055544.0,6510,6510.TWO
2025-08-22,1128.911376953125,1135.0,669321.0,6510,6510.TWO
2025-08-25,1128.911376953125,1135.0,704349.0,6510,6510.TWO
2025-08-26,1113.9918212890625,1120.0,515562.0,6510,6510.TWO
2025-08-27,1138.8577880859375,1145.0,539074.0,6510,6510.TWO
2025-08-28,1128.911376953125,1135.0,390169.0,6510,6510.TWO
2025-08-29,1238.3212890625,1245.0,1393179.0,6510,6510.TWO
2025-09-01,1213.4554443359375,1220.0,1228387.0,6510,6510.TWO
2025-09-02,1253.2408447265625,1260.0,1564586.0,6510,6510.TWO
2025-09-03,1173.6700439453125,1180.0,633092.0,6510,6510.TWO
2025-09-04,1258.2139892578125,1265.0,1317062.0,6510,6510.TWO
2025-09-05,1382.54345703125,1390.0,1247470.0,6510,6510.TWO
2025-09-08,1437.2484130859375,1445.0,1704347.0,6510,6510.TWO
2025-09-09,1491.953369140625,1500.0,1297663.0,6510,6510.TWO
2025-09-10,1501.8997802734375,1510.0,1261356.0,6510,6510.TWO
2025-09-11,1452.16796875,1460.0,1202118.0,6510,6510.TWO
2025-09-12,1437.2484130859375,1445.0,685475.0,6510,6510.TWO
2025-09-15,1392.4898681640625,1400.0,562368.0,6510,6510.TWO
2025-09-16,1377.5703125,1385.0,450944.0,6510,6510.TWO
2025-09-17,1382.54345703125,1390.0,792176.0,6510,6510.TWO
2025-09-18,1457.14111328125,1465.0,965334.0,6510,6510.TWO
2025-09-19,1576.4974365234375,1585.0,1835026.0,6510,6510.TWO
2025-09-22,1730.6658935546875,1740.0,975648.0,6510,6510.TWO
2025-09-23,1775.424560546875,1785.0,1997214.0,6510,6510.TWO
2025-09-24,1710.773193359375,1720.0,1430229.0,6510,6510.TWO
2025-09-25,1795.3172607421875,1805.0,2227937.0,6510,6510.TWO
2025-09-26,1740.6123046875,1750.0,941269.0,6510,6510.TWO
2025-09-30,1914.6734619140625,1925.0,1083911.0,6510,6510.TWO
2025-10-01,1835.1026611328125,1845.0,1942515.0,6510,6510.TWO
2025-10-02,1790.343994140625,1800.0,1253737.0,6510,6510.TWO
2025-10-03,1775.424560546875,1785.0,959163.0,6510,6510.TWO
2025-10-07,1745.58544921875,1755.0,740326.0,6510,6510.TWO
2025-10-08,1685.9073486328125,1695.0,1694199.0,6510,6510.TWO
2025-10-09,1695.8536376953125,1705.0,611253.0,6510,6510.TWO
2025-10-13,1695.8536376953125,1705.0,926022.0,6510,6510.TWO
2025-10-14,1685.9073486328125,1695.0,1537130.0,6510,6510.TWO
2025-10-15,1805.2635498046875,1815.0,1565651.0,6510,6510.TWO
2025-10-16,1805.2635498046875,1815.0,841436.0,6510,6510.TWO
2025-10-17,1750.55859375,1760.0,549481.0,6510,6510.TWO
2025-10-20,1775.424560546875,1785.0,365355.0,6510,6510.TWO
2025-10-21,1740.6123046875,1750.0,534812.0,6510,6510.TWO
2025-10-22,1715.746337890625,1725.0,411100.0,6510,6510.TWO
2025-10-23,1646.1219482421875,1655.0,775982.0,6510,6510.TWO
2025-10-27,1775.424560546875,1785.0,1096762.0,6510,6510.TWO
2025-10-28,1835.1026611328125,1845.0,1046234.0,6510,6510.TWO
2025-10-29,1850.022216796875,1860.0,1276416.0,6510,6510.TWO
2025-10-30,1666.0146484375,1675.0,1209955.0,6510,6510.TWO
2025-10-31,1601.36328125,1610.0,1718038.0,6510,6510.TWO
2025-11-03,1636.175537109375,1645.0,515270.0,6510,6510.TWO
2025-11-04,1606.33642578125,1615.0,640581.0,6510,6510.TWO
2025-11-05,1601.36328125,1610.0,401062.0,6510,6510.TWO
2025-11-06,1626.2291259765625,1635.0,480083.0,6510,6510.TWO
2025-11-07,1596.39013671875,1605.0,325157.0,6510,6510.TWO
2025-11-10,1556.604736328125,1565.0,427562.0,6510,6510.TWO
2025-11-11,1491.953369140625,1500.0,898617.0,6510,6510.TWO
2025-11-12,1457.14111328125,1465.0,620426.0,6510,6510.TWO
2025-11-13,1472.0606689453125,1480.0,508053.0,6510,6510.TWO
2025-11-14,1526.765625,1535.0,1117299.0,6510,6510.TWO
2025-11-17,1526.765625,1535.0,461009.0,6510,6510.TWO
2025-11-18,1571.524169921875,1580.0,1683332.0,6510,6510.TWO
2025-11-19,1516.8192138671875,1525.0,1011113.0,6510,6510.TWO
2025-11-20,1536.7119140625,1545.0,955275.0,6510,6510.TWO
2025-11-21,1477.0338134765625,1485.0,596308.0,6510,6510.TWO
2025-11-24,1621.2559814453125,1630.0,805344.0,6510,6510.TWO
2025-11-25,1780.397705078125,1790.0,1849047.0,6510,6510.TWO
2025-11-26,1775.424560546875,1785.0,1139419.0,6510,6510.TWO
2025-11-27,1790.343994140625,1800.0,892398.0,6510,6510.TWO
2025-11-28,1909.7003173828125,1920.0,1494722.0,6510,6510.TWO
2025-12-01,1800.2904052734375,1810.0,1154249.0,6510,6510.TWO
2025-12-02,1835.1026611328125,1845.0,920078.0,6510,6510.TWO
2025-12-03,1850.022216796875,1860.0,645547.0,6510,6510.TWO
2025-12-04,1845.0489501953125,1855.0,953077.0,6510,6510.TWO
2025-12-05,1889.8076171875,1900.0,657030.0,6510,6510.TWO
2025-12-08,1869.9149169921875,1880.0,275024.0,6510,6510.TWO
2025-12-09,2009.163818359375,2020.0,1297326.0,6510,6510.TWO
2025-12-10,1954.4588623046875,1965.0,619304.0,6510,6510.TWO
2025-12-11,1954.4588623046875,1965.0,549167.0,6510,6510.TWO
2025-12-12,2148.412841796875,2160.0,442511.0,6510,6510.TWO
2025-12-15,2327.447265625,2340.0,2262527.0,6510,6510.TWO
2025-12-16,2342.36669921875,2355.0,1384327.0,6510,6510.TWO
2025-12-17,2277.715576171875,2290.0,764330.0,6510,6510.TWO
2025-12-18,2203.117919921875,2215.0,1081308.0,6510,6510.TWO
2025-12-19,2287.661865234375,2300.0,639030.0,6510,6510.TWO
2025-12-22,2307.554443359375,2320.0,920086.0,6510,6510.TWO
2025-12-23,2267.76904296875,2280.0,576436.0,6510,6510.TWO
2025-12-24,2252.849609375,2265.0,425150.0,6510,6510.TWO
2025-12-26,2387.12548828125,2400.0,1484910.0,6510,6510.TWO
2025-12-29,2337.3935546875,2350.0,743865.0,6510,6510.TWO
2025-12-30,2332.42041015625,2345.0,639112.0,6510,6510.TWO
2025-12-31,2272.7421875,2285.0,491539.0,6510,6510.TWO
2026-01-02,2282.688720703125,2295.0,342087.0,6510,6510.TWO
2026-01-05,2237.93017578125,2250.0,331464.0,6510,6510.TWO
2026-01-06,2317.5009765625,2330.0,673177.0,6510,6510.TWO
2026-01-07,2312.52783203125,2325.0,546048.0,6510,6510.TWO
2026-01-08,2178.251953125,2190.0,823058.0,6510,6510.TWO
2026-01-09,2173.27880859375,2185.0,488072.0,6510,6510.TWO
2026-01-12,2163.332275390625,2175.0,505273.0,6510,6510.TWO
2026-01-13,2272.7421875,2285.0,887164.0,6510,6510.TWO
2026-01-14,2402.044921875,2415.0,817519.0,6510,6510.TWO
2026-01-15,2362.259521484375,2375.0,403246.0,6510,6510.TWO
2026-01-16,2382.152099609375,2395.0,654151.0,6510,6510.TWO
2026-01-19,2456.75,2470.0,581090.0,6510,6510.TWO
2026-01-20,2700.435546875,2715.0,708973.0,6510,6510.TWO
2026-01-21,2964.013916015625,2980.0,1602467.0,6510,6510.TWO
2026-01-22,2894.3896484375,2910.0,865157.0,6510,6510.TWO
2026-01-23,2914.2822265625,2930.0,694249.0,6510,6510.TWO
2026-01-26,3202.7265625,3220.0,1157907.0,6510,6510.TWO
2026-01-27,3262.40478515625,3280.0,944714.0,6510,6510.TWO
2026-01-28,3138.0751953125,3155.0,512236.0,6510,6510.TWO
2026-01-29,3133.10205078125,3150.0,533681.0,6510,6510.TWO
2026-01-30,3287.2705078125,3305.0,910307.0,6510,6510.TWO
2026-02-02,3416.5732421875,3435.0,821084.0,6510,6510.TWO
2026-02-03,3754.749267578125,3775.0,761162.0,6510,6510.TWO
2026-02-04,3978.542236328125,4000.0,876175.0,6510,6510.TWO
2026-02-05,3884.052001953125,3905.0,817356.0,6510,6510.TWO
2026-02-06,3680.151611328125,3700.0,1062588.0,6510,6510.TWO
2026-02-09,3968.595947265625,3990.0,442497.0,6510,6510.TWO
2026-02-10,3908.917724609375,3930.0,641356.0,6510,6510.TWO
2026-02-11,3958.649658203125,3980.0,369165.0,6510,6510.TWO
2026-02-23,3819.400634765625,3840.0,528290.0,6510,6510.TWO
2026-02-24,3724.91015625,3745.0,567316.0,6510,6510.TWO
2026-02-25,3893.998291015625,3915.0,988362.0,6510,6510.TWO
2026-02-26,3729.883544921875,3750.0,1066499.0,6510,6510.TWO
2026-03-02,3610.527099609375,3630.0,559354.0,6510,6510.TWO
2026-03-03,3560.79541015625,3580.0,511341.0,6510,6510.TWO
2026-03-04,3351.921875,3370.0,533165.0,6510,6510.TWO
2026-03-05,3585.661376953125,3605.0,569301.0,6510,6510.TWO
2026-03-06,3675.178466796875,3695.0,455237.0,6510,6510.TWO
2026-03-09,3312.136474609375,3330.0,290241.0,6510,6510.TWO
2026-03-10,3446.412353515625,3465.0,894297.0,6510,6510.TWO
2026-03-11,3729.883544921875,3750.0,621315.0,6510,6510.TWO
2026-03-12,3993.4619140625,4015.0,1120385.0,6510,6510.TWO
2026-03-13,3834.320068359375,3855.0,515270.0,6510,6510.TWO
2026-03-16,3714.9638671875,3735.0,347592.0,6510,6510.TWO
2026-03-17,3754.749267578125,3775.0,435213.0,6510,6510.TWO
2026-03-18,3714.9638671875,3735.0,772176.0,6510,6510.TWO
2026-03-19,3530.956298828125,3550.0,656668.0,6510,6510.TWO
2026-03-20,3580.68798828125,3600.0,945450.0,6510,6510.TWO
2026-03-23,3391.707275390625,3410.0,615144.0,6510,6510.TWO
2026-03-24,3182.833984375,3200.0,1318147.0,6510,6510.TWO
2026-03-25,3177.860595703125,3195.0,862562.0,6510,6510.TWO
2026-03-26,3058.50439453125,3075.0,956140.0,6510,6510.TWO
2026-03-27,3222.619384765625,3240.0,624267.0,6510,6510.TWO
2026-03-30,3302.190185546875,3320.0,898362.0,6510,6510.TWO
2026-03-31,3063.4775390625,3080.0,880364.0,6510,6510.TWO
2026-04-01,3337.00244140625,3355.0,603455.0,6510,6510.TWO
2026-04-02,3148.021728515625,3165.0,568369.0,6510,6510.TWO
2026-04-07,3307.163330078125,3325.0,459186.0,6510,6510.TWO
2026-04-08,3416.5732421875,3435.0,571397.0,6510,6510.TWO
2026-04-09,3386.734130859375,3405.0,489542.0,6510,6510.TWO
2026-04-10,3466.304931640625,3485.0,396409.0,6510,6510.TWO
2026-04-13,3401.65380859375,3420.0,521183.0,6510,6510.TWO
2026-04-14,3341.9755859375,3360.0,697504.0,6510,6510.TWO
2026-04-15,3585.661376953125,3605.0,1475700.0,6510,6510.TWO
2026-04-16,3640.3662109375,3660.0,1675408.0,6510,6510.TWO
2026-04-17,3719.93701171875,3740.0,886469.0,6510,6510.TWO
2026-04-20,3789.5615234375,3810.0,846402.0,6510,6510.TWO
2026-04-21,4082.97900390625,4105.0,1287494.0,6510,6510.TWO
2026-04-22,4177.46923828125,4200.0,1058370.0,6510,6510.TWO
2026-04-23,3829.346923828125,3850.0,1106603.0,6510,6510.TWO
2026-04-24,3610.527099609375,3630.0,1413470.0,6510,6510.TWO
2026-04-27,3550.84912109375,3570.0,928002.0,6510,6510.TWO
2026-04-28,3685.124755859375,3705.0,617421.0,6510,6510.TWO
2026-04-29,3610.527099609375,3630.0,993126.0,6510,6510.TWO
2026-04-30,3421.54638671875,3440.0,1333309.0,6510,6510.TWO
2026-05-04,3759.722412109375,3780.0,962083.0,6510,6510.TWO
2026-05-05,3640.3662109375,3660.0,895489.0,6510,6510.TWO
2026-05-06,3779.615234375,3800.0,1127733.0,6510,6510.TWO
2026-05-07,3709.99072265625,3730.0,796709.0,6510,6510.TWO
2026-05-08,3560.79541015625,3580.0,750689.0,6510,6510.TWO
2026-05-11,3769.6689453125,3790.0,668807.0,6510,6510.TWO
2026-05-12,3839.29345703125,3860.0,970593.0,6510,6510.TWO
2026-05-13,3754.749267578125,3775.0,766373.0,6510,6510.TWO
2026-05-14,4127.73779296875,4150.0,1242443.0,6510,6510.TWO
2026-05-15,3714.9638671875,3735.0,1077950.0,6510,6510.TWO
2026-05-18,3700.04443359375,3720.0,598161.0,6510,6510.TWO
2026-05-19,3441.439208984375,3460.0,633603.0,6510,6510.TWO
2026-05-20,3366.841552734375,3385.0,593445.0,6510,6510.TWO
2026-05-21,3332.029296875,3350.0,763941.0,6510,6510.TWO
2026-05-22,3386.734130859375,3405.0,641533.0,6510,6510.TWO
2026-05-25,3436.4658203125,3455.0,343376.0,6510,6510.TWO
2026-05-26,3396.680419921875,3415.0,386304.0,6510,6510.TWO
2026-05-27,3177.860595703125,3195.0,1318135.0,6510,6510.TWO
2026-05-28,3262.40478515625,3280.0,861883.0,6510,6510.TWO
2026-05-29,3123.15576171875,3140.0,597956.0,6510,6510.TWO
2026-06-01,3272.35107421875,3290.0,614949.0,6510,6510.TWO
2026-06-02,3197.75341796875,3215.0,609268.0,6510,6510.TWO
2026-06-03,3292.243896484375,3310.0,680669.0,6510,6510.TWO
2026-06-04,3486.19775390625,3505.0,1519187.0,6510,6510.TWO
2026-06-05,3282.29736328125,3300.0,813836.0,6510,6510.TWO
2026-06-08,3545.875732421875,3565.0,1335119.0,6510,6510.TWO
2026-06-09,3371.814697265625,3390.0,1070596.0,6510,6510.TWO
2026-06-10,3182.833984375,3200.0,901307.0,6510,6510.TWO
2026-06-11,3371.814697265625,3390.0,705305.0,6510,6510.TWO
2026-06-12,3590.634521484375,3610.0,984337.0,6510,6510.TWO
2026-06-15,3575.71484375,3595.0,657794.0,6510,6510.TWO
2026-06-16,3481.224609375,3500.0,382922.0,6510,6510.TWO
2026-06-17,3521.010009765625,3540.0,362127.0,6510,6510.TWO
2026-06-18,3590.634521484375,3610.0,369274.0,6510,6510.TWO
2026-06-22,3506.09033203125,3525.0,410207.0,6510,6510.TWO
2026-06-23,3645.33935546875,3665.0,1176066.0,6510,6510.TWO
2026-06-24,3446.412353515625,3465.0,643094.0,6510,6510.TWO
2026-06-25,3411.60009765625,3430.0,358110.0,6510,6510.TWO
2026-06-26,3232.565673828125,3250.0,331682.0,6510,6510.TWO
2026-06-29,3018.718994140625,3035.0,490559.0,6510,6510.TWO
2026-06-30,3018.718994140625,3035.0,809239.0,6510,6510.TWO
2026-07-01,3267.3779296875,3285.0,657331.0,6510,6510.TWO
2026-07-02,3222.619384765625,3240.0,627120.0,6510,6510.TWO
2026-07-03,3302.190185546875,3320.0,290154.0,6510,6510.TWO
2026-07-06,3048.55810546875,3065.0,347422.0,6510,6510.TWO
2026-07-07,2819.7919921875,2835.0,483633.0,6510,6510.TWO
2026-07-08,2824.76513671875,2840.0,276283.0,6510,6510.TWO
2026-07-09,2855.0,2855.0,339076.0,6510,6510.TWO
2026-07-10,2855.0,2855.0,0.0,6510,6510.TWO
2026-07-13,2775.0,2775.0,214172.0,6510,6510.TWO
2026-07-14,2700.0,2700.0,714413.0,6510,6510.TWO
2026-07-15,2810.0,2810.0,403438.0,6510,6510.TWO
2026-07-16,2680.0,2680.0,180323.0,6510,6510.TWO
2026-07-17,2585.0,2585.0,316126.0,6510,6510.TWO
2026-07-20,2565.0,2565.0,361040.0,6510,6510.TWO
2026-07-21,2645.0,2645.0,271128.0,6510,6510.TWO
2026-07-22,2710.0,2710.0,237052.0,6510,6510.TWO
2026-07-23,2760.0,2760.0,177081.0,6510,6510.TWO
2026-07-24,2590.0,2590.0,316282.0,6510,6510.TWO
2026-07-27,2660.0,2660.0,256050.0,6510,6510.TWO
2026-07-28,2480.0,2480.0,226233.0,6510,6510.TWO
2026-07-29,2370.0,2370.0,621176.0,6510,6510.TWO
2026-07-30,2270.0,2270.0,709246.0,6510,6510.TWO
2026-07-31,2495.0,2495.0,753060.0,6510,6510.TWO
2025-05-27,557.611572265625,575.0,220213.0,4966,4966.TWO
2025-05-28,555.6720581054688,573.0,393103.0,4966,4966.TWO
2025-05-29,559.5511474609375,577.0,204444.0,4966,4966.TWO
2025-06-02,530.4583129882812,547.0,538347.0,4966,4966.TWO
2025-06-03,530.4583129882812,547.0,175063.0,4966,4966.TWO
2025-06-04,533.3676147460938,550.0,533242.0,4966,4966.TWO
2025-06-05,545.0047607421875,562.0,553232.0,4966,4966.TWO
2025-06-06,550.8233032226562,568.0,237462.0,4966,4966.TWO
2025-06-09,547.9140014648438,565.0,135458.0,4966,4966.TWO
2025-06-10,558.5813598632812,576.0,246345.0,4966,4966.TWO
2025-06-11,561.4906616210938,579.0,270166.0,4966,4966.TWO
2025-06-12,557.611572265625,575.0,307253.0,4966,4966.TWO
2025-06-13,552.7628173828125,570.0,553914.0,4966,4966.TWO
2025-06-16,555.6720581054688,573.0,350230.0,4966,4966.TWO
2025-06-17,562.4603881835938,580.0,604310.0,4966,4966.TWO
2025-06-18,561.4906616210938,579.0,406075.0,4966,4966.TWO
2025-06-19,547.9140014648438,565.0,377240.0,4966,4966.TWO
2025-06-20,546.9442138671875,564.0,305209.0,4966,4966.TWO
2025-06-23,543.065185546875,560.0,502039.0,4966,4966.TWO
2025-06-24,563.43017578125,581.0,362370.0,4966,4966.TWO
2025-06-25,565.3696899414062,583.0,366005.0,4966,4966.TWO
2025-06-26,568.2789916992188,586.0,351080.0,4966,4966.TWO
2025-06-27,581.8555908203125,600.0,860770.0,4966,4966.TWO
2025-06-30,577.9765625,596.0,429318.0,4966,4966.TWO
2025-07-01,571.188232421875,589.0,531754.0,4966,4966.TWO
2025-07-02,567.3092041015625,585.0,321529.0,4966,4966.TWO
2025-07-03,572.1580200195312,590.0,301079.0,4966,4966.TWO
2025-07-04,568.2789916992188,586.0,288196.0,4966,4966.TWO
2025-07-07,557.611572265625,575.0,361120.0,4966,4966.TWO
2025-07-08,545.0047607421875,562.0,415778.0,4966,4966.TWO
2025-07-09,566.3394165039062,584.0,369078.0,4966,4966.TWO
2025-07-10,570.2184448242188,588.0,309070.0,4966,4966.TWO
2025-07-11,575.0672607421875,593.0,470023.0,4966,4966.TWO
2025-07-14,560.5208740234375,578.0,231460.0,4966,4966.TWO
2025-07-15,566.3394165039062,584.0,119200.0,4966,4966.TWO
2025-07-16,571.188232421875,589.0,343212.0,4966,4966.TWO
2025-07-17,583.7951049804688,602.0,433461.0,4966,4966.TWO
2025-07-18,586.7044067382812,605.0,718594.0,4966,4966.TWO
2025-07-21,583.7951049804688,602.0,277256.0,4966,4966.TWO
2025-07-22,565.3696899414062,583.0,629410.0,4966,4966.TWO
2025-07-23,585.734619140625,604.0,418098.0,4966,4966.TWO
2025-07-24,585.734619140625,604.0,225165.0,4966,4966.TWO
2025-07-25,578.9462890625,597.0,176214.0,4966,4966.TWO
2025-07-28,574.0974731445312,592.0,202148.0,4966,4966.TWO
2025-07-29,570.2184448242188,588.0,242276.0,4966,4966.TWO
2025-07-30,562.4603881835938,580.0,430145.0,4966,4966.TWO
2025-07-31,557.611572265625,575.0,544603.0,4966,4966.TWO
2025-08-04,622.5855102539062,642.0,1895223.0,4966,4966.TWO
2025-08-05,649.7387084960938,670.0,3217529.0,4966,4966.TWO
2025-08-06,647.7992553710938,668.0,1494762.0,4966,4966.TWO
2025-08-07,648.7689819335938,669.0,2631723.0,4966,4966.TWO
2025-08-08,656.5270385742188,677.0,3379596.0,4966,4966.TWO
2025-08-11,693.3779296875,715.0,2673502.0,4966,4966.TWO
2025-08-12,737.01708984375,760.0,6443023.0,4966,4966.TWO
2025-08-13,759.321533203125,783.0,5761058.0,4966,4966.TWO
2025-08-14,769.9888916015625,794.0,3137569.0,4966,4966.TWO
2025-08-15,810.71875,836.0,4328377.0,4966,4966.TWO
2025-08-18,785.5050659179688,810.0,3473126.0,4966,4966.TWO
2025-08-19,756.4122924804688,780.0,3680605.0,4966,4966.TWO
2025-08-20,751.5634765625,775.0,2492225.0,4966,4966.TWO
2025-08-21,801.8984375,817.0,3671490.0,4966,4966.TWO
2025-08-22,763.6193237304688,778.0,2438803.0,4966,4966.TWO
2025-08-25,763.6193237304688,778.0,1545001.0,4966,4966.TWO
2025-08-26,789.1387329101562,804.0,2313809.0,4966,4966.TWO
2025-08-27,777.3605346679688,792.0,1276620.0,4966,4966.TWO
2025-08-28,762.6378173828125,777.0,1830576.0,4966,4966.TWO
2025-08-29,766.5638427734375,781.0,1108459.0,4966,4966.TWO
2025-09-01,739.0814208984375,753.0,1927533.0,4966,4966.TWO
2025-09-02,735.1553344726562,749.0,843070.0,4966,4966.TWO
2025-09-03,742.0259399414062,756.0,738458.0,4966,4966.TWO
2025-09-04,769.5084228515625,784.0,2440716.0,4966,4966.TWO
2025-09-05,793.0647583007812,808.0,3163033.0,4966,4966.TWO
2025-09-08,784.2311401367188,799.0,1411964.0,4966,4966.TWO
2025-09-09,774.416015625,789.0,1663264.0,4966,4966.TWO
2025-09-10,776.3790283203125,791.0,2112057.0,4966,4966.TWO
2025-09-11,757.730224609375,772.0,2247377.0,4966,4966.TWO
2025-09-12,778.342041015625,793.0,1230460.0,4966,4966.TWO
2025-09-15,770.4899291992188,785.0,808298.0,4966,4966.TWO
2025-09-16,803.8614501953125,819.0,1869120.0,4966,4966.TWO
2025-09-17,787.1757202148438,802.0,2022766.0,4966,4966.TWO
2025-09-18,848.0296630859375,864.0,4781875.0,4966,4966.TWO
2025-09-19,765.5823364257812,780.0,5365493.0,4966,4966.TWO
2025-09-22,766.5638427734375,781.0,2561956.0,4966,4966.TWO
2025-09-23,751.8411254882812,766.0,1535373.0,4966,4966.TWO
2025-09-24,757.730224609375,772.0,1059351.0,4966,4966.TWO
2025-09-25,749.8781127929688,764.0,957493.0,4966,4966.TWO
2025-09-26,735.1553344726562,749.0,1432501.0,4966,4966.TWO
2025-09-30,727.30322265625,741.0,875412.0,4966,4966.TWO
2025-10-01,727.30322265625,741.0,495530.0,4966,4966.TWO
2025-10-02,726.3217163085938,740.0,563893.0,4966,4966.TWO
2025-10-03,760.6747436523438,775.0,1859908.0,4966,4966.TWO
2025-10-07,754.78564453125,769.0,826974.0,4966,4966.TWO
2025-10-08,762.6378173828125,777.0,970404.0,4966,4966.TWO
2025-10-09,766.5638427734375,781.0,670223.0,4966,4966.TWO
2025-10-13,757.730224609375,772.0,869524.0,4966,4966.TWO
2025-10-14,732.2108154296875,746.0,1116620.0,4966,4966.TWO
2025-10-15,745.9520263671875,760.0,480812.0,4966,4966.TWO
2025-10-16,736.1368408203125,750.0,991335.0,4966,4966.TWO
2025-10-17,754.78564453125,769.0,1320528.0,4966,4966.TWO
2025-10-20,747.9150390625,762.0,657350.0,4966,4966.TWO
2025-10-21,760.6747436523438,775.0,1126789.0,4966,4966.TWO
2025-10-22,768.5269165039062,783.0,1512725.0,4966,4966.TWO
2025-10-23,760.6747436523438,775.0,530590.0,4966,4966.TWO
2025-10-27,763.6193237304688,778.0,815428.0,4966,4966.TWO
2025-10-28,746.9335327148438,761.0,737415.0,4966,4966.TWO
2025-10-29,733.1923217773438,747.0,993442.0,4966,4966.TWO
2025-10-30,685.0980224609375,698.0,4227224.0,4966,4966.TWO
2025-10-31,667.4307861328125,680.0,2099131.0,4966,4966.TWO
2025-11-03,662.523193359375,675.0,1129296.0,4966,4966.TWO
2025-11-04,654.6710815429688,667.0,1485215.0,4966,4966.TWO
2025-11-05,650.7449951171875,663.0,1203206.0,4966,4966.TWO
2025-11-06,654.6710815429688,667.0,683327.0,4966,4966.TWO
2025-11-07,643.8743896484375,656.0,699184.0,4966,4966.TWO
2025-11-10,641.911376953125,654.0,526771.0,4966,4966.TWO
2025-11-11,633.0776977539062,645.0,792662.0,4966,4966.TWO
2025-11-12,639.9483032226562,652.0,357730.0,4966,4966.TWO
2025-11-13,650.7449951171875,663.0,593780.0,4966,4966.TWO
2025-11-14,639.9483032226562,652.0,929084.0,4966,4966.TWO
2025-11-17,633.0776977539062,645.0,342635.0,4966,4966.TWO
2025-11-18,636.0222778320312,648.0,1772774.0,4966,4966.TWO
2025-11-19,621.2994995117188,633.0,990795.0,4966,4966.TWO
2025-11-20,629.1516723632812,641.0,713320.0,4966,4966.TWO
2025-11-21,616.3919677734375,628.0,707603.0,4966,4966.TWO
2025-11-24,625.2255859375,637.0,1225705.0,4966,4966.TWO
2025-11-25,638.966796875,651.0,510928.0,4966,4966.TWO
2025-11-26,643.8743896484375,656.0,415119.0,4966,4966.TWO
2025-11-27,646.8189086914062,659.0,628587.0,4966,4966.TWO
2025-11-28,648.781982421875,661.0,343922.0,4966,4966.TWO
2025-12-01,630.1331787109375,642.0,713758.0,4966,4966.TWO
2025-12-02,631.1146850585938,643.0,319428.0,4966,4966.TWO
2025-12-03,633.0776977539062,645.0,224007.0,4966,4966.TWO
2025-12-04,624.2440795898438,636.0,381516.0,4966,4966.TWO
2025-12-05,616.3919677734375,628.0,450342.0,4966,4966.TWO
2025-12-08,618.35498046875,630.0,266154.0,4966,4966.TWO
2025-12-09,610.5028686523438,622.0,406295.0,4966,4966.TWO
2025-12-10,605.5952758789062,617.0,360220.0,4966,4966.TWO
2025-12-11,598.7246704101562,610.0,602130.0,4966,4966.TWO
2025-12-12,590.8724975585938,602.0,415132.0,4966,4966.TWO
2025-12-15,590.8724975585938,602.0,599121.0,4966,4966.TWO
2025-12-16,578.11279296875,589.0,722173.0,4966,4966.TWO
2025-12-17,562.4085693359375,573.0,902803.0,4966,4966.TWO
2025-12-18,550.63037109375,561.0,815121.0,4966,4966.TWO
2025-12-19,547.6858520507812,558.0,1019260.0,4966,4966.TWO
2025-12-22,555.5379638671875,566.0,437570.0,4966,4966.TWO
2025-12-23,548.6673583984375,559.0,424116.0,4966,4966.TWO
2025-12-24,555.5379638671875,566.0,890905.0,4966,4966.TWO
2025-12-26,554.5564575195312,565.0,550570.0,4966,4966.TWO
2025-12-29,572.2237548828125,583.0,1509120.0,4966,4966.TWO
2025-12-30,569.2791748046875,580.0,1386345.0,4966,4966.TWO
2025-12-31,573.2052612304688,584.0,1128442.0,4966,4966.TWO
2026-01-02,568.2976684570312,579.0,1234642.0,4966,4966.TWO
2026-01-05,557.5009765625,568.0,1105471.0,4966,4966.TWO
2026-01-06,573.2052612304688,584.0,1311506.0,4966,4966.TWO
2026-01-07,605.5952758789062,617.0,3274070.0,4966,4966.TWO
2026-01-08,607.5582885742188,619.0,3718531.0,4966,4966.TWO
2026-01-09,621.2994995117188,633.0,1795302.0,4966,4966.TWO
2026-01-12,611.484375,623.0,1415440.0,4966,4966.TWO
2026-01-13,586.9464721679688,598.0,1845181.0,4966,4966.TWO
2026-01-14,580.0758666992188,591.0,1085180.0,4966,4966.TWO
2026-01-15,572.2237548828125,583.0,1435708.0,4966,4966.TWO
2026-01-16,564.37158203125,575.0,887150.0,4966,4966.TWO
2026-01-19,572.2237548828125,583.0,970156.0,4966,4966.TWO
2026-01-20,566.3346557617188,577.0,907430.0,4966,4966.TWO
2026-01-21,551.6118774414062,562.0,1189901.0,4966,4966.TWO
2026-01-22,554.5564575195312,565.0,722615.0,4966,4966.TWO
2026-01-23,558.4824829101562,569.0,1431196.0,4966,4966.TWO
2026-01-26,565.3530883789062,576.0,921355.0,4966,4966.TWO
2026-01-27,575.1682739257812,586.0,886910.0,4966,4966.TWO
2026-01-28,573.2052612304688,584.0,1203352.0,4966,4966.TWO
2026-01-29,560.445556640625,571.0,826765.0,4966,4966.TWO
2026-01-30,519.2218627929688,529.0,2159349.0,4966,4966.TWO
2026-02-02,506.462158203125,516.0,913921.0,4966,4966.TWO
2026-02-03,516.27734375,526.0,537290.0,4966,4966.TWO
2026-02-04,518.2403564453125,528.0,331185.0,4966,4966.TWO
2026-02-05,511.3697509765625,521.0,563800.0,4966,4966.TWO
2026-02-06,509.4067077636719,519.0,555082.0,4966,4966.TWO
2026-02-09,507.4436950683594,517.0,327137.0,4966,4966.TWO
2026-02-10,505.48065185546875,515.0,379012.0,4966,4966.TWO
2026-02-11,498.61004638671875,508.0,1339655.0,4966,4966.TWO
2026-02-23,504.4991455078125,514.0,1331854.0,4966,4966.TWO
2026-02-24,509.4067077636719,519.0,608633.0,4966,4966.TWO
2026-02-25,532.9630737304688,543.0,1501801.0,4966,4966.TWO
2026-02-26,534.9261474609375,545.0,1082529.0,4966,4966.TWO
2026-03-02,525.1109619140625,535.0,927036.0,4966,4966.TWO
2026-03-03,514.3142700195312,524.0,819863.0,4966,4966.TWO
2026-03-04,491.73944091796875,501.0,1267057.0,4966,4966.TWO
2026-03-05,509.4067077636719,519.0,692614.0,4966,4966.TWO
2026-03-06,514.3142700195312,524.0,485869.0,4966,4966.TWO
2026-03-09,488.7948913574219,498.0,774200.0,4966,4966.TWO
2026-03-10,513.332763671875,523.0,566525.0,4966,4966.TWO
2026-03-11,523.14794921875,533.0,532227.0,4966,4966.TWO
2026-03-12,519.2218627929688,529.0,463222.0,4966,4966.TWO
2026-03-13,512.3512573242188,522.0,459237.0,4966,4966.TWO
2026-03-16,510.3882141113281,520.0,384032.0,4966,4966.TWO
2026-03-17,502.5361022949219,512.0,802319.0,4966,4966.TWO
2026-03-18,505.48065185546875,515.0,476293.0,4966,4966.TWO
2026-03-19,493.70245361328125,503.0,603062.0,4966,4966.TWO
2026-03-20,510.3882141113281,520.0,745620.0,4966,4966.TWO
2026-03-23,489.7763977050781,499.0,537182.0,4966,4966.TWO
2026-03-24,485.3595886230469,494.5,535446.0,4966,4966.TWO
2026-03-25,487.8133544921875,497.0,313139.0,4966,4966.TWO
2026-03-26,487.8133544921875,497.0,463154.0,4966,4966.TWO
2026-03-27,490.7579040527344,500.0,398414.0,4966,4966.TWO
2026-03-30,476.0351867675781,485.0,583106.0,4966,4966.TWO
2026-03-31,467.2015380859375,476.0,628396.0,4966,4966.TWO
2026-04-01,473.09063720703125,482.0,729757.0,4966,4966.TWO
2026-04-02,463.5,463.5,635694.0,4966,4966.TWO
2026-04-07,475.0,475.0,410150.0,4966,4966.TWO
2026-04-08,478.0,478.0,636621.0,4966,4966.TWO
2026-04-09,501.0,501.0,1007483.0,4966,4966.TWO
2026-04-10,533.0,533.0,1860418.0,4966,4966.TWO
2026-04-13,520.0,520.0,1131561.0,4966,4966.TWO
2026-04-14,539.0,539.0,1169268.0,4966,4966.TWO
2026-04-15,530.0,530.0,723530.0,4966,4966.TWO
2026-04-16,555.0,555.0,1708240.0,4966,4966.TWO
2026-04-17,546.0,546.0,882128.0,4966,4966.TWO
2026-04-20,532.0,532.0,1467821.0,4966,4966.TWO
2026-04-21,537.0,537.0,938401.0,4966,4966.TWO
2026-04-22,590.0,590.0,3482559.0,4966,4966.TWO
2026-04-23,600.0,600.0,7184195.0,4966,4966.TWO
2026-04-24,649.0,649.0,7567121.0,4966,4966.TWO
2026-04-27,615.0,615.0,4618464.0,4966,4966.TWO
2026-04-28,588.0,588.0,2450407.0,4966,4966.TWO
2026-04-29,568.0,568.0,1403081.0,4966,4966.TWO
2026-04-30,575.0,575.0,1331041.0,4966,4966.TWO
2026-05-04,575.0,575.0,1506180.0,4966,4966.TWO
2026-05-05,562.0,562.0,1348144.0,4966,4966.TWO
2026-05-06,574.0,574.0,1404132.0,4966,4966.TWO
2026-05-07,609.0,609.0,2600260.0,4966,4966.TWO
2026-05-08,669.0,669.0,5568429.0,4966,4966.TWO
2026-05-11,735.0,735.0,6924095.0,4966,4966.TWO
2026-05-12,761.0,761.0,15672590.0,4966,4966.TWO
2026-05-13,809.0,809.0,11374075.0,4966,4966.TWO
2026-05-14,819.0,819.0,7113995.0,4966,4966.TWO
2026-05-15,800.0,800.0,3225408.0,4966,4966.TWO
2026-05-18,757.0,757.0,1523409.0,4966,4966.TWO
2026-05-19,728.0,728.0,1311507.0,4966,4966.TWO
2026-05-20,757.0,757.0,1340913.0,4966,4966.TWO
2026-05-21,789.0,789.0,1923072.0,4966,4966.TWO
2026-05-22,795.0,795.0,1243848.0,4966,4966.TWO
2026-05-25,818.0,818.0,2502040.0,4966,4966.TWO
2026-05-26,807.0,807.0,1534830.0,4966,4966.TWO
2026-05-27,870.0,870.0,3467653.0,4966,4966.TWO
2026-05-28,845.0,845.0,2966412.0,4966,4966.TWO
2026-05-29,834.0,834.0,8808537.0,4966,4966.TWO
2026-06-01,859.0,859.0,6052016.0,4966,4966.TWO
2026-06-02,827.0,827.0,4410680.0,4966,4966.TWO
2026-06-03,805.0,805.0,5005213.0,4966,4966.TWO
2026-06-04,756.0,756.0,4815234.0,4966,4966.TWO
2026-06-05,736.0,736.0,3165951.0,4966,4966.TWO
2026-06-08,663.0,663.0,1000334.0,4966,4966.TWO
2026-06-09,691.0,691.0,3031168.0,4966,4966.TWO
2026-06-10,662.0,662.0,1967537.0,4966,4966.TWO
2026-06-11,657.0,657.0,1566768.0,4966,4966.TWO
2026-06-12,675.0,675.0,1462338.0,4966,4966.TWO
2026-06-15,675.0,675.0,1061516.0,4966,4966.TWO
2026-06-16,660.0,660.0,1570763.0,4966,4966.TWO
2026-06-17,675.0,675.0,972625.0,4966,4966.TWO
2026-06-18,693.0,693.0,2336825.0,4966,4966.TWO
2026-06-22,695.0,695.0,1712517.0,4966,4966.TWO
2026-06-23,661.0,661.0,2070244.0,4966,4966.TWO
2026-06-24,664.0,664.0,911490.0,4966,4966.TWO
2026-06-25,658.0,658.0,1377633.0,4966,4966.TWO
2026-06-26,608.0,608.0,2574174.0,4966,4966.TWO
2026-06-29,631.0,631.0,1213480.0,4966,4966.TWO
2026-06-30,629.0,629.0,1644537.0,4966,4966.TWO
2026-07-01,623.0,623.0,1654262.0,4966,4966.TWO
2026-07-02,656.0,656.0,1416146.0,4966,4966.TWO
2026-07-03,654.0,654.0,818721.0,4966,4966.TWO
2026-07-06,639.0,639.0,2649091.0,4966,4966.TWO
2026-07-07,650.0,650.0,3539197.0,4966,4966.TWO
2026-07-08,662.0,662.0,1678225.0,4966,4966.TWO
2026-07-09,655.0,655.0,1174574.0,4966,4966.TWO
2026-07-10,655.0,655.0,0.0,4966,4966.TWO
2026-07-13,647.0,647.0,1156287.0,4966,4966.TWO
2026-07-14,628.0,628.0,1677573.0,4966,4966.TWO
2026-07-15,636.0,636.0,721073.0,4966,4966.TWO
2026-07-16,631.0,631.0,589400.0,4966,4966.TWO
2026-07-17,585.0,585.0,1619150.0,4966,4966.TWO
2026-07-20,567.0,567.0,1984601.0,4966,4966.TWO
2026-07-21,583.0,583.0,542934.0,4966,4966.TWO
2026-07-22,612.0,612.0,621253.0,4966,4966.TWO
2026-07-23,612.0,612.0,414109.0,4966,4966.TWO
2026-07-24,611.0,611.0,515413.0,4966,4966.TWO
2026-07-27,615.0,615.0,682153.0,4966,4966.TWO
2026-07-28,578.0,578.0,843329.0,4966,4966.TWO
2026-07-29,561.0,561.0,1426801.0,4966,4966.TWO
2026-07-30,532.0,532.0,1056406.0,4966,4966.TWO
2026-07-31,562.0,562.0,820015.0,4966,4966.TWO
2025-05-27,1022.3256225585938,1050.0,2118317.0,6515,6515.TW
2025-05-28,1012.589111328125,1040.0,1648305.0,6515,6515.TW
2025-05-29,1080.744140625,1110.0,4080762.0,6515,6515.TW
2025-06-02,1041.7984619140625,1070.0,1461353.0,6515,6515.TW
2025-06-03,1041.7984619140625,1070.0,1179394.0,6515,6515.TW
2025-06-04,1056.403076171875,1085.0,1327482.0,6515,6515.TW
2025-06-05,1061.2713623046875,1090.0,878379.0,6515,6515.TW
2025-06-06,1061.2713623046875,1090.0,1152911.0,6515,6515.TW
2025-06-09,1090.480712890625,1120.0,2646777.0,6515,6515.TW
2025-06-10,1144.0311279296875,1175.0,1955620.0,6515,6515.TW
2025-06-11,1153.7674560546875,1185.0,1557875.0,6515,6515.TW
2025-06-12,1124.55810546875,1155.0,856568.0,6515,6515.TW
2025-06-13,1114.8216552734375,1145.0,785443.0,6515,6515.TW
2025-06-16,1129.4263916015625,1160.0,523276.0,6515,6515.TW
2025-06-17,1202.44970703125,1235.0,1997483.0,6515,6515.TW
2025-06-18,1202.44970703125,1235.0,1151516.0,6515,6515.TW
2025-06-19,1178.1085205078125,1210.0,675680.0,6515,6515.TW
2025-06-20,1144.0311279296875,1175.0,1268481.0,6515,6515.TW
2025-06-23,1192.7132568359375,1225.0,1085567.0,6515,6515.TW
2025-06-24,1226.7906494140625,1260.0,910637.0,6515,6515.TW
2025-06-25,1241.3953857421875,1275.0,939295.0,6515,6515.TW
2025-06-26,1192.7132568359375,1225.0,770856.0,6515,6515.TW
2025-06-27,1197.5814208984375,1230.0,936920.0,6515,6515.TW
2025-06-30,1260.8682861328125,1295.0,1635379.0,6515,6515.TW
2025-07-01,1260.8682861328125,1295.0,1129444.0,6515,6515.TW
2025-07-02,1236.5272216796875,1270.0,483416.0,6515,6515.TW
2025-07-03,1251.1318359375,1285.0,803236.0,6515,6515.TW
2025-07-04,1270.6046142578125,1305.0,1254916.0,6515,6515.TW
2025-07-07,1235.8612060546875,1245.0,843655.0,6515,6515.TW
2025-07-08,1116.7420654296875,1125.0,2013885.0,6515,6515.TW
2025-07-09,1126.668701171875,1135.0,1017830.0,6515,6515.TW
2025-07-10,1116.7420654296875,1125.0,991349.0,6515,6515.TW
2025-07-11,1111.77880859375,1120.0,688516.0,6515,6515.TW
2025-07-14,1086.9622802734375,1095.0,555375.0,6515,6515.TW
2025-07-15,1101.8521728515625,1110.0,483610.0,6515,6515.TW
2025-07-16,1096.888916015625,1105.0,952802.0,6515,6515.TW
2025-07-17,1086.9622802734375,1095.0,725427.0,6515,6515.TW
2025-07-18,1096.888916015625,1105.0,294706.0,6515,6515.TW
2025-07-21,1032.365966796875,1040.0,1311226.0,6515,6515.TW
2025-07-22,992.6596069335938,1000.0,1352442.0,6515,6515.TW
2025-07-23,997.6229248046875,1005.0,468586.0,6515,6515.TW
2025-07-24,1007.5494995117188,1015.0,962805.0,6515,6515.TW
2025-07-25,1106.8154296875,1115.0,2599735.0,6515,6515.TW
2025-07-28,1091.925537109375,1100.0,2767320.0,6515,6515.TW
2025-07-29,1116.7420654296875,1125.0,1530900.0,6515,6515.TW
2025-07-30,1106.8154296875,1115.0,891164.0,6515,6515.TW
2025-07-31,1111.77880859375,1120.0,1220452.0,6515,6515.TW
2025-08-04,1067.109130859375,1075.0,872562.0,6515,6515.TW
2025-08-05,1072.0723876953125,1080.0,488057.0,6515,6515.TW
2025-08-06,1111.77880859375,1120.0,1583990.0,6515,6515.TW
2025-08-07,1131.6319580078125,1140.0,1859749.0,6515,6515.TW
2025-08-08,1136.59521484375,1145.0,632376.0,6515,6515.TW
2025-08-11,1141.55859375,1150.0,618751.0,6515,6515.TW
2025-08-12,1121.705322265625,1130.0,577177.0,6515,6515.TW
2025-08-13,1126.668701171875,1135.0,1146264.0,6515,6515.TW
2025-08-14,1235.8612060546875,1245.0,2569223.0,6515,6515.TW
2025-08-15,1230.89794921875,1240.0,1990612.0,6515,6515.TW
2025-08-18,1220.9713134765625,1230.0,931832.0,6515,6515.TW
2025-08-19,1196.1549072265625,1205.0,831028.0,6515,6515.TW
2025-08-20,1111.77880859375,1120.0,1155437.0,6515,6515.TW
2025-08-21,1121.705322265625,1130.0,990390.0,6515,6515.TW
2025-08-22,1091.925537109375,1100.0,792947.0,6515,6515.TW
2025-08-25,1121.705322265625,1130.0,753820.0,6515,6515.TW
2025-08-26,1131.6319580078125,1140.0,508085.0,6515,6515.TW
2025-08-27,1240.8245849609375,1250.0,2172797.0,6515,6515.TW
2025-08-28,1240.8245849609375,1250.0,2220932.0,6515,6515.TW
2025-08-29,1364.906982421875,1375.0,3035200.0,6515,6515.TW
2025-09-01,1498.916015625,1510.0,4281171.0,6515,6515.TW
2025-09-02,1523.7325439453125,1535.0,3414809.0,6515,6515.TW
2025-09-03,1553.5123291015625,1565.0,1615385.0,6515,6515.TW
2025-09-04,1578.328857421875,1590.0,370919.0,6515,6515.TW
2025-09-05,1732.1910400390625,1745.0,374330.0,6515,6515.TW
2025-09-08,1707.37451171875,1720.0,448572.0,6515,6515.TW
2025-09-09,1747.0809326171875,1760.0,344551.0,6515,6515.TW
2025-09-10,1727.227783203125,1740.0,276288.0,6515,6515.TW
2025-09-11,1672.6314697265625,1685.0,486351.0,6515,6515.TW
2025-09-12,1588.25537109375,1600.0,486022.0,6515,6515.TW
2025-09-15,1583.2921142578125,1595.0,294397.0,6515,6515.TW
2025-09-16,1702.4112548828125,1715.0,309567.0,6515,6515.TW
2025-09-17,1692.484619140625,1705.0,269454.0,6515,6515.TW
2025-09-18,1861.23681640625,1875.0,1426671.0,6515,6515.TW
2025-09-19,1831.45703125,1845.0,2310933.0,6515,6515.TW
2025-09-22,2005.1724853515625,2020.0,1767921.0,6515,6515.TW
2025-09-23,2000.2091064453125,2015.0,1561933.0,6515,6515.TW
2025-09-24,2015.0989990234375,2030.0,1173240.0,6515,6515.TW
2025-09-25,2005.1724853515625,2020.0,2304720.0,6515,6515.TW
2025-09-26,2089.548583984375,2105.0,2670607.0,6515,6515.TW
2025-09-30,2248.3740234375,2265.0,1786552.0,6515,6515.TW
2025-10-01,2253.33740234375,2270.0,1190317.0,6515,6515.TW
2025-10-02,2253.33740234375,2270.0,819665.0,6515,6515.TW
2025-10-03,2218.59423828125,2235.0,830266.0,6515,6515.TW
2025-10-07,2109.401611328125,2125.0,1817979.0,6515,6515.TW
2025-10-08,2163.998046875,2180.0,1386208.0,6515,6515.TW
2025-10-09,2278.15380859375,2295.0,1280079.0,6515,6515.TW
2025-10-13,2253.33740234375,2270.0,974511.0,6515,6515.TW
2025-10-14,2258.300537109375,2275.0,1850468.0,6515,6515.TW
2025-10-15,2436.9794921875,2455.0,1818612.0,6515,6515.TW
2025-10-16,2412.162841796875,2430.0,683648.0,6515,6515.TW
2025-10-17,2402.236328125,2420.0,670149.0,6515,6515.TW
2025-10-20,2377.419921875,2395.0,790202.0,6515,6515.TW
2025-10-21,2432.01611328125,2450.0,742111.0,6515,6515.TW
2025-10-22,2446.906005859375,2465.0,631306.0,6515,6515.TW
2025-10-23,2427.052734375,2445.0,593425.0,6515,6515.TW
2025-10-27,2456.83251953125,2475.0,1008275.0,6515,6515.TW
2025-10-28,2377.419921875,2395.0,684410.0,6515,6515.TW
2025-10-29,2610.69482421875,2630.0,1249745.0,6515,6515.TW
2025-10-30,2521.35546875,2540.0,1596116.0,6515,6515.TW
2025-10-31,2610.69482421875,2630.0,909854.0,6515,6515.TW
2025-11-03,2422.089599609375,2440.0,1138413.0,6515,6515.TW
2025-11-04,2402.236328125,2420.0,1129807.0,6515,6515.TW
2025-11-05,2397.27294921875,2415.0,922118.0,6515,6515.TW
2025-11-06,2481.649169921875,2500.0,926085.0,6515,6515.TW
2025-11-07,2362.530029296875,2380.0,1058250.0,6515,6515.TW
2025-11-10,2342.6767578125,2360.0,717669.0,6515,6515.TW
2025-11-11,2188.814453125,2205.0,1903364.0,6515,6515.TW
2025-11-12,2173.924560546875,2190.0,748479.0,6515,6515.TW
2025-11-13,2168.961181640625,2185.0,1240219.0,6515,6515.TW
2025-11-14,2178.887939453125,2195.0,993147.0,6515,6515.TW
2025-11-17,2188.814453125,2205.0,930569.0,6515,6515.TW
2025-11-18,2144.144775390625,2160.0,1175162.0,6515,6515.TW
2025-11-19,2124.29150390625,2140.0,590676.0,6515,6515.TW
2025-11-20,2332.750244140625,2350.0,1407228.0,6515,6515.TW
2025-11-21,2293.043701171875,2310.0,1724446.0,6515,6515.TW
2025-11-24,2456.83251953125,2475.0,1486317.0,6515,6515.TW
2025-11-25,2496.5390625,2515.0,1128322.0,6515,6515.TW
2025-11-26,2625.584716796875,2645.0,1067239.0,6515,6515.TW
2025-11-27,2729.81396484375,2750.0,824119.0,6515,6515.TW
2025-11-28,2809.226806640625,2830.0,1333143.0,6515,6515.TW
2025-12-01,2531.281982421875,2550.0,999579.0,6515,6515.TW
2025-12-02,2541.208740234375,2560.0,1284501.0,6515,6515.TW
2025-12-03,2566.025146484375,2585.0,531155.0,6515,6515.TW
2025-12-04,2551.13525390625,2570.0,883354.0,6515,6515.TW
2025-12-05,2541.208740234375,2560.0,563294.0,6515,6515.TW
2025-12-08,2501.502197265625,2520.0,485515.0,6515,6515.TW
2025-12-09,2655.364501953125,2675.0,1045199.0,6515,6515.TW
2025-12-10,2665.291015625,2685.0,367103.0,6515,6515.TW
2025-12-11,2645.43798828125,2665.0,647023.0,6515,6515.TW
2025-12-12,2779.447021484375,2800.0,1538280.0,6515,6515.TW
2025-12-15,2764.55712890625,2785.0,826318.0,6515,6515.TW
2025-12-16,2749.667236328125,2770.0,901201.0,6515,6515.TW
2025-12-17,2551.13525390625,2570.0,1094787.0,6515,6515.TW
2025-12-18,2541.208740234375,2560.0,612302.0,6515,6515.TW
2025-12-19,2605.7314453125,2625.0,370240.0,6515,6515.TW
2025-12-22,2570.988525390625,2590.0,435074.0,6515,6515.TW
2025-12-23,2566.025146484375,2585.0,282162.0,6515,6515.TW
2025-12-24,2615.658203125,2635.0,356117.0,6515,6515.TW
2025-12-26,2873.74951171875,2895.0,1260467.0,6515,6515.TW
2025-12-29,2754.63037109375,2775.0,1913086.0,6515,6515.TW
2025-12-30,2853.896484375,2875.0,1139144.0,6515,6515.TW
2025-12-31,2819.1533203125,2840.0,729281.0,6515,6515.TW
2026-01-02,2873.74951171875,2895.0,854066.0,6515,6515.TW
2026-01-05,3037.53857421875,3060.0,1198641.0,6515,6515.TW
2026-01-06,3107.024658203125,3130.0,1218105.0,6515,6515.TW
2026-01-07,3280.739990234375,3305.0,1269651.0,6515,6515.TW
2026-01-08,3151.6943359375,3175.0,1449646.0,6515,6515.TW
2026-01-09,3464.382080078125,3490.0,1730534.0,6515,6515.TW
2026-01-12,3444.52880859375,3470.0,1038124.0,6515,6515.TW
2026-01-13,3424.67578125,3450.0,566202.0,6515,6515.TW
2026-01-14,3469.345458984375,3495.0,408089.0,6515,6515.TW
2026-01-15,3424.67578125,3450.0,347123.0,6515,6515.TW
2026-01-16,3509.0517578125,3535.0,599129.0,6515,6515.TW
2026-01-19,3434.602294921875,3460.0,470151.0,6515,6515.TW
2026-01-20,3712.547119140625,3740.0,940409.0,6515,6515.TW
2026-01-21,3796.923095703125,3825.0,676317.0,6515,6515.TW
2026-01-22,3722.4736328125,3750.0,688083.0,6515,6515.TW
2026-01-23,3876.3359375,3905.0,517222.0,6515,6515.TW
2026-01-26,4035.161376953125,4065.0,336044.0,6515,6515.TW
2026-01-27,4243.6201171875,4275.0,697223.0,6515,6515.TW
2026-01-28,3985.5283203125,4015.0,1148241.0,6515,6515.TW
2026-01-29,3871.37255859375,3900.0,637324.0,6515,6515.TW
2026-01-30,3876.3359375,3905.0,787382.0,6515,6515.TW
2026-02-02,4030.197998046875,4060.0,614124.0,6515,6515.TW
2026-02-03,4432.22509765625,4465.0,1276220.0,6515,6515.TW
2026-02-04,4521.564453125,4555.0,811222.0,6515,6515.TW
2026-02-05,4392.51904296875,4425.0,490187.0,6515,6515.TW
2026-02-06,4476.89501953125,4510.0,418233.0,6515,6515.TW
2026-02-09,4685.353515625,4720.0,730577.0,6515,6515.TW
2026-02-10,4859.06884765625,4895.0,450098.0,6515,6515.TW
2026-02-11,4968.26123046875,5005.0,369387.0,6515,6515.TW
2026-02-23,4660.537109375,4695.0,715349.0,6515,6515.TW
2026-02-24,4730.02294921875,4765.0,539129.0,6515,6515.TW
2026-02-25,4963.29833984375,5000.0,504387.0,6515,6515.TW
2026-02-26,5077.4541015625,5115.0,984267.0,6515,6515.TW
2026-03-02,4739.94970703125,4775.0,533670.0,6515,6515.TW
2026-03-03,4695.2802734375,4730.0,502374.0,6515,6515.TW
2026-03-04,4491.78466796875,4525.0,310585.0,6515,6515.TW
2026-03-05,4739.94970703125,4775.0,280035.0,6515,6515.TW
2026-03-06,5211.462890625,5250.0,529520.0,6515,6515.TW
2026-03-09,4943.44482421875,4980.0,776142.0,6515,6515.TW
2026-03-10,5434.8115234375,5475.0,481123.0,6515,6515.TW
2026-03-11,5856.69189453125,5900.0,726183.0,6515,6515.TW
2026-03-12,6283.53564453125,6330.0,691516.0,6515,6515.TW
2026-03-13,6238.86572265625,6285.0,431066.0,6515,6515.TW
2026-03-16,6114.783203125,6160.0,421190.0,6515,6515.TW
2026-03-17,6571.40673828125,6620.0,502118.0,6515,6515.TW
2026-03-18,7167.00244140625,7220.0,408868.0,6515,6515.TW
2026-03-19,7157.07568359375,7210.0,544110.0,6515,6515.TW
2026-03-20,7871.791015625,7930.0,418041.0,6515,6515.TW
2026-03-23,7827.12109375,7885.0,618096.0,6515,6515.TW
2026-03-24,8129.88232421875,8190.0,521274.0,6515,6515.TW
2026-03-25,8387.9736328125,8450.0,634262.0,6515,6515.TW
2026-03-26,8085.212890625,8145.0,125099.0,6515,6515.TW
2026-03-27,7856.90087890625,7915.0,81107.0,6515,6515.TW
2026-03-30,7618.66259765625,7675.0,115043.0,6515,6515.TW
2026-03-31,7097.51611328125,7150.0,274361.0,6515,6515.TW
2026-04-01,7236.48876953125,7290.0,229065.0,6515,6515.TW
2026-04-02,6556.5166015625,6605.0,394188.0,6515,6515.TW
2026-04-07,7047.88330078125,7100.0,220120.0,6515,6515.TW
2026-04-08,7752.671875,7810.0,174179.0,6515,6515.TW
2026-04-09,7936.31396484375,7995.0,118400.0,6515,6515.TW
2026-04-10,7871.791015625,7930.0,181593.0,6515,6515.TW
2026-04-13,8497.166015625,8560.0,475263.0,6515,6515.TW
2026-04-14,8407.8271484375,8470.0,331072.0,6515,6515.TW
2026-04-15,8998.4599609375,9065.0,312812.0,6515,6515.TW
2026-04-16,9747.91796875,9820.0,434327.0,6515,6515.TW
2026-04-17,10229.357421875,10305.0,488530.0,6515,6515.TW
2026-04-20,10715.7607421875,10795.0,381282.0,6515,6515.TW
2026-04-21,10636.34765625,10715.0,388633.0,6515,6515.TW
2026-04-22,10651.23828125,10730.0,320148.0,6515,6515.TW
2026-04-23,10651.23828125,10730.0,361100.0,6515,6515.TW
2026-04-24,9986.15625,10060.0,484365.0,6515,6515.TW
2026-04-27,9509.6796875,9580.0,582408.0,6515,6515.TW
2026-04-28,10060.60546875,10135.0,217203.0,6515,6515.TW
2026-04-29,10110.23828125,10185.0,160126.0,6515,6515.TW
2026-04-30,10308.7705078125,10385.0,168550.0,6515,6515.TW
2026-05-04,10621.4580078125,10700.0,182139.0,6515,6515.TW
2026-05-05,9981.1923828125,10055.0,313095.0,6515,6515.TW
2026-05-06,10055.6416015625,10130.0,432126.0,6515,6515.TW
2026-05-07,9787.6240234375,9860.0,269131.0,6515,6515.TW
2026-05-08,9559.3125,9630.0,252193.0,6515,6515.TW
2026-05-11,10015.935546875,10090.0,215161.0,6515,6515.TW
2026-05-12,9876.962890625,9950.0,231378.0,6515,6515.TW
2026-05-13,9802.513671875,9875.0,354127.0,6515,6515.TW
2026-05-14,10462.6328125,10540.0,422655.0,6515,6515.TW
2026-05-15,9708.2109375,9780.0,321365.0,6515,6515.TW
2026-05-18,10164.8349609375,10240.0,269147.0,6515,6515.TW
2026-05-19,9420.33984375,9490.0,339137.0,6515,6515.TW
2026-05-20,9013.349609375,9080.0,215245.0,6515,6515.TW
2026-05-21,9440.193359375,9510.0,270252.0,6515,6515.TW
2026-05-22,8636.138671875,8700.0,715641.0,6515,6515.TW
2026-05-25,8785.0380859375,8850.0,482089.0,6515,6515.TW
2026-05-26,8839.6337890625,8905.0,283478.0,6515,6515.TW
2026-05-27,9723.1005859375,9795.0,165430.0,6515,6515.TW
2026-05-28,9053.0556640625,9120.0,1007326.0,6515,6515.TW
2026-05-29,8601.3955078125,8665.0,520492.0,6515,6515.TW
2026-06-01,8641.1025390625,8705.0,253320.0,6515,6515.TW
2026-06-02,8020.68994140625,8080.0,618511.0,6515,6515.TW
2026-06-03,8159.662109375,8220.0,270239.0,6515,6515.TW
2026-06-04,8586.505859375,8650.0,305529.0,6515,6515.TW
2026-06-05,8363.1572265625,8425.0,214187.0,6515,6515.TW
2026-06-08,8318.4873046875,8380.0,506228.0,6515,6515.TW
2026-06-09,8546.7998046875,8610.0,363179.0,6515,6515.TW
2026-06-10,8065.359375,8125.0,200243.0,6515,6515.TW
2026-06-11,8655.9921875,8720.0,497474.0,6515,6515.TW
2026-06-12,9519.60546875,9590.0,413858.0,6515,6515.TW
2026-06-15,9852.146484375,9925.0,574271.0,6515,6515.TW
2026-06-16,9872.0,9945.0,331471.0,6515,6515.TW
2026-06-17,9380.6337890625,9450.0,272307.0,6515,6515.TW
2026-06-18,9380.6337890625,9450.0,179690.0,6515,6515.TW
2026-06-22,9390.560546875,9460.0,319142.0,6515,6515.TW
2026-06-23,9380.6337890625,9450.0,297123.0,6515,6515.TW
2026-06-24,9430.2666015625,9500.0,294900.0,6515,6515.TW
2026-06-25,9033.2021484375,9100.0,271150.0,6515,6515.TW
2026-06-26,8129.88232421875,8190.0,444322.0,6515,6515.TW
2026-06-29,7956.1669921875,8015.0,375090.0,6515,6515.TW
2026-06-30,8025.6533203125,8085.0,251116.0,6515,6515.TW
2026-07-01,8824.744140625,8890.0,240661.0,6515,6515.TW
2026-07-02,9241.6611328125,9310.0,567177.0,6515,6515.TW
2026-07-03,9827.330078125,9900.0,523265.0,6515,6515.TW
2026-07-06,8849.560546875,8915.0,266165.0,6515,6515.TW
2026-07-07,7966.09375,8025.0,545313.0,6515,6515.TW
2026-07-08,7648.4423828125,7705.0,434265.0,6515,6515.TW
2026-07-09,7708.001953125,7765.0,287125.0,6515,6515.TW
2026-07-10,7708.001953125,7765.0,0.0,6515,6515.TW
2026-07-13,7320.86474609375,7375.0,282058.0,6515,6515.TW
2026-07-14,6988.32373046875,7040.0,422258.0,6515,6515.TW
2026-07-15,7201.74560546875,7255.0,165294.0,6515,6515.TW
2026-07-16,6685.5625,6735.0,579751.0,6515,6515.TW
2026-07-17,6055.0,6055.0,694536.0,6515,6515.TW
2026-07-20,6050.0,6050.0,363280.0,6515,6515.TW
2026-07-21,6655.0,6655.0,522016.0,6515,6515.TW
2026-07-22,6500.0,6500.0,581385.0,6515,6515.TW
2026-07-23,6610.0,6610.0,188031.0,6515,6515.TW
2026-07-24,6295.0,6295.0,273198.0,6515,6515.TW
2026-07-27,6395.0,6395.0,168062.0,6515,6515.TW
2026-07-28,5935.0,5935.0,225087.0,6515,6515.TW
2026-07-29,5415.0,5415.0,590287.0,6515,6515.TW
2026-07-30,5290.0,5290.0,540320.0,6515,6515.TW
2026-07-31,5815.0,5815.0,189058.0,6515,6515.TW
2025-05-27,49.352394104003906,51.79999923706055,2498044.0,2481,2481.TW
2025-05-28,48.59019470214844,51.0,1403501.0,2481,2481.TW
2025-05-29,48.2090950012207,50.599998474121094,2222062.0,2481,2481.TW
2025-06-02,45.92250061035156,48.20000076293945,2441012.0,2481,2481.TW
2025-06-03,46.1130485534668,48.400001525878906,1063001.0,2481,2481.TW
2025-06-04,47.303985595703125,49.650001525878906,1042707.0,2481,2481.TW
2025-06-05,47.827999114990234,50.20000076293945,1603156.0,2481,2481.TW
2025-06-06,48.30437088012695,50.70000076293945,735340.0,2481,2481.TW
2025-06-09,48.97129440307617,51.400001525878906,1127641.0,2481,2481.TW
2025-06-10,48.68547058105469,51.099998474121094,4098000.0,2481,2481.TW
2025-06-11,48.87601852416992,51.29999923706055,1663901.0,2481,2481.TW
2025-06-12,48.97129440307617,51.400001525878906,861123.0,2481,2481.TW
2025-06-13,47.446895599365234,49.79999923706055,1202769.0,2481,2481.TW
2025-06-16,47.92327117919922,50.29999923706055,1086086.0,2481,2481.TW
2025-06-17,49.73349380493164,52.20000076293945,3068106.0,2481,2481.TW
2025-06-18,49.82876968383789,52.29999923706055,1783010.0,2481,2481.TW
2025-06-19,48.78074645996094,51.20000076293945,970100.0,2481,2481.TW
2025-06-20,47.018157958984375,49.349998474121094,4315965.0,2481,2481.TW
2025-06-23,46.97052001953125,49.29999923706055,1704283.0,2481,2481.TW
2025-06-24,47.92327117919922,50.29999923706055,1028145.0,2481,2481.TW
2025-06-25,47.92327117919922,50.29999923706055,857180.0,2481,2481.TW
2025-06-26,48.39964294433594,50.79999923706055,843255.0,2481,2481.TW
2025-06-27,48.49492263793945,50.900001525878906,701501.0,2481,2481.TW
2025-06-30,47.63744354248047,50.0,965100.0,2481,2481.TW
2025-07-01,47.73271942138672,50.099998474121094,651097.0,2481,2481.TW
2025-07-02,46.637062072753906,48.95000076293945,1303325.0,2481,2481.TW
2025-07-03,47.35162353515625,49.70000076293945,1010360.0,2481,2481.TW
2025-07-04,45.87486267089844,48.150001525878906,1178800.0,2481,2481.TW
2025-07-07,45.25557327270508,47.5,761252.0,2481,2481.TW
2025-07-08,44.541011810302734,46.75,880293.0,2481,2481.TW
2025-07-09,44.779197692871094,47.0,874300.0,2481,2481.TW
2025-07-10,44.53369903564453,45.349998474121094,928845.0,2481,2481.TW
2025-07-11,45.07380294799805,45.900001525878906,623073.0,2481,2481.TW
2025-07-14,44.680999755859375,45.5,493362.0,2481,2481.TW
2025-07-15,45.31930160522461,46.150001525878906,392750.0,2481,2481.TW
2025-07-16,45.61389923095703,46.45000076293945,1422030.0,2481,2481.TW
2025-07-17,47.08689880371094,47.95000076293945,2157693.0,2481,2481.TW
2025-07-18,46.54680252075195,47.400001525878906,1405270.0,2481,2481.TW
2025-07-21,46.399497985839844,47.25,890200.0,2481,2481.TW
2025-07-22,45.024696350097656,45.849998474121094,1252241.0,2481,2481.TW
2025-07-23,46.252197265625,47.099998474121094,612601.0,2481,2481.TW
2025-07-24,46.350399017333984,47.20000076293945,716001.0,2481,2481.TW
2025-07-25,47.872501373291016,48.75,2634400.0,2481,2481.TW
2025-07-28,48.80540084838867,49.70000076293945,4286800.0,2481,2481.TW
2025-07-29,47.430599212646484,48.29999923706055,1902381.0,2481,2481.TW
2025-07-30,47.332401275634766,48.20000076293945,844200.0,2481,2481.TW
2025-07-31,46.64500045776367,47.5,920059.0,2481,2481.TW
2025-08-04,47.13600158691406,48.0,562200.0,2481,2481.TW
2025-08-05,48.11800003051758,49.0,1079030.0,2481,2481.TW
2025-08-06,47.62699890136719,48.5,581620.0,2481,2481.TW
2025-08-07,47.82339859008789,48.70000076293945,862194.0,2481,2481.TW
2025-08-08,47.77429962158203,48.650001525878906,967878.0,2481,2481.TW
2025-08-11,48.06890106201172,48.95000076293945,904122.0,2481,2481.TW
2025-08-12,48.41259765625,49.29999923706055,1127730.0,2481,2481.TW
2025-08-13,49.590999603271484,50.5,3675182.0,2481,2481.TW
2025-08-14,53.126197814941406,54.099998474121094,15882949.0,2481,2481.TW
2025-08-15,53.911800384521484,54.900001525878906,11842056.0,2481,2481.TW
2025-08-18,59.11640167236328,60.20000076293945,23705838.0,2481,2481.TW
2025-08-19,58.036197662353516,59.099998474121094,26050372.0,2481,2481.TW
2025-08-20,60.687599182128906,61.79999923706055,33376098.0,2481,2481.TW
2025-08-21,59.902000427246094,61.0,25904169.0,2481,2481.TW
2025-08-22,59.11640167236328,60.20000076293945,10591841.0,2481,2481.TW
2025-08-25,59.50919723510742,60.599998474121094,7217884.0,2481,2481.TW
2025-08-26,64.02639770507812,65.19999694824219,27690040.0,2481,2481.TW
2025-08-27,62.74980163574219,63.900001525878906,24319247.0,2481,2481.TW
2025-08-28,64.2228012084961,65.4000015258789,14444813.0,2481,2481.TW
2025-08-29,63.24080276489258,64.4000015258789,13497194.0,2481,2481.TW
2025-09-01,62.2588005065918,63.400001525878906,11067265.0,2481,2481.TW
2025-09-02,66.48139953613281,67.69999694824219,41480978.0,2481,2481.TW
2025-09-03,69.72200012207031,71.0,67542478.0,2481,2481.TW
2025-09-04,68.44539642333984,69.69999694824219,55258161.0,2481,2481.TW
2025-09-05,71.58779907226562,72.9000015258789,29236084.0,2481,2481.TW
2025-09-08,69.13279724121094,70.4000015258789,31205580.0,2481,2481.TW
2025-09-09,67.46339416503906,68.69999694824219,19680571.0,2481,2481.TW
2025-09-10,70.7040023803711,72.0,28573965.0,2481,2481.TW
2025-09-11,68.83819580078125,70.0999984741211,38285434.0,2481,2481.TW
2025-09-12,71.88239288330078,73.19999694824219,21383362.0,2481,2481.TW
2025-09-15,70.90039825439453,72.19999694824219,22533177.0,2481,2481.TW
2025-09-16,71.98060607910156,73.30000305175781,35055888.0,2481,2481.TW
2025-09-17,71.0968017578125,72.4000015258789,20126499.0,2481,2481.TW
2025-09-18,73.35540008544922,74.69999694824219,32440477.0,2481,2481.TW
2025-09-19,75.81039428710938,77.19999694824219,69479593.0,2481,2481.TW
2025-09-22,71.4896011352539,72.80000305175781,26075640.0,2481,2481.TW
2025-09-23,70.40939331054688,71.69999694824219,14862821.0,2481,2481.TW
2025-09-24,71.39139556884766,72.69999694824219,10481958.0,2481,2481.TW
2025-09-25,70.40939331054688,71.69999694824219,8709378.0,2481,2481.TW
2025-09-26,68.44539642333984,69.69999694824219,9317011.0,2481,2481.TW
2025-09-30,69.52560424804688,70.80000305175781,7240508.0,2481,2481.TW
2025-10-01,69.3292007446289,70.5999984741211,3952254.0,2481,2481.TW
2025-10-02,70.40939331054688,71.69999694824219,7385047.0,2481,2481.TW
2025-10-03,71.29319763183594,72.5999984741211,11630471.0,2481,2481.TW
2025-10-07,71.29319763183594,72.5999984741211,7936303.0,2481,2481.TW
2025-10-08,70.11479949951172,71.4000015258789,4096131.0,2481,2481.TW
2025-10-09,69.42739868164062,70.69999694824219,4651357.0,2481,2481.TW
2025-10-13,72.07880401611328,73.4000015258789,12449077.0,2481,2481.TW
2025-10-14,75.71219635009766,77.0999984741211,47966571.0,2481,2481.TW
2025-10-15,83.27360534667969,84.80000305175781,77046169.0,2481,2481.TW
2025-10-16,84.15739440917969,85.69999694824219,129640582.0,2481,2481.TW
2025-10-17,80.2293930053711,81.69999694824219,40154779.0,2481,2481.TW
2025-10-20,88.18360137939453,89.80000305175781,27977145.0,2481,2481.TW
2025-10-21,96.92339324951172,98.69999694824219,61059778.0,2481,2481.TW
2025-10-22,96.03960418701172,97.80000305175781,138587997.0,2481,2481.TW
2025-10-23,96.23600006103516,98.0,82962695.0,2481,2481.TW
2025-10-27,95.15579986572266,96.9000015258789,62119224.0,2481,2481.TW
2025-10-28,90.1476058959961,91.80000305175781,46654943.0,2481,2481.TW
2025-10-29,83.56819915771484,85.0999984741211,49600972.0,2481,2481.TW
2025-10-30,82.38980102539062,83.9000015258789,25092244.0,2481,2481.TW
2025-10-31,82.78260040283203,84.30000305175781,23572806.0,2481,2481.TW
2025-11-03,78.36360168457031,79.80000305175781,34921962.0,2481,2481.TW
2025-11-04,75.12300109863281,76.5,19866098.0,2481,2481.TW
2025-11-05,76.39960479736328,77.80000305175781,15762928.0,2481,2481.TW
2025-11-06,79.54199981689453,81.0,26115551.0,2481,2481.TW
2025-11-07,76.59600067138672,78.0,14084451.0,2481,2481.TW
2025-11-10,78.85459899902344,80.30000305175781,15359853.0,2481,2481.TW
2025-11-11,79.54199981689453,81.0,25681178.0,2481,2481.TW
2025-11-12,81.21139526367188,82.69999694824219,12122321.0,2481,2481.TW
2025-11-13,82.58619689941406,84.0999984741211,31904636.0,2481,2481.TW
2025-11-14,80.52400207519531,82.0,36064838.0,2481,2481.TW
2025-11-17,84.35379791259766,85.9000015258789,37329115.0,2481,2481.TW
2025-11-18,83.56819915771484,85.0999984741211,50226901.0,2481,2481.TW
2025-11-19,79.44380187988281,80.9000015258789,27540915.0,2481,2481.TW
2025-11-20,83.07719421386719,84.5999984741211,28892559.0,2481,2481.TW
2025-11-21,78.46179962158203,79.9000015258789,21040797.0,2481,2481.TW
2025-11-24,78.55999755859375,80.0,10560141.0,2481,2481.TW
2025-11-25,81.01499938964844,82.5,17923625.0,2481,2481.TW
2025-11-26,85.43399810791016,87.0,44595181.0,2481,2481.TW
2025-11-27,84.15739440917969,85.69999694824219,32081169.0,2481,2481.TW
2025-11-28,84.55020141601562,86.0999984741211,14742304.0,2481,2481.TW
2025-12-01,86.51419830322266,88.0999984741211,35622608.0,2481,2481.TW
2025-12-02,85.04119873046875,86.5999984741211,26959756.0,2481,2481.TW
2025-12-03,85.13939666748047,86.69999694824219,17486993.0,2481,2481.TW
2025-12-04,84.55020141601562,86.0999984741211,8772172.0,2481,2481.TW
2025-12-05,87.39800262451172,89.0,30460748.0,2481,2481.TW
2025-12-08,88.37999725341797,90.0,31537571.0,2481,2481.TW
2025-12-09,89.55839538574219,91.19999694824219,35710876.0,2481,2481.TW
2025-12-10,86.61239624023438,88.19999694824219,30785119.0,2481,2481.TW
2025-12-11,84.45199584960938,86.0,27019671.0,2481,2481.TW
2025-12-12,82.2916030883789,83.80000305175781,20490018.0,2481,2481.TW
2025-12-15,79.0510025024414,80.5,14726400.0,2481,2481.TW
2025-12-16,78.55999755859375,80.0,13061975.0,2481,2481.TW
2025-12-17,77.77439880371094,79.19999694824219,7604221.0,2481,2481.TW
2025-12-18,81.11319732666016,82.5999984741211,27414927.0,2481,2481.TW
2025-12-19,81.21139526367188,82.69999694824219,19878758.0,2481,2481.TW
2025-12-22,83.17539978027344,84.69999694824219,9283628.0,2481,2481.TW
2025-12-23,81.8988037109375,83.4000015258789,10342486.0,2481,2481.TW
2025-12-24,80.03299713134766,81.5,6775035.0,2481,2481.TW
2025-12-26,78.95280456542969,80.4000015258789,7666571.0,2481,2481.TW
2025-12-29,79.73839569091797,81.19999694824219,5728770.0,2481,2481.TW
2025-12-30,78.85459899902344,80.30000305175781,4114500.0,2481,2481.TW
2025-12-31,78.65819549560547,80.0999984741211,3877445.0,2481,2481.TW
2026-01-02,78.46179962158203,79.9000015258789,5521460.0,2481,2481.TW
2026-01-05,75.51580047607422,76.9000015258789,13170331.0,2481,2481.TW
2026-01-06,77.77439880371094,79.19999694824219,5881454.0,2481,2481.TW
2026-01-07,79.44380187988281,80.9000015258789,9180996.0,2481,2481.TW
2026-01-08,78.06900024414062,79.5,11827651.0,2481,2481.TW
2026-01-09,77.9708023071289,79.4000015258789,3140649.0,2481,2481.TW
2026-01-12,82.88079833984375,84.4000015258789,21522985.0,2481,2481.TW
2026-01-13,81.99700164794922,83.5,27017612.0,2481,2481.TW
2026-01-14,81.30960083007812,82.80000305175781,20592002.0,2481,2481.TW
2026-01-15,85.82679748535156,87.4000015258789,34089825.0,2481,2481.TW
2026-01-16,89.85299682617188,91.5,52337862.0,2481,2481.TW
2026-01-19,87.20159912109375,88.80000305175781,49712841.0,2481,2481.TW
2026-01-20,95.84320068359375,97.5999984741211,61079486.0,2481,2481.TW
2026-01-21,92.01339721679688,93.69999694824219,53073657.0,2481,2481.TW
2026-01-22,97.61080169677734,99.4000015258789,55220977.0,2481,2481.TW
2026-01-23,87.88899993896484,89.5,47103824.0,2481,2481.TW
2026-01-26,87.39800262451172,89.0,14390156.0,2481,2481.TW
2026-01-27,87.6926040649414,89.30000305175781,17363884.0,2481,2481.TW
2026-01-28,91.52239990234375,93.19999694824219,28585729.0,2481,2481.TW
2026-01-29,96.4323959350586,98.19999694824219,45633397.0,2481,2481.TW
2026-01-30,88.7728042602539,90.4000015258789,29452326.0,2481,2481.TW
2026-02-02,86.41600036621094,88.0,21390773.0,2481,2481.TW
2026-02-03,87.1033935546875,88.69999694824219,26896977.0,2481,2481.TW
2026-02-04,86.90699768066406,88.5,7624556.0,2481,2481.TW
2026-02-05,90.73680114746094,92.4000015258789,29041915.0,2481,2481.TW
2026-02-06,85.43399810791016,87.0,20389128.0,2481,2481.TW
2026-02-09,84.45199584960938,86.0,10877422.0,2481,2481.TW
2026-02-10,86.41600036621094,88.0,10369253.0,2481,2481.TW
2026-02-11,82.68439483642578,84.19999694824219,12993394.0,2481,2481.TW
2026-02-23,85.53219604492188,87.0999984741211,12200471.0,2481,2481.TW
2026-02-24,85.92500305175781,87.5,6095439.0,2481,2481.TW
2026-02-25,86.12139892578125,87.69999694824219,7273678.0,2481,2481.TW
2026-02-26,88.96920013427734,90.5999984741211,15164941.0,2481,2481.TW
2026-03-02,92.89720153808594,94.5999984741211,27306234.0,2481,2481.TW
2026-03-03,90.34400177001953,92.0,36424420.0,2481,2481.TW
2026-03-04,86.41600036621094,88.0,19973438.0,2481,2481.TW
2026-03-05,88.5763931274414,90.19999694824219,15733404.0,2481,2481.TW
2026-03-06,89.85299682617188,91.5,25487252.0,2481,2481.TW
2026-03-09,81.01499938964844,82.5,11925679.0,2481,2481.TW
2026-03-10,81.99700164794922,83.5,18595385.0,2481,2481.TW
2026-03-11,90.1476058959961,91.80000305175781,17667464.0,2481,2481.TW
2026-03-12,93.0936050415039,94.80000305175781,47181054.0,2481,2481.TW
2026-03-13,95.15579986572266,96.9000015258789,22131293.0,2481,2481.TW
2026-03-16,97.70899963378906,99.5,42255002.0,2481,2481.TW
2026-03-17,102.12799835205078,104.0,45916293.0,2481,2481.TW
2026-03-18,100.65499877929688,102.5,23236211.0,2481,2481.TW
2026-03-19,99.18199920654297,101.0,14311427.0,2481,2481.TW
2026-03-20,93.0936050415039,94.80000305175781,24554194.0,2481,2481.TW
2026-03-23,90.34400177001953,92.0,10209143.0,2481,2481.TW
2026-03-24,95.3521957397461,97.0999984741211,30714170.0,2481,2481.TW
2026-03-25,98.19999694824219,100.0,35043919.0,2481,2481.TW
2026-03-26,97.9053955078125,99.69999694824219,25130677.0,2481,2481.TW
2026-03-27,96.13780212402344,97.9000015258789,16870568.0,2481,2481.TW
2026-03-30,87.1033935546875,88.69999694824219,32896485.0,2481,2481.TW
2026-03-31,84.84480285644531,86.4000015258789,17781897.0,2481,2481.TW
2026-04-01,87.00519561767578,88.5999984741211,13919911.0,2481,2481.TW
2026-04-02,93.38819885253906,95.0999984741211,36495071.0,2481,2481.TW
2026-04-07,102.6189956665039,104.5,46703221.0,2481,2481.TW
2026-04-08,100.16400146484375,102.0,66297726.0,2481,2481.TW
2026-04-09,98.69100189208984,100.5,26060080.0,2481,2481.TW
2026-04-10,99.18199920654297,101.0,20040096.0,2481,2481.TW
2026-04-13,99.18199920654297,101.0,12505275.0,2481,2481.TW
2026-04-14,97.21800231933594,99.0,17854049.0,2481,2481.TW
2026-04-15,98.19999694824219,100.0,14702789.0,2481,2481.TW
2026-04-16,107.5,107.5,48066120.0,2481,2481.TW
2026-04-17,118.0,118.0,48411286.0,2481,2481.TW
2026-04-20,110.0,110.0,64362933.0,2481,2481.TW
2026-04-21,110.5,110.5,23821526.0,2481,2481.TW
2026-04-22,103.5,103.5,32511729.0,2481,2481.TW
2026-04-23,100.0,100.0,29619912.0,2481,2481.TW
2026-04-24,100.0,100.0,19718930.0,2481,2481.TW
2026-04-27,103.0,103.0,30065456.0,2481,2481.TW
2026-04-28,99.19999694824219,99.19999694824219,17245255.0,2481,2481.TW
2026-04-29,101.0,101.0,22330824.0,2481,2481.TW
2026-04-30,101.0,101.0,17382703.0,2481,2481.TW
2026-05-04,99.69999694824219,99.69999694824219,10332391.0,2481,2481.TW
2026-05-05,102.0,102.0,12029217.0,2481,2481.TW
2026-05-06,101.5,101.5,22933908.0,2481,2481.TW
2026-05-07,103.5,103.5,18183854.0,2481,2481.TW
2026-05-08,99.5,99.5,14896009.0,2481,2481.TW
2026-05-11,109.0,109.0,32321878.0,2481,2481.TW
2026-05-12,115.5,115.5,61227925.0,2481,2481.TW
2026-05-13,121.0,121.0,66975067.0,2481,2481.TW
2026-05-14,115.5,115.5,73160218.0,2481,2481.TW
2026-05-15,117.5,117.5,46650491.0,2481,2481.TW
2026-05-18,129.0,129.0,42512093.0,2481,2481.TW
2026-05-19,135.0,135.0,98043656.0,2481,2481.TW
2026-05-20,133.0,133.0,59319197.0,2481,2481.TW
2026-05-21,132.5,132.5,65846790.0,2481,2481.TW
2026-05-22,133.5,133.5,49787008.0,2481,2481.TW
2026-05-25,134.0,134.0,50883370.0,2481,2481.TW
2026-05-26,147.0,147.0,51979144.0,2481,2481.TW
2026-05-27,147.5,147.5,71392724.0,2481,2481.TW
2026-05-28,148.0,148.0,85796282.0,2481,2481.TW
2026-05-29,162.5,162.5,40584970.0,2481,2481.TW
2026-06-01,157.0,157.0,60656503.0,2481,2481.TW
2026-06-02,146.0,146.0,41556559.0,2481,2481.TW
2026-06-03,159.0,159.0,33438960.0,2481,2481.TW
2026-06-04,159.5,159.5,53425660.0,2481,2481.TW
2026-06-05,165.0,165.0,73861015.0,2481,2481.TW
2026-06-08,148.5,148.5,17618737.0,2481,2481.TW
2026-06-09,146.0,146.0,40247295.0,2481,2481.TW
2026-06-10,135.5,135.5,36412961.0,2481,2481.TW
2026-06-11,137.0,137.0,20188784.0,2481,2481.TW
2026-06-12,145.0,145.0,28540697.0,2481,2481.TW
2026-06-15,142.5,142.5,28886761.0,2481,2481.TW
2026-06-16,140.0,140.0,20413577.0,2481,2481.TW
2026-06-17,145.5,145.5,19549579.0,2481,2481.TW
2026-06-18,160.0,160.0,11662345.0,2481,2481.TW
2026-06-22,176.0,176.0,3869772.0,2481,2481.TW
2026-06-23,193.5,193.5,64240608.0,2481,2481.TW
2026-06-24,195.0,195.0,70556700.0,2481,2481.TW
2026-06-25,192.0,192.0,62390713.0,2481,2481.TW
2026-06-26,175.0,175.0,13471854.0,2481,2481.TW
2026-06-29,166.0,166.0,9440269.0,2481,2481.TW
2026-06-30,182.5,182.5,4543350.0,2481,2481.TW
2026-07-01,194.5,194.5,8199701.0,2481,2481.TW
2026-07-02,213.5,213.5,11304868.0,2481,2481.TW
2026-07-03,207.0,207.0,7408266.0,2481,2481.TW
2026-07-06,227.5,227.5,8241041.0,2481,2481.TW
2026-07-07,216.0,216.0,11242027.0,2481,2481.TW
2026-07-08,211.5,211.5,7824640.0,2481,2481.TW
2026-07-09,213.0,213.0,4637608.0,2481,2481.TW
2026-07-10,213.0,213.0,0.0,2481,2481.TW
2026-07-13,192.0,192.0,20829661.0,2481,2481.TW
2026-07-14,176.0,176.0,28067831.0,2481,2481.TW
2026-07-15,174.5,174.5,19815164.0,2481,2481.TW
2026-07-16,167.0,167.0,12494122.0,2481,2481.TW
2026-07-17,151.5,151.5,16746365.0,2481,2481.TW
2026-07-20,139.5,139.5,17032822.0,2481,2481.TW
2026-07-21,143.5,143.5,18345068.0,2481,2481.TW
2026-07-22,157.5,157.5,20216407.0,2481,2481.TW
2026-07-23,144.5,144.5,28086767.0,2481,2481.TW
2026-07-24,140.0,140.0,17997246.0,2481,2481.TW
2026-07-27,137.0,137.0,15792205.0,2481,2481.TW
2026-07-28,124.5,124.5,11750270.0,2481,2481.TW
2026-07-29,112.5,112.5,14041953.0,2481,2481.TW
2026-07-30,107.0,107.0,19214194.0,2481,2481.TW
2026-07-31,117.5,117.5,21266164.0,2481,2481.TW
2025-05-27,58.396095275878906,61.400001525878906,5055776.0,2313,2313.TW
2025-05-28,58.300987243652344,61.29999923706055,6483100.0,2313,2313.TW
2025-05-29,58.300987243652344,61.29999923706055,7495605.0,2313,2313.TW
2025-06-02,57.54012680053711,60.5,11403772.0,2313,2313.TW
2025-06-03,57.625457763671875,58.20000076293945,11791788.0,2313,2313.TW
2025-06-04,60.19978713989258,60.79999923706055,14177610.0,2313,2313.TW
2025-06-05,59.7047233581543,60.29999923706055,9552365.0,2313,2313.TW
2025-06-06,58.21953201293945,58.79999923706055,7390137.0,2313,2313.TW
2025-06-09,57.42742919921875,58.0,6753419.0,2313,2313.TW
2025-06-10,57.92249298095703,58.5,8575774.0,2313,2313.TW
2025-06-11,58.8136100769043,59.400001525878906,13425281.0,2313,2313.TW
2025-06-12,58.61558532714844,59.20000076293945,4277330.0,2313,2313.TW
2025-06-13,57.32841873168945,57.900001525878906,5457240.0,2313,2313.TW
2025-06-16,57.42742919921875,58.0,2443750.0,2313,2313.TW
2025-06-17,56.73434066772461,57.29999923706055,3598565.0,2313,2313.TW
2025-06-18,57.52643966674805,58.099998474121094,3062205.0,2313,2313.TW
2025-06-19,56.83335494995117,57.400001525878906,2742300.0,2313,2313.TW
2025-06-20,53.5659294128418,54.099998474121094,15132875.0,2313,2313.TW
2025-06-23,54.45704650878906,55.0,5846468.0,2313,2313.TW
2025-06-24,56.43730163574219,57.0,7168538.0,2313,2313.TW
2025-06-25,56.140262603759766,56.70000076293945,6068981.0,2313,2313.TW
2025-06-26,56.43730163574219,57.0,3434680.0,2313,2313.TW
2025-06-27,56.83335494995117,57.400001525878906,5686882.0,2313,2313.TW
2025-06-30,57.32841873168945,57.900001525878906,6559388.0,2313,2313.TW
2025-07-01,57.52643966674805,58.099998474121094,7139518.0,2313,2313.TW
2025-07-02,57.92249298095703,58.5,5721752.0,2313,2313.TW
2025-07-03,58.8136100769043,59.400001525878906,16297049.0,2313,2313.TW
2025-07-04,58.21953201293945,58.79999923706055,9031100.0,2313,2313.TW
2025-07-07,58.41755676269531,59.0,7369302.0,2313,2313.TW
2025-07-08,58.912620544433594,59.5,5370017.0,2313,2313.TW
2025-07-09,59.50669860839844,60.099998474121094,6350593.0,2313,2313.TW
2025-07-10,59.30867385864258,59.900001525878906,4106404.0,2313,2313.TW
2025-07-11,60.00176239013672,60.599998474121094,5453435.0,2313,2313.TW
2025-07-14,60.3978157043457,61.0,7247716.0,2313,2313.TW
2025-07-15,60.69485092163086,61.29999923706055,9550950.0,2313,2313.TW
2025-07-16,61.68497848510742,62.29999923706055,13366357.0,2313,2313.TW
2025-07-17,61.48695373535156,62.099998474121094,7774992.0,2313,2313.TW
2025-07-18,61.78399658203125,62.400001525878906,6924750.0,2313,2313.TW
2025-07-21,62.37807083129883,63.0,11980100.0,2313,2313.TW
2025-07-22,61.387943267822266,62.0,11593683.0,2313,2313.TW
2025-07-23,61.88300704956055,62.5,10841635.0,2313,2313.TW
2025-07-24,61.88300704956055,62.5,5542253.0,2313,2313.TW
2025-07-25,61.88300704956055,62.5,5218043.0,2313,2313.TW
2025-07-28,62.477081298828125,63.099998474121094,6542272.0,2313,2313.TW
2025-07-29,65.7445068359375,66.4000015258789,45804039.0,2313,2313.TW
2025-07-30,65.15042877197266,65.80000305175781,17292164.0,2313,2313.TW
2025-07-31,65.0514144897461,65.69999694824219,11131349.0,2313,2313.TW
2025-08-04,64.55635070800781,65.19999694824219,5659525.0,2313,2313.TW
2025-08-05,64.75437927246094,65.4000015258789,10631494.0,2313,2313.TW
2025-08-06,63.86326217651367,64.5,11480862.0,2313,2313.TW
2025-08-07,63.46720886230469,64.0999984741211,18525937.0,2313,2313.TW
2025-08-08,65.64549255371094,66.30000305175781,38864844.0,2313,2313.TW
2025-08-11,68.31884002685547,69.0,33206343.0,2313,2313.TW
2025-08-12,68.51686096191406,69.19999694824219,26771904.0,2313,2313.TW
2025-08-13,70.39810943603516,71.0999984741211,62633033.0,2313,2313.TW
2025-08-14,76.93295288085938,77.69999694824219,137743769.0,2313,2313.TW
2025-08-15,75.44776153564453,76.19999694824219,66376548.0,2313,2313.TW
2025-08-18,75.2497329711914,76.0,40810689.0,2313,2313.TW
2025-08-19,74.3586196899414,75.0999984741211,39913255.0,2313,2313.TW
2025-08-20,72.47737121582031,73.19999694824219,41980576.0,2313,2313.TW
2025-08-21,74.45762634277344,75.19999694824219,41032586.0,2313,2313.TW
2025-08-22,73.46749877929688,74.19999694824219,30517603.0,2313,2313.TW
2025-08-25,75.44776153564453,76.19999694824219,50523421.0,2313,2313.TW
2025-08-26,75.64579010009766,76.4000015258789,20446562.0,2313,2313.TW
2025-08-27,77.52703094482422,78.30000305175781,41196542.0,2313,2313.TW
2025-08-28,78.51715850830078,79.30000305175781,56317606.0,2313,2313.TW
2025-08-29,80.29938507080078,81.0999984741211,43050023.0,2313,2313.TW
2025-09-01,75.05171203613281,75.80000305175781,51474273.0,2313,2313.TW
2025-09-02,73.76454162597656,74.5,26613953.0,2313,2313.TW
2025-09-03,75.15072631835938,75.9000015258789,32230545.0,2313,2313.TW
2025-09-04,74.85368347167969,75.5999984741211,30361321.0,2313,2313.TW
2025-09-05,75.05171203613281,75.80000305175781,18250962.0,2313,2313.TW
2025-09-08,74.6556625366211,75.4000015258789,17535777.0,2313,2313.TW
2025-09-09,76.83393859863281,77.5999984741211,42294980.0,2313,2313.TW
2025-09-10,76.4378890991211,77.19999694824219,30724851.0,2313,2313.TW
2025-09-11,75.94282531738281,76.69999694824219,28980987.0,2313,2313.TW
2025-09-12,76.53690338134766,77.30000305175781,14079973.0,2313,2313.TW
2025-09-15,74.75466918945312,75.5,21062360.0,2313,2313.TW
2025-09-16,76.33887481689453,77.0999984741211,13561989.0,2313,2313.TW
2025-09-17,74.3586196899414,75.0999984741211,16342527.0,2313,2313.TW
2025-09-18,75.2497329711914,76.0,15716835.0,2313,2313.TW
2025-09-19,75.5467758178711,76.30000305175781,14115499.0,2313,2313.TW
2025-09-22,77.92308044433594,78.69999694824219,37640398.0,2313,2313.TW
2025-09-23,76.23986053466797,77.0,22591669.0,2313,2313.TW
2025-09-24,74.85368347167969,75.5999984741211,19176240.0,2313,2313.TW
2025-09-25,73.46749877929688,74.19999694824219,14297800.0,2313,2313.TW
2025-09-26,70.99217987060547,71.69999694824219,16965120.0,2313,2313.TW
2025-09-30,72.67540740966797,73.4000015258789,9078612.0,2313,2313.TW
2025-10-01,71.98230743408203,72.69999694824219,8478661.0,2313,2313.TW
2025-10-02,71.98230743408203,72.69999694824219,7595357.0,2313,2313.TW
2025-10-03,75.15072631835938,75.9000015258789,30520543.0,2313,2313.TW
2025-10-07,80.10136413574219,80.9000015258789,58866755.0,2313,2313.TW
2025-10-08,83.17076110839844,84.0,74711885.0,2313,2313.TW
2025-10-09,86.14114379882812,87.0,83839001.0,2313,2313.TW
2025-10-13,87.23028564453125,88.0999984741211,72539395.0,2313,2313.TW
2025-10-14,83.17076110839844,84.0,56497649.0,2313,2313.TW
2025-10-15,85.34903717041016,86.19999694824219,33253464.0,2313,2313.TW
2025-10-16,87.92337799072266,88.80000305175781,53236074.0,2313,2313.TW
2025-10-17,85.052001953125,85.9000015258789,39183832.0,2313,2313.TW
2025-10-20,85.7450942993164,86.5999984741211,19891602.0,2313,2313.TW
2025-10-21,87.82435607910156,88.69999694824219,72996563.0,2313,2313.TW
2025-10-22,89.30955505371094,90.19999694824219,37977083.0,2313,2313.TW
2025-10-23,87.82435607910156,88.69999694824219,23664840.0,2313,2313.TW
2025-10-27,87.42831420898438,88.30000305175781,29602985.0,2313,2313.TW
2025-10-28,85.25003051757812,86.0999984741211,29701863.0,2313,2313.TW
2025-10-29,85.7450942993164,86.5999984741211,18012625.0,2313,2313.TW
2025-10-30,86.14114379882812,87.0,11293588.0,2313,2313.TW
2025-10-31,86.43818664550781,87.30000305175781,19707739.0,2313,2313.TW
2025-11-03,86.53720092773438,87.4000015258789,10105884.0,2313,2313.TW
2025-11-04,84.3589096069336,85.19999694824219,12245521.0,2313,2313.TW
2025-11-05,83.56681060791016,84.4000015258789,19140132.0,2313,2313.TW
2025-11-06,82.5766830444336,83.4000015258789,17687906.0,2313,2313.TW
2025-11-07,81.88359069824219,82.69999694824219,52557855.0,2313,2313.TW
2025-11-10,82.67569732666016,83.5,17482506.0,2313,2313.TW
2025-11-11,83.66582489013672,84.5,14231578.0,2313,2313.TW
2025-11-12,83.07174682617188,83.9000015258789,16296168.0,2313,2313.TW
2025-11-13,84.55693817138672,85.4000015258789,11802092.0,2313,2313.TW
2025-11-14,81.09149169921875,81.9000015258789,12546562.0,2313,2313.TW
2025-11-17,80.20037841796875,81.0,7275322.0,2313,2313.TW
2025-11-18,77.22998809814453,78.0,12783393.0,2313,2313.TW
2025-11-19,76.53690338134766,77.30000305175781,9215861.0,2313,2313.TW
2025-11-20,78.9132080078125,79.69999694824219,7494245.0,2313,2313.TW
2025-11-21,75.64579010009766,76.4000015258789,6308792.0,2313,2313.TW
2025-11-24,76.23986053466797,77.0,4278955.0,2313,2313.TW
2025-11-25,78.51715850830078,79.30000305175781,5401287.0,2313,2313.TW
2025-11-26,81.3885269165039,82.19999694824219,9206825.0,2313,2313.TW
2025-11-27,84.45793151855469,85.30000305175781,15722501.0,2313,2313.TW
2025-11-28,82.47767639160156,83.30000305175781,10980475.0,2313,2313.TW
2025-12-01,81.88359069824219,82.69999694824219,11895101.0,2313,2313.TW
2025-12-02,84.3589096069336,85.19999694824219,27120906.0,2313,2313.TW
2025-12-03,83.76483917236328,84.5999984741211,9432740.0,2313,2313.TW
2025-12-04,83.07174682617188,83.9000015258789,5581068.0,2313,2313.TW
2025-12-05,83.17076110839844,84.0,5229988.0,2313,2313.TW
2025-12-08,83.46780395507812,84.30000305175781,9706896.0,2313,2313.TW
2025-12-09,83.66582489013672,84.5,14975868.0,2313,2313.TW
2025-12-10,82.5766830444336,83.4000015258789,7834411.0,2313,2313.TW
2025-12-11,82.18063354492188,83.0,5371877.0,2313,2313.TW
2025-12-12,84.55693817138672,85.4000015258789,12410621.0,2313,2313.TW
2025-12-15,90.10165405273438,91.0,56310367.0,2313,2313.TW
2025-12-16,85.44805908203125,86.30000305175781,103369663.0,2313,2313.TW
2025-12-17,93.9631576538086,94.9000015258789,86772228.0,2313,2313.TW
2025-12-18,90.49771118164062,91.4000015258789,129228991.0,2313,2313.TW
2025-12-19,86.9332504272461,87.80000305175781,73764566.0,2313,2313.TW
2025-12-22,95.54736328125,96.5,76576289.0,2313,2313.TW
2025-12-23,100.49800109863281,101.5,109192666.0,2313,2313.TW
2025-12-24,98.0226821899414,99.0,51139158.0,2313,2313.TW
2025-12-26,97.82466125488281,98.80000305175781,42351267.0,2313,2313.TW
2025-12-29,95.64636993408203,96.5999984741211,42578983.0,2313,2313.TW
2025-12-30,97.03255462646484,98.0,31140890.0,2313,2313.TW
2025-12-31,92.18092346191406,93.0999984741211,47452508.0,2313,2313.TW
2026-01-02,93.6661148071289,94.5999984741211,27716216.0,2313,2313.TW
2026-01-05,93.36907958984375,94.30000305175781,31569479.0,2313,2313.TW
2026-01-06,102.47825622558594,103.5,83402166.0,2313,2313.TW
2026-01-07,109.4091567993164,110.5,140760758.0,2313,2313.TW
2026-01-08,103.96344757080078,105.0,58905393.0,2313,2313.TW
2026-01-09,114.35979461669922,115.5,103907489.0,2313,2313.TW
2026-01-12,125.74626922607422,127.0,103336166.0,2313,2313.TW
2026-01-13,133.66729736328125,135.0,193804951.0,2313,2313.TW
2026-01-14,131.1919708251953,132.5,87295044.0,2313,2313.TW
2026-01-15,139.60806274414062,141.0,126349890.0,2313,2313.TW
2026-01-16,140.5981903076172,142.0,70949381.0,2313,2313.TW
2026-01-19,142.08338928222656,143.5,78099411.0,2313,2313.TW
2026-01-20,146.53895568847656,148.0,69248324.0,2313,2313.TW
2026-01-21,143.07351684570312,144.5,67980886.0,2313,2313.TW
2026-01-22,153.9649200439453,155.5,95623071.0,2313,2313.TW
2026-01-23,169.31190490722656,171.0,86095230.0,2313,2313.TW
2026-01-26,175.25267028808594,177.0,150377233.0,2313,2313.TW
2026-01-27,167.33164978027344,169.0,81176359.0,2313,2313.TW
2026-01-28,174.26254272460938,176.0,66976393.0,2313,2313.TW
2026-01-29,176.2427978515625,178.0,113114708.0,2313,2313.TW
2026-01-30,167.33164978027344,169.0,99490849.0,2313,2313.TW
2026-02-02,170.30203247070312,172.0,119589842.0,2313,2313.TW
2026-02-03,179.708251953125,181.5,129692673.0,2313,2313.TW
2026-02-04,190.10459899902344,192.0,117149772.0,2313,2313.TW
2026-02-05,174.26254272460938,176.0,94733938.0,2313,2313.TW
2026-02-06,170.30203247070312,172.0,90797794.0,2313,2313.TW
2026-02-09,170.79710388183594,172.5,72798501.0,2313,2313.TW
2026-02-10,181.1934356689453,183.0,68368060.0,2313,2313.TW
2026-02-11,184.6588897705078,186.5,84656890.0,2313,2313.TW
2026-02-23,202.97625732421875,205.0,60780778.0,2313,2313.TW
2026-02-24,223.2738800048828,225.5,113481700.0,2313,2313.TW
2026-02-25,207.4318389892578,209.5,99848487.0,2313,2313.TW
2026-02-26,202.481201171875,204.5,71919913.0,2313,2313.TW
2026-03-02,222.28375244140625,224.5,81035330.0,2313,2313.TW
2026-03-03,222.28375244140625,224.5,143059870.0,2313,2313.TW
2026-03-04,208.91702270507812,211.0,107881207.0,2313,2313.TW
2026-03-05,202.97625732421875,205.0,126066769.0,2313,2313.TW
2026-03-06,200.99600219726562,203.0,85379195.0,2313,2313.TW
2026-03-09,181.1934356689453,183.0,27357926.0,2313,2313.TW
2026-03-10,189.11447143554688,191.0,81011858.0,2313,2313.TW
2026-03-11,201.9861297607422,204.0,54775194.0,2313,2313.TW
2026-03-12,198.02561950683594,200.0,83944673.0,2313,2313.TW
2026-03-13,209.41209411621094,211.5,72217654.0,2313,2313.TW
2026-03-16,218.8183135986328,221.0,111579730.0,2313,2313.TW
2026-03-17,234.16529846191406,236.5,147625053.0,2313,2313.TW
2026-03-18,227.72946166992188,230.0,121667112.0,2313,2313.TW
2026-03-19,221.2936248779297,223.5,66796979.0,2313,2313.TW
2026-03-20,219.80844116210938,222.0,59702735.0,2313,2313.TW
2026-03-23,213.86767578125,216.0,65992783.0,2313,2313.TW
2026-03-24,207.4318389892578,209.5,78400676.0,2313,2313.TW
2026-03-25,227.72946166992188,230.0,59040686.0,2313,2313.TW
2026-03-26,243.07644653320312,245.5,169186519.0,2313,2313.TW
2026-03-27,267.3345947265625,270.0,154218743.0,2313,2313.TW
2026-03-30,260.4036865234375,263.0,131005849.0,2313,2313.TW
2026-03-31,245.55177307128906,248.0,129806726.0,2313,2313.TW
2026-04-01,263.37408447265625,266.0,102355215.0,2313,2313.TW
2026-04-02,257.4333190917969,260.0,117937885.0,2313,2313.TW
2026-04-07,272.28521728515625,275.0,109645239.0,2313,2313.TW
2026-04-08,271.29510498046875,274.0,116524543.0,2313,2313.TW
2026-04-09,278.7210693359375,281.5,97635775.0,2313,2313.TW
2026-04-10,283.1766357421875,286.0,86247154.0,2313,2313.TW
2026-04-13,276.2457275390625,279.0,65469943.0,2313,2313.TW
2026-04-14,254.95799255371094,257.5,100272029.0,2313,2313.TW
2026-04-15,260.4036865234375,263.0,60600209.0,2313,2313.TW
2026-04-16,257.4333190917969,260.0,48854182.0,2313,2313.TW
2026-04-17,258.9184875488281,261.5,45111416.0,2313,2313.TW
2026-04-20,248.02708435058594,250.5,70407309.0,2313,2313.TW
2026-04-21,251.9875946044922,254.5,83926372.0,2313,2313.TW
2026-04-22,244.5616455078125,247.0,50561222.0,2313,2313.TW
2026-04-23,220.30349731445312,222.5,84813565.0,2313,2313.TW
2026-04-24,212.38247680664062,214.5,106512289.0,2313,2313.TW
2026-04-27,233.1751708984375,235.5,100773915.0,2313,2313.TW
2026-04-28,237.13568115234375,239.5,87674974.0,2313,2313.TW
2026-04-29,227.72946166992188,230.0,42465525.0,2313,2313.TW
2026-04-30,242.08631896972656,244.5,76982809.0,2313,2313.TW
2026-05-04,265.8493957519531,268.5,82001820.0,2313,2313.TW
2026-05-05,271.7901611328125,274.5,124594840.0,2313,2313.TW
2026-05-06,247.5320281982422,250.0,102029534.0,2313,2313.TW
2026-05-07,247.03695678710938,249.5,63874074.0,2313,2313.TW
2026-05-08,250.99746704101562,253.5,85705212.0,2313,2313.TW
2026-05-11,239.6110076904297,242.0,79476919.0,2313,2313.TW
2026-05-12,257.4333190917969,260.0,91918126.0,2313,2313.TW
2026-05-13,234.6603546142578,237.0,91164517.0,2313,2313.TW
2026-05-14,243.07644653320312,245.5,65736482.0,2313,2313.TW
2026-05-15,233.1751708984375,235.5,45654952.0,2313,2313.TW
2026-05-18,256.44317626953125,259.0,95177054.0,2313,2313.TW
2026-05-19,253.47279357910156,256.0,142812289.0,2313,2313.TW
2026-05-20,252.482666015625,255.0,89607561.0,2313,2313.TW
2026-05-21,255.4530487060547,258.0,68403936.0,2313,2313.TW
2026-05-22,275.255615234375,278.0,97482855.0,2313,2313.TW
2026-05-25,295.55322265625,298.5,97986921.0,2313,2313.TW
2026-05-26,281.6914367675781,284.5,84536770.0,2313,2313.TW
2026-05-27,279.21612548828125,282.0,74511567.0,2313,2313.TW
2026-05-28,256.44317626953125,259.0,106351926.0,2313,2313.TW
2026-05-29,281.6914367675781,284.5,81706135.0,2313,2313.TW
2026-06-01,279.21612548828125,282.0,70102982.0,2313,2313.TW
2026-06-02,270.5,270.5,44553457.0,2313,2313.TW
2026-06-03,266.5,266.5,33720106.0,2313,2313.TW
2026-06-04,265.5,265.5,37750836.0,2313,2313.TW
2026-06-05,259.0,259.0,62474656.0,2313,2313.TW
2026-06-08,252.0,252.0,47190939.0,2313,2313.TW
2026-06-09,276.0,276.0,71399692.0,2313,2313.TW
2026-06-10,259.0,259.0,84528818.0,2313,2313.TW
2026-06-11,275.0,275.0,90570412.0,2313,2313.TW
2026-06-12,263.0,263.0,131670474.0,2313,2313.TW
2026-06-15,256.0171813964844,256.0171813964844,72490872.0,2313,2313.TW
2026-06-16,247.5661163330078,247.5661163330078,66694157.0,2313,2313.TW
2026-06-17,262.479736328125,262.479736328125,65919107.0,2313,2313.TW
2026-06-18,258.0056457519531,258.0056457519531,39654027.0,2313,2313.TW
2026-06-22,259.5,259.5,28137752.0,2313,2313.TW
2026-06-23,243.0,243.0,38395718.0,2313,2313.TW
2026-06-24,240.0,240.0,33476329.0,2313,2313.TW
2026-06-25,233.0,233.0,27913989.0,2313,2313.TW
2026-06-26,222.5,222.5,39511337.0,2313,2313.TW
2026-06-29,221.0,221.0,25417286.0,2313,2313.TW
2026-06-30,232.5,232.5,26006842.0,2313,2313.TW
2026-07-01,220.0,220.0,25680005.0,2313,2313.TW
2026-07-02,228.5,228.5,28556973.0,2313,2313.TW
2026-07-03,229.5,229.5,31266464.0,2313,2313.TW
2026-07-06,235.0,235.0,35424022.0,2313,2313.TW
2026-07-07,218.0,218.0,28404059.0,2313,2313.TW
2026-07-08,224.0,224.0,19930991.0,2313,2313.TW
2026-07-09,223.0,223.0,33627285.0,2313,2313.TW
2026-07-10,223.0,223.0,0.0,2313,2313.TW
2026-07-13,235.0,235.0,63169954.0,2313,2313.TW
2026-07-14,225.5,225.5,48947517.0,2313,2313.TW
2026-07-15,248.0,248.0,59372262.0,2313,2313.TW
2026-07-16,235.5,235.5,55664993.0,2313,2313.TW
2026-07-17,212.0,212.0,33012292.0,2313,2313.TW
2026-07-20,199.0,199.0,41398930.0,2313,2313.TW
2026-07-21,210.0,210.0,20466338.0,2313,2313.TW
2026-07-22,208.0,208.0,38830858.0,2313,2313.TW
2026-07-23,214.0,214.0,39616119.0,2313,2313.TW
2026-07-24,201.5,201.5,19440246.0,2313,2313.TW
2026-07-27,199.5,199.5,30302136.0,2313,2313.TW
2026-07-28,182.0,182.0,32170376.0,2313,2313.TW
2026-07-29,171.0,171.0,46645946.0,2313,2313.TW
2026-07-30,154.0,154.0,39700006.0,2313,2313.TW
2026-07-31,169.0,169.0,14736089.0,2313,2313.TW
2025-05-27,142.4315643310547,152.0,27178660.0,2317,2317.TW
2025-05-28,142.4315643310547,152.0,31301270.0,2317,2317.TW
2025-05-29,146.17974853515625,156.0,88695221.0,2317,2317.TW
2025-06-02,142.90008544921875,152.5,54596606.0,2317,2317.TW
2025-06-03,141.96304321289062,151.5,37496603.0,2317,2317.TW
2025-06-04,146.17974853515625,156.0,39430089.0,2317,2317.TW
2025-06-05,145.71124267578125,155.5,34135967.0,2317,2317.TW
2025-06-06,143.3686065673828,153.0,23622232.0,2317,2317.TW
2025-06-09,144.77418518066406,154.5,18242233.0,2317,2317.TW
2025-06-10,145.71124267578125,155.5,31625938.0,2317,2317.TW
2025-06-11,146.17974853515625,156.0,26921144.0,2317,2317.TW
2025-06-12,147.58534240722656,157.5,32770167.0,2317,2317.TW
2025-06-13,146.64828491210938,156.5,37075939.0,2317,2317.TW
2025-06-16,145.2427215576172,155.0,21564832.0,2317,2317.TW
2025-06-17,145.2427215576172,155.0,25153697.0,2317,2317.TW
2025-06-18,146.17974853515625,156.0,34125837.0,2317,2317.TW
2025-06-19,144.3056640625,154.0,20289055.0,2317,2317.TW
2025-06-20,145.71124267578125,155.5,58365008.0,2317,2317.TW
2025-06-23,146.17974853515625,156.0,48485749.0,2317,2317.TW
2025-06-24,150.396484375,160.5,66177329.0,2317,2317.TW
2025-06-25,151.80206298828125,162.0,48074338.0,2317,2317.TW
2025-06-26,152.73910522460938,163.0,64983063.0,2317,2317.TW
2025-06-27,154.6132049560547,165.0,74726884.0,2317,2317.TW
2025-06-30,150.86500549316406,161.0,59551541.0,2317,2317.TW
2025-07-01,155.0817413330078,165.5,101734619.0,2317,2317.TW
2025-07-02,157.31520080566406,162.0,64904578.0,2317,2317.TW
2025-07-03,159.2573699951172,164.0,45499276.0,2317,2317.TW
2025-07-04,156.3441162109375,161.0,27434055.0,2317,2317.TW
2025-07-07,156.3441162109375,161.0,23838993.0,2317,2317.TW
2025-07-08,154.40196228027344,159.0,30285544.0,2317,2317.TW
2025-07-09,156.3441162109375,161.0,28926202.0,2317,2317.TW
2025-07-10,156.8296661376953,161.5,29653356.0,2317,2317.TW
2025-07-11,156.8296661376953,161.5,20131944.0,2317,2317.TW
2025-07-14,155.85858154296875,160.5,18584525.0,2317,2317.TW
2025-07-15,158.28628540039062,163.0,20264333.0,2317,2317.TW
2025-07-16,157.8007354736328,162.5,23986877.0,2317,2317.TW
2025-07-17,159.2573699951172,164.0,20425825.0,2317,2317.TW
2025-07-18,160.7139892578125,165.5,34053809.0,2317,2317.TW
2025-07-21,160.2284393310547,165.0,16688671.0,2317,2317.TW
2025-07-22,157.31520080566406,162.0,37854645.0,2317,2317.TW
2025-07-23,161.19952392578125,166.0,50337916.0,2317,2317.TW
2025-07-24,168.9681854248047,174.0,124903778.0,2317,2317.TW
2025-07-25,169.45372009277344,174.5,55406174.0,2317,2317.TW
2025-07-28,170.91033935546875,176.0,54693143.0,2317,2317.TW
2025-07-29,166.5404815673828,171.5,48559908.0,2317,2317.TW
2025-07-30,166.5404815673828,171.5,0.0,2317,2317.TW
2025-07-31,172.85250854492188,178.0,88011311.0,2317,2317.TW
2025-08-04,174.79466247558594,180.0,43591055.0,2317,2317.TW
2025-08-05,179.16453552246094,184.5,50872232.0,2317,2317.TW
2025-08-06,180.62115478515625,186.0,67331558.0,2317,2317.TW
2025-08-07,188.87535095214844,194.5,116627300.0,2317,2317.TW
2025-08-08,188.87535095214844,194.5,63362046.0,2317,2317.TW
2025-08-11,192.27413940429688,198.0,50587400.0,2317,2317.TW
2025-08-12,191.3030548095703,197.0,37740908.0,2317,2317.TW
2025-08-13,192.75967407226562,198.5,99654169.0,2317,2317.TW
2025-08-14,193.7307586669922,199.5,76141475.0,2317,2317.TW
2025-08-15,201.0138702392578,207.0,152202911.0,2317,2317.TW
2025-08-18,203.92710876464844,210.0,71303659.0,2317,2317.TW
2025-08-19,201.98495483398438,208.0,48799892.0,2317,2317.TW
2025-08-20,194.70184326171875,200.5,120493896.0,2317,2317.TW
2025-08-21,200.04278564453125,206.0,66575736.0,2317,2317.TW
2025-08-22,196.6439971923828,202.5,52817040.0,2317,2317.TW
2025-08-25,201.49940490722656,207.5,51151687.0,2317,2317.TW
2025-08-26,202.95603942871094,209.0,40946610.0,2317,2317.TW
2025-08-27,201.98495483398438,208.0,39112918.0,2317,2317.TW
2025-08-28,200.04278564453125,206.0,45436240.0,2317,2317.TW
2025-08-29,197.61508178710938,203.5,52960909.0,2317,2317.TW
2025-09-01,192.75967407226562,198.5,67997565.0,2317,2317.TW
2025-09-02,192.75967407226562,198.5,34829147.0,2317,2317.TW
2025-09-03,194.70184326171875,200.5,33636295.0,2317,2317.TW
2025-09-04,197.12954711914062,203.0,41160693.0,2317,2317.TW
2025-09-05,199.0717010498047,205.0,37057097.0,2317,2317.TW
2025-09-08,197.61508178710938,203.5,44569167.0,2317,2317.TW
2025-09-09,201.49940490722656,207.5,63494345.0,2317,2317.TW
2025-09-10,203.92710876464844,210.0,84148890.0,2317,2317.TW
2025-09-11,208.29698181152344,214.5,129973733.0,2317,2317.TW
2025-09-12,211.21022033691406,217.5,71479522.0,2317,2317.TW
2025-09-15,209.75360107421875,216.0,55330938.0,2317,2317.TW
2025-09-16,209.26806640625,215.5,49662786.0,2317,2317.TW
2025-09-17,205.86927795410156,212.0,55894730.0,2317,2317.TW
2025-09-18,208.7825164794922,215.0,78891977.0,2317,2317.TW
2025-09-19,207.8114471435547,214.0,56361409.0,2317,2317.TW
2025-09-22,209.75360107421875,216.0,33805955.0,2317,2317.TW
2025-09-23,214.6090087890625,221.0,103442188.0,2317,2317.TW
2025-09-24,216.55117797851562,223.0,64385629.0,2317,2317.TW
2025-09-25,223.34873962402344,230.0,123630302.0,2317,2317.TW
2025-09-26,213.1523895263672,219.5,116991800.0,2317,2317.TW
2025-09-30,209.75360107421875,216.0,87033036.0,2317,2317.TW
2025-10-01,212.66685485839844,219.0,57644055.0,2317,2317.TW
2025-10-02,218.9788818359375,225.5,71706441.0,2317,2317.TW
2025-10-03,219.949951171875,226.5,51488648.0,2317,2317.TW
2025-10-07,221.89212036132812,228.5,64479912.0,2317,2317.TW
2025-10-08,218.4933319091797,225.0,48654405.0,2317,2317.TW
2025-10-09,215.0945587158203,221.5,54969959.0,2317,2317.TW
2025-10-13,206.84036254882812,213.0,105751618.0,2317,2317.TW
2025-10-14,200.04278564453125,206.0,103962992.0,2317,2317.TW
2025-10-15,200.52833557128906,206.5,63725983.0,2317,2317.TW
2025-10-16,216.55117797851562,223.0,150705656.0,2317,2317.TW
2025-10-17,219.949951171875,226.5,117393949.0,2317,2317.TW
2025-10-20,231.60293579101562,238.5,149270185.0,2317,2317.TW
2025-10-21,232.08847045898438,239.0,117969555.0,2317,2317.TW
2025-10-22,235.4872589111328,242.5,69466417.0,2317,2317.TW
2025-10-23,232.08847045898438,239.0,47487658.0,2317,2317.TW
2025-10-27,239.37158203125,246.5,78976148.0,2317,2317.TW
2025-10-28,242.77037048339844,250.0,72210529.0,2317,2317.TW
2025-10-29,252.48118591308594,260.0,122095968.0,2317,2317.TW
2025-10-30,254.42335510253906,262.0,105395242.0,2317,2317.TW
2025-10-31,250.05348205566406,257.5,60671044.0,2317,2317.TW
2025-11-03,244.22698974609375,251.5,92588580.0,2317,2317.TW
2025-11-04,236.94387817382812,244.0,91077032.0,2317,2317.TW
2025-11-05,239.8571319580078,247.0,111699424.0,2317,2317.TW
2025-11-06,240.82821655273438,248.0,64418664.0,2317,2317.TW
2025-11-07,236.94387817382812,244.0,48667340.0,2317,2317.TW
2025-11-10,242.2848358154297,249.5,50699016.0,2317,2317.TW
2025-11-11,239.37158203125,246.5,49323677.0,2317,2317.TW
2025-11-12,243.741455078125,251.0,63578429.0,2317,2317.TW
2025-11-13,244.71253967285156,252.0,89314039.0,2317,2317.TW
2025-11-14,234.0306396484375,241.0,107025603.0,2317,2317.TW
2025-11-17,229.17523193359375,236.0,82230187.0,2317,2317.TW
2025-11-18,223.34873962402344,230.0,74877047.0,2317,2317.TW
2025-11-19,222.37765502929688,229.0,69017030.0,2317,2317.TW
2025-11-20,229.6607666015625,236.5,77074387.0,2317,2317.TW
2025-11-21,218.4933319091797,225.0,92224538.0,2317,2317.TW
2025-11-24,213.63792419433594,220.0,96559056.0,2317,2317.TW
2025-11-25,212.66685485839844,219.0,71531864.0,2317,2317.TW
2025-11-26,220.4355010986328,227.0,67295295.0,2317,2317.TW
2025-11-27,224.31982421875,231.0,62010923.0,2317,2317.TW
2025-11-28,218.9788818359375,225.5,55419918.0,2317,2317.TW
2025-12-01,215.58009338378906,222.0,50775578.0,2317,2317.TW
2025-12-02,215.58009338378906,222.0,48093660.0,2317,2317.TW
2025-12-03,220.4355010986328,227.0,51488715.0,2317,2317.TW
2025-12-04,221.89212036132812,228.5,25112739.0,2317,2317.TW
2025-12-05,224.31982421875,231.0,34284096.0,2317,2317.TW
2025-12-08,225.29090881347656,232.0,29235914.0,2317,2317.TW
2025-12-09,228.2041473388672,235.0,53342004.0,2317,2317.TW
2025-12-10,226.74752807617188,233.5,35301661.0,2317,2317.TW
2025-12-11,219.46441650390625,226.0,56426793.0,2317,2317.TW
2025-12-12,220.4355010986328,227.0,28800768.0,2317,2317.TW
2025-12-15,215.0945587158203,221.5,41393524.0,2317,2317.TW
2025-12-16,211.69577026367188,218.0,59731441.0,2317,2317.TW
2025-12-17,210.23915100097656,216.5,41170423.0,2317,2317.TW
2025-12-18,209.75360107421875,216.0,47662851.0,2317,2317.TW
2025-12-19,215.0945587158203,221.5,40816061.0,2317,2317.TW
2025-12-22,217.52224731445312,224.0,39334152.0,2317,2317.TW
2025-12-23,217.52224731445312,224.0,29072621.0,2317,2317.TW
2025-12-24,217.52224731445312,224.0,35691897.0,2317,2317.TW
2025-12-26,218.9788818359375,225.5,28309367.0,2317,2317.TW
2025-12-29,224.31982421875,231.0,56570767.0,2317,2317.TW
2025-12-30,221.40658569335938,228.0,35182695.0,2317,2317.TW
2025-12-31,223.83428955078125,230.5,40505358.0,2317,2317.TW
2026-01-02,225.29090881347656,232.0,57704460.0,2317,2317.TW
2026-01-05,227.71861267089844,234.5,63164221.0,2317,2317.TW
2026-01-06,229.17523193359375,236.0,63939915.0,2317,2317.TW
2026-01-07,231.60293579101562,238.5,82446725.0,2317,2317.TW
2026-01-08,222.8632049560547,229.5,85561505.0,2317,2317.TW
2026-01-09,223.83428955078125,230.5,36453268.0,2317,2317.TW
2026-01-12,221.89212036132812,228.5,31525354.0,2317,2317.TW
2026-01-13,219.949951171875,226.5,42839849.0,2317,2317.TW
2026-01-14,227.71861267089844,234.5,63677855.0,2317,2317.TW
2026-01-15,226.74752807617188,233.5,34263022.0,2317,2317.TW
2026-01-16,227.71861267089844,234.5,47340006.0,2317,2317.TW
2026-01-19,222.8632049560547,229.5,51232322.0,2317,2317.TW
2026-01-20,217.03671264648438,223.5,73125523.0,2317,2317.TW
2026-01-21,212.66685485839844,219.0,72461575.0,2317,2317.TW
2026-01-22,217.03671264648438,223.5,46717048.0,2317,2317.TW
2026-01-23,215.0945587158203,221.5,32682740.0,2317,2317.TW
2026-01-26,217.52224731445312,224.0,38021744.0,2317,2317.TW
2026-01-27,218.9788818359375,225.5,35936182.0,2317,2317.TW
2026-01-28,218.9788818359375,225.5,77656661.0,2317,2317.TW
2026-01-29,217.52224731445312,224.0,54347878.0,2317,2317.TW
2026-01-30,214.12347412109375,220.5,68997336.0,2317,2317.TW
2026-02-02,208.29698181152344,214.5,61482988.0,2317,2317.TW
2026-02-03,210.23915100097656,216.5,40387110.0,2317,2317.TW
2026-02-04,212.66685485839844,219.0,26990407.0,2317,2317.TW
2026-02-05,209.26806640625,215.5,41975910.0,2317,2317.TW
2026-02-06,208.7825164794922,215.0,54938386.0,2317,2317.TW
2026-02-09,212.18130493164062,218.5,30183295.0,2317,2317.TW
2026-02-10,214.6090087890625,221.0,46182261.0,2317,2317.TW
2026-02-11,220.4355010986328,227.0,65872532.0,2317,2317.TW
2026-02-23,221.89212036132812,228.5,81100478.0,2317,2317.TW
2026-02-24,225.29090881347656,232.0,66757493.0,2317,2317.TW
2026-02-25,239.37158203125,246.5,162158621.0,2317,2317.TW
2026-02-26,235.97280883789062,243.0,117910827.0,2317,2317.TW
2026-03-02,232.08847045898438,239.0,72894162.0,2317,2317.TW
2026-03-03,222.37765502929688,229.0,84561556.0,2317,2317.TW
2026-03-04,210.7246856689453,217.0,117264053.0,2317,2317.TW
2026-03-05,217.52224731445312,224.0,54395081.0,2317,2317.TW
2026-03-06,216.55117797851562,223.0,36562334.0,2317,2317.TW
2026-03-09,204.41265869140625,210.5,89078875.0,2317,2317.TW
2026-03-10,203.4415740966797,209.5,66168862.0,2317,2317.TW
2026-03-11,212.66685485839844,219.0,53568046.0,2317,2317.TW
2026-03-12,208.29698181152344,214.5,42953811.0,2317,2317.TW
2026-03-13,208.29698181152344,214.5,35894769.0,2317,2317.TW
2026-03-16,210.23915100097656,216.5,37886518.0,2317,2317.TW
2026-03-17,205.86927795410156,212.0,106419159.0,2317,2317.TW
2026-03-18,203.92710876464844,210.0,72625994.0,2317,2317.TW
2026-03-19,199.0717010498047,205.0,83275296.0,2317,2317.TW
2026-03-20,197.12954711914062,203.0,89100557.0,2317,2317.TW
2026-03-23,190.33197021484375,196.0,73041333.0,2317,2317.TW
2026-03-24,189.3608856201172,195.0,53882508.0,2317,2317.TW
2026-03-25,194.21629333496094,200.0,40930016.0,2317,2317.TW
2026-03-26,194.70184326171875,200.5,40681455.0,2317,2317.TW
2026-03-27,193.7307586669922,199.5,28552049.0,2317,2317.TW
2026-03-30,188.3898162841797,194.0,44238703.0,2317,2317.TW
2026-03-31,182.07777404785156,187.5,85781264.0,2317,2317.TW
2026-04-01,191.3030548095703,197.0,44327183.0,2317,2317.TW
2026-04-02,187.41873168945312,193.0,36299062.0,2317,2317.TW
2026-04-07,186.44764709472656,192.0,35130860.0,2317,2317.TW
2026-04-08,195.6729278564453,201.5,65536699.0,2317,2317.TW
2026-04-09,194.21629333496094,200.0,40511384.0,2317,2317.TW
2026-04-10,194.70184326171875,200.5,55780853.0,2317,2317.TW
2026-04-13,194.21629333496094,200.0,36786764.0,2317,2317.TW
2026-04-14,201.49940490722656,207.5,56963436.0,2317,2317.TW
2026-04-15,201.49940490722656,207.5,69041187.0,2317,2317.TW
2026-04-16,201.0138702392578,207.0,44353061.0,2317,2317.TW
2026-04-17,200.04278564453125,206.0,47524705.0,2317,2317.TW
2026-04-20,201.49940490722656,207.5,38137175.0,2317,2317.TW
2026-04-21,204.898193359375,211.0,55956369.0,2317,2317.TW
2026-04-22,214.6090087890625,221.0,135835479.0,2317,2317.TW
2026-04-23,218.4933319091797,225.0,169098376.0,2317,2317.TW
2026-04-24,215.0945587158203,221.5,75559985.0,2317,2317.TW
2026-04-27,221.40658569335938,228.0,106041417.0,2317,2317.TW
2026-04-28,218.9788818359375,225.5,101695092.0,2317,2317.TW
2026-04-29,218.4933319091797,225.0,42650013.0,2317,2317.TW
2026-04-30,213.1523895263672,219.5,71802349.0,2317,2317.TW
2026-05-04,220.92103576660156,227.5,55806920.0,2317,2317.TW
2026-05-05,232.5740203857422,239.5,155860044.0,2317,2317.TW
2026-05-06,244.71253967285156,252.0,233432260.0,2317,2317.TW
2026-05-07,246.16915893554688,253.5,125546014.0,2317,2317.TW
2026-05-08,242.77037048339844,250.0,98286050.0,2317,2317.TW
2026-05-11,244.71253967285156,252.0,61755068.0,2317,2317.TW
2026-05-12,242.77037048339844,250.0,81122139.0,2317,2317.TW
2026-05-13,243.741455078125,251.0,70431323.0,2317,2317.TW
2026-05-14,237.42942810058594,244.5,71191228.0,2317,2317.TW
2026-05-15,241.31375122070312,248.5,134968302.0,2317,2317.TW
2026-05-18,241.31375122070312,248.5,60689919.0,2317,2317.TW
2026-05-19,237.9149627685547,245.0,68744554.0,2317,2317.TW
2026-05-20,233.05955505371094,240.0,61055296.0,2317,2317.TW
2026-05-21,240.34266662597656,247.5,50459560.0,2317,2317.TW
2026-05-22,242.77037048339844,250.0,55061095.0,2317,2317.TW
2026-05-25,253.4522705078125,261.0,119013627.0,2317,2317.TW
2026-05-26,251.51010131835938,259.0,54322447.0,2317,2317.TW
2026-05-27,256.3655090332031,264.0,76194767.0,2317,2317.TW
2026-05-28,255.39443969726562,263.0,71820253.0,2317,2317.TW
2026-05-29,280.6425476074219,289.0,282852094.0,2317,2317.TW
2026-06-01,285.0124206542969,293.5,194094294.0,2317,2317.TW
2026-06-02,292.78106689453125,301.5,110375105.0,2317,2317.TW
2026-06-03,300.0641784667969,309.0,146416447.0,2317,2317.TW
2026-06-04,284.5268859863281,293.0,105281727.0,2317,2317.TW
2026-06-05,276.2726745605469,284.5,89253266.0,2317,2317.TW
2026-06-08,261.7064514160156,269.5,112878529.0,2317,2317.TW
2026-06-09,269.4751281738281,277.5,71791661.0,2317,2317.TW
2026-06-10,255.39443969726562,263.0,82371415.0,2317,2317.TW
2026-06-11,251.02456665039062,258.5,88135941.0,2317,2317.TW
2026-06-12,252.96673583984375,260.5,58714860.0,2317,2317.TW
2026-06-15,259.7643127441406,267.5,53635501.0,2317,2317.TW
2026-06-16,261.2209167480469,269.0,54847841.0,2317,2317.TW
2026-06-17,264.1341552734375,272.0,40918113.0,2317,2317.TW
2026-06-18,260.7353820800781,268.5,67328101.0,2317,2317.TW
2026-06-22,260.7353820800781,268.5,63638370.0,2317,2317.TW
2026-06-23,251.9956512451172,259.5,87176477.0,2317,2317.TW
2026-06-24,248.59686279296875,256.0,59641357.0,2317,2317.TW
2026-06-25,250.05348205566406,257.5,41360011.0,2317,2317.TW
2026-06-26,241.31375122070312,248.5,76100217.0,2317,2317.TW
2026-06-29,239.37158203125,246.5,47188706.0,2317,2317.TW
2026-06-30,243.741455078125,251.0,51218467.0,2317,2317.TW
2026-07-01,240.82821655273438,248.0,63616512.0,2317,2317.TW
2026-07-02,239.0,239.0,64828330.0,2317,2317.TW
2026-07-03,240.5,240.5,49052306.0,2317,2317.TW
2026-07-06,242.0,242.0,42276658.0,2317,2317.TW
2026-07-07,237.0,237.0,49448509.0,2317,2317.TW
2026-07-08,237.5,237.5,36721523.0,2317,2317.TW
2026-07-09,237.5,237.5,38817358.0,2317,2317.TW
2026-07-10,237.5,237.5,0.0,2317,2317.TW
2026-07-13,236.5,236.5,36758505.0,2317,2317.TW
2026-07-14,235.5,235.5,46603460.0,2317,2317.TW
2026-07-15,239.0,239.0,35204710.0,2317,2317.TW
2026-07-16,242.5,242.5,37128310.0,2317,2317.TW
2026-07-17,234.0,234.0,67239137.0,2317,2317.TW
2026-07-20,234.5,234.5,47619834.0,2317,2317.TW
2026-07-21,246.0,246.0,50049475.0,2317,2317.TW
2026-07-22,251.5,251.5,66051511.0,2317,2317.TW
2026-07-23,257.5,257.5,62121101.0,2317,2317.TW
2026-07-24,252.5,252.5,32814582.0,2317,2317.TW
2026-07-27,253.0,253.0,35062266.0,2317,2317.TW
2026-07-28,238.0,238.0,51017638.0,2317,2317.TW
2026-07-29,237.0,237.0,82004943.0,2317,2317.TW
2026-07-30,229.5,229.5,74299712.0,2317,2317.TW
2026-07-31,250.5,250.5,98791078.0,2317,2317.TW
2025-05-27,243.4925079345703,266.0,8953741.0,2382,2382.TW
2025-05-28,246.23866271972656,269.0,16103397.0,2382,2382.TW
2025-05-29,248.52713012695312,271.5,26895115.0,2382,2382.TW
2025-06-02,248.06944274902344,271.0,19057958.0,2382,2382.TW
2025-06-03,251.73098754882812,275.0,17896027.0,2382,2382.TW
2025-06-04,256.3078918457031,280.0,23853254.0,2382,2382.TW
2025-06-05,257.68096923828125,281.5,16994255.0,2382,2382.TW
2025-06-06,252.64637756347656,276.0,15118830.0,2382,2382.TW
2025-06-09,252.64637756347656,276.0,9390154.0,2382,2382.TW
2025-06-10,259.5117492675781,283.5,18288849.0,2382,2382.TW
2025-06-11,259.0540466308594,283.0,12965529.0,2382,2382.TW
2025-06-12,262.2579040527344,286.5,15203754.0,2382,2382.TW
2025-06-13,263.1733093261719,287.5,16436984.0,2382,2382.TW
2025-06-16,261.8002014160156,286.0,9016371.0,2382,2382.TW
2025-06-17,259.0540466308594,283.0,15474405.0,2382,2382.TW
2025-06-18,259.0540466308594,283.0,12825922.0,2382,2382.TW
2025-06-19,255.3925323486328,279.0,13664910.0,2382,2382.TW
2025-06-20,255.85023498535156,279.5,16036435.0,2382,2382.TW
2025-06-23,258.138671875,282.0,17281403.0,2382,2382.TW
2025-06-24,265.0040588378906,289.5,26437298.0,2382,2382.TW
2025-06-25,268.2079162597656,293.0,19860719.0,2382,2382.TW
2025-06-26,265.4617614746094,290.0,24969171.0,2382,2382.TW
2025-06-27,261.342529296875,285.5,22017601.0,2382,2382.TW
2025-06-30,263.2606201171875,274.5,34610578.0,2382,2382.TW
2025-07-01,269.4944763183594,281.0,30113696.0,2382,2382.TW
2025-07-02,270.45355224609375,282.0,9206216.0,2382,2382.TW
2025-07-03,268.5354309082031,280.0,10319023.0,2382,2382.TW
2025-07-04,266.6173400878906,278.0,10313615.0,2382,2382.TW
2025-07-07,265.65826416015625,277.0,6870371.0,2382,2382.TW
2025-07-08,260.8630065917969,272.0,10302640.0,2382,2382.TW
2025-07-09,264.69921875,276.0,10377735.0,2382,2382.TW
2025-07-10,261.8220520019531,273.0,13467185.0,2382,2382.TW
2025-07-11,261.8220520019531,273.0,9543093.0,2382,2382.TW
2025-07-14,258.4653625488281,269.5,19240450.0,2382,2382.TW
2025-07-15,259.4244079589844,270.5,16130611.0,2382,2382.TW
2025-07-16,261.342529296875,272.5,13658920.0,2382,2382.TW
2025-07-17,259.9039306640625,271.0,10102379.0,2382,2382.TW
2025-07-18,262.30157470703125,273.5,12353312.0,2382,2382.TW
2025-07-21,262.30157470703125,273.5,8095323.0,2382,2382.TW
2025-07-22,251.75196838378906,262.5,28883513.0,2382,2382.TW
2025-07-23,253.67007446289062,264.5,15441924.0,2382,2382.TW
2025-07-24,257.98583984375,269.0,15476309.0,2382,2382.TW
2025-07-25,257.50628662109375,268.5,7672314.0,2382,2382.TW
2025-07-28,260.8630065917969,272.0,14069744.0,2382,2382.TW
2025-07-29,256.5472412109375,267.5,13055278.0,2382,2382.TW
2025-07-30,258.94488525390625,270.0,10254214.0,2382,2382.TW
2025-07-31,269.9740295410156,281.5,46993445.0,2382,2382.TW
2025-08-04,269.4944763183594,281.0,17019182.0,2382,2382.TW
2025-08-05,276.2078857421875,288.0,24068241.0,2382,2382.TW
2025-08-06,276.6874084472656,288.5,15742639.0,2382,2382.TW
2025-08-07,277.16693115234375,289.0,20511609.0,2382,2382.TW
2025-08-08,278.6054992675781,290.5,16215315.0,2382,2382.TW
2025-08-11,278.1259765625,290.0,17127137.0,2382,2382.TW
2025-08-12,271.41259765625,283.0,22337638.0,2382,2382.TW
2025-08-13,260.3834533691406,271.5,63728788.0,2382,2382.TW
2025-08-14,259.4244079589844,270.5,21814252.0,2382,2382.TW
2025-08-15,259.4244079589844,270.5,23456718.0,2382,2382.TW
2025-08-18,257.98583984375,269.0,19713360.0,2382,2382.TW
2025-08-19,257.0267639160156,268.0,14596705.0,2382,2382.TW
2025-08-20,248.8748016357422,259.5,36664528.0,2382,2382.TW
2025-08-21,248.39527893066406,259.0,24821447.0,2382,2382.TW
2025-08-22,247.91575622558594,258.5,14922957.0,2382,2382.TW
2025-08-25,257.0267639160156,268.0,24295538.0,2382,2382.TW
2025-08-26,254.1496124267578,265.0,21263338.0,2382,2382.TW
2025-08-27,257.98583984375,269.0,17279130.0,2382,2382.TW
2025-08-28,255.10865783691406,266.0,9588682.0,2382,2382.TW
2025-08-29,251.75196838378906,262.5,12917153.0,2382,2382.TW
2025-09-01,245.5181121826172,256.0,18655104.0,2382,2382.TW
2025-09-02,243.12046813964844,253.5,15389928.0,2382,2382.TW
2025-09-03,243.12046813964844,253.5,14449933.0,2382,2382.TW
2025-09-04,246.4771728515625,257.0,9875579.0,2382,2382.TW
2025-09-05,247.91575622558594,258.5,7490172.0,2382,2382.TW
2025-09-08,249.35433959960938,260.0,13298290.0,2382,2382.TW
2025-09-09,251.75196838378906,262.5,19631079.0,2382,2382.TW
2025-09-10,261.8220520019531,273.0,35669086.0,2382,2382.TW
2025-09-11,258.94488525390625,270.0,28440432.0,2382,2382.TW
2025-09-12,262.7810974121094,274.0,15114671.0,2382,2382.TW
2025-09-15,264.69921875,276.0,21450898.0,2382,2382.TW
2025-09-16,262.30157470703125,273.5,16421165.0,2382,2382.TW
2025-09-17,261.8220520019531,273.0,13008415.0,2382,2382.TW
2025-09-18,268.055908203125,279.5,19916772.0,2382,2382.TW
2025-09-19,269.4944763183594,281.0,26438451.0,2382,2382.TW
2025-09-22,269.4944763183594,281.0,13390326.0,2382,2382.TW
2025-09-23,274.769287109375,286.5,34172011.0,2382,2382.TW
2025-09-24,271.8921203613281,283.5,29120539.0,2382,2382.TW
2025-09-25,273.3307189941406,285.0,21951726.0,2382,2382.TW
2025-09-26,273.3307189941406,285.0,29092816.0,2382,2382.TW
2025-09-30,278.1259765625,290.0,40461798.0,2382,2382.TW
2025-10-01,274.769287109375,286.5,35534245.0,2382,2382.TW
2025-10-02,281.96221923828125,294.0,30153788.0,2382,2382.TW
2025-10-03,287.716552734375,300.0,39470731.0,2382,2382.TW
2025-10-07,295.8684997558594,308.5,40752333.0,2382,2382.TW
2025-10-08,293.4708557128906,306.0,20531685.0,2382,2382.TW
2025-10-09,285.7984313964844,298.0,37268713.0,2382,2382.TW
2025-10-13,282.4417419433594,294.5,29776200.0,2382,2382.TW
2025-10-14,272.37164306640625,284.0,29851647.0,2382,2382.TW
2025-10-15,274.2897644042969,286.0,15687616.0,2382,2382.TW
2025-10-16,279.5645751953125,291.5,15512048.0,2382,2382.TW
2025-10-17,276.6874084472656,288.5,12838974.0,2382,2382.TW
2025-10-20,284.3598327636719,296.5,22366155.0,2382,2382.TW
2025-10-21,279.0850524902344,291.0,16174355.0,2382,2382.TW
2025-10-22,277.6464538574219,289.5,12208364.0,2382,2382.TW
2025-10-23,281.482666015625,293.5,33472282.0,2382,2382.TW
2025-10-27,296.82757568359375,309.5,44396977.0,2382,2382.TW
2025-10-28,291.5527648925781,304.0,17765962.0,2382,2382.TW
2025-10-29,295.38897705078125,308.0,13100507.0,2382,2382.TW
2025-10-30,293.4708557128906,306.0,20602549.0,2382,2382.TW
2025-10-31,288.1960754394531,300.5,13315938.0,2382,2382.TW
2025-11-03,285.31890869140625,297.5,11626090.0,2382,2382.TW
2025-11-04,275.7283630371094,287.5,19508256.0,2382,2382.TW
2025-11-05,277.6464538574219,289.5,18775068.0,2382,2382.TW
2025-11-06,281.0031433105469,293.0,14777764.0,2382,2382.TW
2025-11-07,275.2488098144531,287.0,9629708.0,2382,2382.TW
2025-11-10,279.5645751953125,291.5,9497885.0,2382,2382.TW
2025-11-11,279.5645751953125,291.5,11963258.0,2382,2382.TW
2025-11-12,276.2078857421875,288.0,15684240.0,2382,2382.TW
2025-11-13,273.3307189941406,285.0,24935287.0,2382,2382.TW
2025-11-14,268.055908203125,279.5,19613902.0,2382,2382.TW
2025-11-17,264.69921875,276.0,13276681.0,2382,2382.TW
2025-11-18,258.94488525390625,270.0,18467673.0,2382,2382.TW
2025-11-19,256.0677185058594,267.0,14254017.0,2382,2382.TW
2025-11-20,262.7810974121094,274.0,10134936.0,2382,2382.TW
2025-11-21,258.94488525390625,270.0,13500642.0,2382,2382.TW
2025-11-24,260.8630065917969,272.0,14853862.0,2382,2382.TW
2025-11-25,263.74017333984375,275.0,9336982.0,2382,2382.TW
2025-11-26,268.055908203125,279.5,9438475.0,2382,2382.TW
2025-11-27,269.9740295410156,281.5,6456741.0,2382,2382.TW
2025-11-28,270.45355224609375,282.0,12623082.0,2382,2382.TW
2025-12-01,275.2488098144531,287.0,16398925.0,2382,2382.TW
2025-12-02,276.6874084472656,288.5,15581808.0,2382,2382.TW
2025-12-03,280.52362060546875,292.5,14680289.0,2382,2382.TW
2025-12-04,282.4417419433594,294.5,11435414.0,2382,2382.TW
2025-12-05,285.31890869140625,297.5,21889164.0,2382,2382.TW
2025-12-08,285.31890869140625,297.5,11022569.0,2382,2382.TW
2025-12-09,283.88031005859375,296.0,14925284.0,2382,2382.TW
2025-12-10,280.52362060546875,292.5,10023211.0,2382,2382.TW
2025-12-11,276.2078857421875,288.0,10861922.0,2382,2382.TW
2025-12-12,274.769287109375,286.5,6161744.0,2382,2382.TW
2025-12-15,273.3307189941406,285.0,8298474.0,2382,2382.TW
2025-12-16,261.8220520019531,273.0,26216176.0,2382,2382.TW
2025-12-17,254.1496124267578,265.0,49191056.0,2382,2382.TW
2025-12-18,249.35433959960938,260.0,26916273.0,2382,2382.TW
2025-12-19,254.1496124267578,265.0,21950230.0,2382,2382.TW
2025-12-22,256.0677185058594,267.0,18882439.0,2382,2382.TW
2025-12-23,253.67007446289062,264.5,17223183.0,2382,2382.TW
2025-12-24,253.1905517578125,264.0,14381521.0,2382,2382.TW
2025-12-26,252.2314910888672,263.0,15952492.0,2382,2382.TW
2025-12-29,252.2314910888672,263.0,14325071.0,2382,2382.TW
2025-12-30,252.2314910888672,263.0,11968569.0,2382,2382.TW
2025-12-31,260.8630065917969,272.0,23869710.0,2382,2382.TW
2026-01-02,265.65826416015625,277.0,22740078.0,2382,2382.TW
2026-01-05,266.6173400878906,278.0,25469229.0,2382,2382.TW
2026-01-06,270.45355224609375,282.0,23580699.0,2382,2382.TW
2026-01-07,270.45355224609375,282.0,18766287.0,2382,2382.TW
2026-01-08,261.8220520019531,273.0,23946237.0,2382,2382.TW
2026-01-09,271.41259765625,283.0,49358199.0,2382,2382.TW
2026-01-12,269.01495361328125,280.5,20628829.0,2382,2382.TW
2026-01-13,267.5763854980469,279.0,16835517.0,2382,2382.TW
2026-01-14,274.2897644042969,286.0,27756504.0,2382,2382.TW
2026-01-15,271.41259765625,283.0,15472828.0,2382,2382.TW
2026-01-16,277.6464538574219,289.5,23531351.0,2382,2382.TW
2026-01-19,270.45355224609375,282.0,15902921.0,2382,2382.TW
2026-01-20,266.1377868652344,277.5,13458730.0,2382,2382.TW
2026-01-21,263.74017333984375,275.0,14842272.0,2382,2382.TW
2026-01-22,271.41259765625,283.0,15748702.0,2382,2382.TW
2026-01-23,268.5354309082031,280.0,12105528.0,2382,2382.TW
2026-01-26,275.2488098144531,287.0,18267347.0,2382,2382.TW
2026-01-27,275.7283630371094,287.5,11017049.0,2382,2382.TW
2026-01-28,275.2488098144531,287.0,14966747.0,2382,2382.TW
2026-01-29,271.41259765625,283.0,10986703.0,2382,2382.TW
2026-01-30,268.5354309082031,280.0,16968193.0,2382,2382.TW
2026-02-02,261.8220520019531,273.0,16449715.0,2382,2382.TW
2026-02-03,265.1787414550781,276.5,13650260.0,2382,2382.TW
2026-02-04,266.6173400878906,278.0,9610602.0,2382,2382.TW
2026-02-05,261.8220520019531,273.0,11297980.0,2382,2382.TW
2026-02-06,268.055908203125,279.5,18269366.0,2382,2382.TW
2026-02-09,272.37164306640625,284.0,12411543.0,2382,2382.TW
2026-02-10,273.3307189941406,285.0,15106626.0,2382,2382.TW
2026-02-11,274.2897644042969,286.0,16235356.0,2382,2382.TW
2026-02-23,271.8921203613281,283.5,20793859.0,2382,2382.TW
2026-02-24,272.37164306640625,284.0,13327516.0,2382,2382.TW
2026-02-25,285.31890869140625,297.5,48175085.0,2382,2382.TW
2026-02-26,279.5645751953125,291.5,24333369.0,2382,2382.TW
2026-03-02,288.67559814453125,301.0,43986426.0,2382,2382.TW
2026-03-03,282.4417419433594,294.5,21602141.0,2382,2382.TW
2026-03-04,269.4944763183594,281.0,31455993.0,2382,2382.TW
2026-03-05,277.6464538574219,289.5,19504646.0,2382,2382.TW
2026-03-06,277.16693115234375,289.0,12786246.0,2382,2382.TW
2026-03-09,270.45355224609375,282.0,17989005.0,2382,2382.TW
2026-03-10,270.9330749511719,282.5,16300354.0,2382,2382.TW
2026-03-11,277.16693115234375,289.0,17823474.0,2382,2382.TW
2026-03-12,276.6874084472656,288.5,14202639.0,2382,2382.TW
2026-03-13,277.16693115234375,289.0,9844284.0,2382,2382.TW
2026-03-16,277.16693115234375,289.0,14489156.0,2382,2382.TW
2026-03-17,277.16693115234375,289.0,13889345.0,2382,2382.TW
2026-03-18,281.0031433105469,293.0,18392851.0,2382,2382.TW
2026-03-19,274.769287109375,286.5,10174768.0,2382,2382.TW
2026-03-20,271.8921203613281,283.5,13087791.0,2382,2382.TW
2026-03-23,268.5354309082031,280.0,15239375.0,2382,2382.TW
2026-03-24,269.9740295410156,281.5,10220480.0,2382,2382.TW
2026-03-25,273.3307189941406,285.0,9141813.0,2382,2382.TW
2026-03-26,275.2488098144531,287.0,11204685.0,2382,2382.TW
2026-03-27,277.16693115234375,289.0,12806436.0,2382,2382.TW
2026-03-30,269.4944763183594,281.0,17247411.0,2382,2382.TW
2026-03-31,267.09686279296875,278.5,16654046.0,2382,2382.TW
2026-04-01,278.6054992675781,290.5,18174983.0,2382,2382.TW
2026-04-02,272.8511962890625,284.5,11027428.0,2382,2382.TW
2026-04-07,277.16693115234375,289.0,8886237.0,2382,2382.TW
2026-04-08,294.9094543457031,307.5,52427615.0,2382,2382.TW
2026-04-09,300.18426513671875,313.0,45878717.0,2382,2382.TW
2026-04-10,308.3362121582031,321.5,37845000.0,2382,2382.TW
2026-04-13,305.9385986328125,319.0,16490167.0,2382,2382.TW
2026-04-14,309.7748107910156,323.0,20044944.0,2382,2382.TW
2026-04-15,295.8684997558594,308.5,33056704.0,2382,2382.TW
2026-04-16,305.45904541015625,318.5,18097798.0,2382,2382.TW
2026-04-17,309.7748107910156,323.0,19570331.0,2382,2382.TW
2026-04-20,315.5291442871094,329.0,18863979.0,2382,2382.TW
2026-04-21,326.0787353515625,340.0,23951645.0,2382,2382.TW
2026-04-22,321.2834777832031,335.0,17860191.0,2382,2382.TW
2026-04-23,308.8157653808594,322.0,26593810.0,2382,2382.TW
2026-04-24,309.7748107910156,323.0,17980123.0,2382,2382.TW
2026-04-27,312.1724548339844,325.5,16103840.0,2382,2382.TW
2026-04-28,307.856689453125,321.0,15525273.0,2382,2382.TW
2026-04-29,308.8157653808594,322.0,11287573.0,2382,2382.TW
2026-04-30,299.7047119140625,312.5,18159119.0,2382,2382.TW
2026-05-04,304.9795227050781,318.0,17268695.0,2382,2382.TW
2026-05-05,307.856689453125,321.0,12107580.0,2382,2382.TW
2026-05-06,332.3125915527344,346.5,43497194.0,2382,2382.TW
2026-05-07,329.91497802734375,344.0,22762782.0,2382,2382.TW
2026-05-08,326.5582580566406,340.5,16966541.0,2382,2382.TW
2026-05-11,329.4354248046875,343.5,14155601.0,2382,2382.TW
2026-05-12,326.0787353515625,340.0,12568332.0,2382,2382.TW
2026-05-13,326.5582580566406,340.5,12934119.0,2382,2382.TW
2026-05-14,320.8039245605469,334.5,21209485.0,2382,2382.TW
2026-05-15,293.4708557128906,306.0,63955695.0,2382,2382.TW
2026-05-18,287.716552734375,300.0,30660872.0,2382,2382.TW
2026-05-19,278.1259765625,290.0,36459558.0,2382,2382.TW
2026-05-20,278.1259765625,290.0,35637724.0,2382,2382.TW
2026-05-21,295.38897705078125,308.0,38439137.0,2382,2382.TW
2026-05-22,303.0614318847656,316.0,35356329.0,2382,2382.TW
2026-05-25,303.54095458984375,316.5,46072021.0,2382,2382.TW
2026-05-26,303.54095458984375,316.5,45494325.0,2382,2382.TW
2026-05-27,299.2251892089844,312.0,42843302.0,2382,2382.TW
2026-05-28,295.8684997558594,308.5,42499117.0,2382,2382.TW
2026-05-29,325.11968994140625,339.0,85801526.0,2382,2382.TW
2026-06-01,357.248046875,372.5,74697985.0,2382,2382.TW
2026-06-02,384.1015930175781,400.5,149304893.0,2382,2382.TW
2026-06-03,399.9259948730469,417.0,107345095.0,2382,2382.TW
2026-06-04,387.4582824707031,404.0,72350922.0,2382,2382.TW
2026-06-05,374.5110168457031,390.5,67497439.0,2382,2382.TW
2026-06-08,361.0842590332031,376.5,62364056.0,2382,2382.TW
2026-06-09,359.6456604003906,375.0,49988953.0,2382,2382.TW
2026-06-10,364.92047119140625,380.5,45360619.0,2382,2382.TW
2026-06-11,354.85040283203125,370.0,47724251.0,2382,2382.TW
2026-06-12,356.76849365234375,372.0,23898289.0,2382,2382.TW
2026-06-15,354.85040283203125,370.0,21792529.0,2382,2382.TW
2026-06-16,347.657470703125,362.5,19438724.0,2382,2382.TW
2026-06-17,358.6866149902344,374.0,19621163.0,2382,2382.TW
2026-06-18,360.604736328125,376.0,22067558.0,2382,2382.TW
2026-06-22,364.4409484863281,380.0,18712055.0,2382,2382.TW
2026-06-23,357.248046875,372.5,15629070.0,2382,2382.TW
2026-06-24,356.76849365234375,372.0,10798782.0,2382,2382.TW
2026-06-25,351.49371337890625,366.5,13229175.0,2382,2382.TW
2026-06-26,347.1779479980469,362.0,20172875.0,2382,2382.TW
2026-06-29,351.9732360839844,367.0,11309602.0,2382,2382.TW
2026-06-30,352.9322814941406,368.0,10812609.0,2382,2382.TW
2026-07-01,356.76849365234375,372.0,13631428.0,2382,2382.TW
2026-07-02,353.8913269042969,369.0,8779223.0,2382,2382.TW
2026-07-03,361.56378173828125,377.0,12753585.0,2382,2382.TW
2026-07-06,362.5228271484375,378.0,23783284.0,2382,2382.TW
2026-07-07,357.7275695800781,373.0,15283927.0,2382,2382.TW
2026-07-08,361.56378173828125,377.0,15329441.0,2382,2382.TW
2026-07-09,358.20709228515625,373.5,13769677.0,2382,2382.TW
2026-07-10,358.20709228515625,373.5,0.0,2382,2382.TW
2026-07-13,362.5228271484375,378.0,14941919.0,2382,2382.TW
2026-07-14,364.4409484863281,380.0,22083411.0,2382,2382.TW
2026-07-15,365.3999938964844,381.0,21418515.0,2382,2382.TW
2026-07-16,352.0,352.0,32289156.0,2382,2382.TW
2026-07-17,325.5,325.5,32477626.0,2382,2382.TW
2026-07-20,316.0,316.0,35410793.0,2382,2382.TW
2026-07-21,324.0,324.0,22285659.0,2382,2382.TW
2026-07-22,329.0,329.0,23277751.0,2382,2382.TW
2026-07-23,336.0,336.0,23443499.0,2382,2382.TW
2026-07-24,328.0,328.0,10662843.0,2382,2382.TW
2026-07-27,322.0,322.0,19353740.0,2382,2382.TW
2026-07-28,313.5,313.5,19980834.0,2382,2382.TW
2026-07-29,309.5,309.5,27556543.0,2382,2382.TW
2026-07-30,279.0,279.0,57466502.0,2382,2382.TW
2026-07-31,291.5,291.5,48175692.0,2382,2382.TW
2025-05-27,116.2737808227539,124.0,1092561.0,2439,2439.TW
2025-05-28,114.39839935302734,122.0,1864436.0,2439,2439.TW
2025-05-29,118.61801147460938,126.5,6193825.0,2439,2439.TW
2025-06-02,116.2737808227539,124.0,4914519.0,2439,2439.TW
2025-06-03,112.52301788330078,120.0,5128479.0,2439,2439.TW
2025-06-04,110.17878723144531,117.5,6046733.0,2439,2439.TW
2025-06-05,107.83455657958984,115.0,4970097.0,2439,2439.TW
2025-06-06,107.83455657958984,115.0,5720180.0,2439,2439.TW
2025-06-09,106.42801666259766,113.5,5666613.0,2439,2439.TW
2025-06-10,106.42801666259766,113.5,4659203.0,2439,2439.TW
2025-06-11,107.36571502685547,114.5,4718271.0,2439,2439.TW
2025-06-12,106.42801666259766,113.5,4844105.0,2439,2439.TW
2025-06-13,105.021484375,112.0,2060776.0,2439,2439.TW
2025-06-16,105.49032592773438,112.5,1721473.0,2439,2439.TW
2025-06-17,105.49032592773438,112.5,1460385.0,2439,2439.TW
2025-06-18,105.021484375,112.0,2821123.0,2439,2439.TW
2025-06-19,104.08379364013672,111.0,888592.0,2439,2439.TW
2025-06-20,101.73956298828125,108.5,2372231.0,2439,2439.TW
2025-06-23,102.67725372314453,109.5,1615496.0,2439,2439.TW
2025-06-24,104.08379364013672,111.0,1317910.0,2439,2439.TW
2025-06-25,104.5526351928711,111.5,1823429.0,2439,2439.TW
2025-06-26,104.5526351928711,111.5,2722607.0,2439,2439.TW
2025-06-27,104.5526351928711,111.5,2756693.0,2439,2439.TW
2025-06-30,103.1460952758789,110.0,2534940.0,2439,2439.TW
2025-07-01,105.95917510986328,113.0,4646436.0,2439,2439.TW
2025-07-02,106.89686584472656,114.0,3657685.0,2439,2439.TW
2025-07-03,107.83455657958984,115.0,3996812.0,2439,2439.TW
2025-07-04,104.08379364013672,111.0,3911115.0,2439,2439.TW
2025-07-07,105.49032592773438,112.5,2573161.0,2439,2439.TW
2025-07-08,103.1460952758789,110.0,1984170.0,2439,2439.TW
2025-07-09,104.08379364013672,111.0,1606101.0,2439,2439.TW
2025-07-10,105.021484375,112.0,1001274.0,2439,2439.TW
2025-07-11,105.021484375,112.0,916612.0,2439,2439.TW
2025-07-14,105.49032592773438,112.5,1297242.0,2439,2439.TW
2025-07-15,107.36571502685547,114.5,1620536.0,2439,2439.TW
2025-07-16,108.30340576171875,115.5,2513511.0,2439,2439.TW
2025-07-17,111.5853271484375,119.0,3715800.0,2439,2439.TW
2025-07-18,112.05416870117188,119.5,2773940.0,2439,2439.TW
2025-07-21,112.52301788330078,120.0,1906700.0,2439,2439.TW
2025-07-22,110.17878723144531,117.5,3580911.0,2439,2439.TW
2025-07-23,111.5853271484375,119.0,1513386.0,2439,2439.TW
2025-07-24,111.1164779663086,118.5,2653652.0,2439,2439.TW
2025-07-25,105.95917510986328,113.0,6041081.0,2439,2439.TW
2025-07-28,108.77224731445312,116.0,3830929.0,2439,2439.TW
2025-07-29,105.49032592773438,112.5,2439616.0,2439,2439.TW
2025-07-30,104.5526351928711,111.5,1994190.0,2439,2439.TW
2025-07-31,106.89686584472656,114.0,4137022.0,2439,2439.TW
2025-08-04,107.83455657958984,115.0,1718361.0,2439,2439.TW
2025-08-05,108.30340576171875,115.5,1397520.0,2439,2439.TW
2025-08-06,108.77224731445312,116.0,1385317.0,2439,2439.TW
2025-08-07,107.83455657958984,115.0,1338619.0,2439,2439.TW
2025-08-08,110.17878723144531,117.5,1752345.0,2439,2439.TW
2025-08-11,110.64763641357422,118.0,1639660.0,2439,2439.TW
2025-08-12,108.77224731445312,116.0,987332.0,2439,2439.TW
2025-08-13,108.30340576171875,115.5,1864630.0,2439,2439.TW
2025-08-14,108.77224731445312,116.0,1376302.0,2439,2439.TW
2025-08-15,110.17878723144531,117.5,1569064.0,2439,2439.TW
2025-08-18,110.64763641357422,118.0,1619252.0,2439,2439.TW
2025-08-19,111.1164779663086,118.5,1481750.0,2439,2439.TW
2025-08-20,111.1164779663086,118.5,2506932.0,2439,2439.TW
2025-08-21,111.5853271484375,119.0,1550405.0,2439,2439.TW
2025-08-22,112.52301788330078,120.0,3802191.0,2439,2439.TW
2025-08-25,112.05416870117188,119.5,4002342.0,2439,2439.TW
2025-08-26,110.64763641357422,118.0,3842486.0,2439,2439.TW
2025-08-27,109.7099380493164,117.0,4558433.0,2439,2439.TW
2025-08-28,107.5,107.5,3992266.0,2439,2439.TW
2025-08-29,107.5,107.5,1508958.0,2439,2439.TW
2025-09-01,104.5,104.5,2208300.0,2439,2439.TW
2025-09-02,103.0,103.0,1569468.0,2439,2439.TW
2025-09-03,102.5,102.5,2009400.0,2439,2439.TW
2025-09-04,102.5,102.5,2137474.0,2439,2439.TW
2025-09-05,102.0,102.0,1534273.0,2439,2439.TW
2025-09-08,103.0,103.0,2267135.0,2439,2439.TW
2025-09-09,102.0,102.0,2469318.0,2439,2439.TW
2025-09-10,102.5,102.5,4226222.0,2439,2439.TW
2025-09-11,100.0,100.0,2749153.0,2439,2439.TW
2025-09-12,101.0,101.0,1722480.0,2439,2439.TW
2025-09-15,99.80000305175781,99.80000305175781,2131560.0,2439,2439.TW
2025-09-16,99.9000015258789,99.9000015258789,2422683.0,2439,2439.TW
2025-09-17,101.0,101.0,2673635.0,2439,2439.TW
2025-09-18,102.5,102.5,1629801.0,2439,2439.TW
2025-09-19,101.0,101.0,1811583.0,2439,2439.TW
2025-09-22,102.0,102.0,2217648.0,2439,2439.TW
2025-09-23,104.0,104.0,2610560.0,2439,2439.TW
2025-09-24,103.5,103.5,2162927.0,2439,2439.TW
2025-09-25,102.0,102.0,1469175.0,2439,2439.TW
2025-09-26,100.5,100.5,1400155.0,2439,2439.TW
2025-09-30,101.5,101.5,761610.0,2439,2439.TW
2025-10-01,100.5,100.5,946422.0,2439,2439.TW
2025-10-02,100.0,100.0,1554628.0,2439,2439.TW
2025-10-03,100.0,100.0,663068.0,2439,2439.TW
2025-10-07,101.5,101.5,1618067.0,2439,2439.TW
2025-10-08,102.5,102.5,10007964.0,2439,2439.TW
2025-10-09,102.5,102.5,2278349.0,2439,2439.TW
2025-10-13,101.5,101.5,3096733.0,2439,2439.TW
2025-10-14,99.80000305175781,99.80000305175781,1937880.0,2439,2439.TW
2025-10-15,102.0,102.0,3250244.0,2439,2439.TW
2025-10-16,101.5,101.5,1030907.0,2439,2439.TW
2025-10-17,101.0,101.0,1027393.0,2439,2439.TW
2025-10-20,101.0,101.0,712063.0,2439,2439.TW
2025-10-21,101.5,101.5,1427502.0,2439,2439.TW
2025-10-22,102.5,102.5,1324750.0,2439,2439.TW
2025-10-23,104.5,104.5,2392432.0,2439,2439.TW
2025-10-27,104.0,104.0,1472256.0,2439,2439.TW
2025-10-28,101.0,101.0,2273341.0,2439,2439.TW
2025-10-29,100.0,100.0,2387185.0,2439,2439.TW
2025-10-30,103.0,103.0,2235147.0,2439,2439.TW
2025-10-31,102.5,102.5,2964645.0,2439,2439.TW
2025-11-03,102.5,102.5,1353990.0,2439,2439.TW
2025-11-04,103.0,103.0,5067394.0,2439,2439.TW
2025-11-05,107.5,107.5,6472057.0,2439,2439.TW
2025-11-06,109.0,109.0,3623572.0,2439,2439.TW
2025-11-07,110.5,110.5,4225316.0,2439,2439.TW
2025-11-10,111.0,111.0,2688780.0,2439,2439.TW
2025-11-11,113.0,113.0,4805626.0,2439,2439.TW
2025-11-12,112.5,112.5,5099958.0,2439,2439.TW
2025-11-13,113.0,113.0,2337714.0,2439,2439.TW
2025-11-14,112.0,112.0,1838587.0,2439,2439.TW
2025-11-17,110.5,110.5,1706803.0,2439,2439.TW
2025-11-18,110.0,110.0,2170563.0,2439,2439.TW
2025-11-19,108.0,108.0,2169333.0,2439,2439.TW
2025-11-20,109.0,109.0,1620258.0,2439,2439.TW
2025-11-21,105.0,105.0,1271140.0,2439,2439.TW
2025-11-24,101.5,101.5,1839942.0,2439,2439.TW
2025-11-25,102.5,102.5,902345.0,2439,2439.TW
2025-11-26,103.0,103.0,997468.0,2439,2439.TW
2025-11-27,104.0,104.0,861196.0,2439,2439.TW
2025-11-28,103.0,103.0,2399473.0,2439,2439.TW
2025-12-01,100.5,100.5,3025160.0,2439,2439.TW
2025-12-02,100.0,100.0,2145115.0,2439,2439.TW
2025-12-03,101.0,101.0,1473798.0,2439,2439.TW
2025-12-04,101.5,101.5,1272373.0,2439,2439.TW
2025-12-05,100.5,100.5,1214193.0,2439,2439.TW
2025-12-08,101.0,101.0,752484.0,2439,2439.TW
2025-12-09,100.0,100.0,1269012.0,2439,2439.TW
2025-12-10,98.80000305175781,98.80000305175781,2916537.0,2439,2439.TW
2025-12-11,99.5999984741211,99.5999984741211,1507152.0,2439,2439.TW
2025-12-12,99.69999694824219,99.69999694824219,947121.0,2439,2439.TW
2025-12-15,99.19999694824219,99.19999694824219,845938.0,2439,2439.TW
2025-12-16,96.30000305175781,96.30000305175781,5476615.0,2439,2439.TW
2025-12-17,97.0999984741211,97.0999984741211,4289239.0,2439,2439.TW
2025-12-18,95.5,95.5,5124009.0,2439,2439.TW
2025-12-19,96.69999694824219,96.69999694824219,4669922.0,2439,2439.TW
2025-12-22,97.69999694824219,97.69999694824219,3636577.0,2439,2439.TW
2025-12-23,98.9000015258789,98.9000015258789,3630280.0,2439,2439.TW
2025-12-24,98.19999694824219,98.19999694824219,3680131.0,2439,2439.TW
2025-12-26,97.80000305175781,97.80000305175781,4559858.0,2439,2439.TW
2025-12-29,99.30000305175781,99.30000305175781,1401559.0,2439,2439.TW
2025-12-30,98.30000305175781,98.30000305175781,1344300.0,2439,2439.TW
2025-12-31,97.69999694824219,97.69999694824219,874267.0,2439,2439.TW
2026-01-02,95.80000305175781,95.80000305175781,2463124.0,2439,2439.TW
2026-01-05,94.0999984741211,94.0999984741211,2640472.0,2439,2439.TW
2026-01-06,96.30000305175781,96.30000305175781,1454313.0,2439,2439.TW
2026-01-07,96.19999694824219,96.19999694824219,1022928.0,2439,2439.TW
2026-01-08,101.0,101.0,5517624.0,2439,2439.TW
2026-01-09,100.0,100.0,2508255.0,2439,2439.TW
2026-01-12,102.0,102.0,1871622.0,2439,2439.TW
2026-01-13,103.5,103.5,3115696.0,2439,2439.TW
2026-01-14,109.5,109.5,7017864.0,2439,2439.TW
2026-01-15,109.0,109.0,2278304.0,2439,2439.TW
2026-01-16,106.5,106.5,1574131.0,2439,2439.TW
2026-01-19,106.0,106.0,1233151.0,2439,2439.TW
2026-01-20,105.5,105.5,1328620.0,2439,2439.TW
2026-01-21,107.5,107.5,2629919.0,2439,2439.TW
2026-01-22,109.5,109.5,2175063.0,2439,2439.TW
2026-01-23,106.0,106.0,1604058.0,2439,2439.TW
2026-01-26,106.0,106.0,1054540.0,2439,2439.TW
2026-01-27,103.5,103.5,1121513.0,2439,2439.TW
2026-01-28,105.0,105.0,1063303.0,2439,2439.TW
2026-01-29,103.0,103.0,740664.0,2439,2439.TW
2026-01-30,99.80000305175781,99.80000305175781,1439176.0,2439,2439.TW
2026-02-02,98.9000015258789,98.9000015258789,587274.0,2439,2439.TW
2026-02-03,99.69999694824219,99.69999694824219,864360.0,2439,2439.TW
2026-02-04,99.19999694824219,99.19999694824219,885530.0,2439,2439.TW
2026-02-05,97.9000015258789,97.9000015258789,783366.0,2439,2439.TW
2026-02-06,98.0,98.0,1023303.0,2439,2439.TW
2026-02-09,97.5999984741211,97.5999984741211,643734.0,2439,2439.TW
2026-02-10,100.0,100.0,939603.0,2439,2439.TW
2026-02-11,99.69999694824219,99.69999694824219,682119.0,2439,2439.TW
2026-02-23,99.4000015258789,99.4000015258789,1734858.0,2439,2439.TW
2026-02-24,99.0,99.0,1665641.0,2439,2439.TW
2026-02-25,98.4000015258789,98.4000015258789,1769004.0,2439,2439.TW
2026-02-26,94.5999984741211,94.5999984741211,4973485.0,2439,2439.TW
2026-03-02,91.19999694824219,91.19999694824219,4506631.0,2439,2439.TW
2026-03-03,87.80000305175781,87.80000305175781,5070501.0,2439,2439.TW
2026-03-04,82.69999694824219,82.69999694824219,4880792.0,2439,2439.TW
2026-03-05,82.0999984741211,82.0999984741211,3996896.0,2439,2439.TW
2026-03-06,82.69999694824219,82.69999694824219,3046177.0,2439,2439.TW
2026-03-09,79.9000015258789,79.9000015258789,3463902.0,2439,2439.TW
2026-03-10,79.80000305175781,79.80000305175781,2764661.0,2439,2439.TW
2026-03-11,81.80000305175781,81.80000305175781,1424417.0,2439,2439.TW
2026-03-12,80.30000305175781,80.30000305175781,2014946.0,2439,2439.TW
2026-03-13,84.69999694824219,84.69999694824219,3649855.0,2439,2439.TW
2026-03-16,84.0999984741211,84.0999984741211,1667197.0,2439,2439.TW
2026-03-17,84.80000305175781,84.80000305175781,1663666.0,2439,2439.TW
2026-03-18,85.5,85.5,2102232.0,2439,2439.TW
2026-03-19,83.80000305175781,83.80000305175781,1403400.0,2439,2439.TW
2026-03-20,85.5,85.5,2374052.0,2439,2439.TW
2026-03-23,83.30000305175781,83.30000305175781,1074842.0,2439,2439.TW
2026-03-24,84.5999984741211,84.5999984741211,1199122.0,2439,2439.TW
2026-03-25,85.0999984741211,85.0999984741211,948096.0,2439,2439.TW
2026-03-26,85.0,85.0,907301.0,2439,2439.TW
2026-03-27,85.30000305175781,85.30000305175781,815086.0,2439,2439.TW
2026-03-30,84.5999984741211,84.5999984741211,719080.0,2439,2439.TW
2026-03-31,83.5,83.5,907025.0,2439,2439.TW
2026-04-01,85.30000305175781,85.30000305175781,799169.0,2439,2439.TW
2026-04-02,83.80000305175781,83.80000305175781,724319.0,2439,2439.TW
2026-04-07,86.69999694824219,86.69999694824219,1772424.0,2439,2439.TW
2026-04-08,88.0,88.0,2196629.0,2439,2439.TW
2026-04-09,85.80000305175781,85.80000305175781,1656668.0,2439,2439.TW
2026-04-10,86.0,86.0,1374041.0,2439,2439.TW
2026-04-13,86.80000305175781,86.80000305175781,1192151.0,2439,2439.TW
2026-04-14,87.0,87.0,1418763.0,2439,2439.TW
2026-04-15,88.19999694824219,88.19999694824219,2839654.0,2439,2439.TW
2026-04-16,88.9000015258789,88.9000015258789,2723727.0,2439,2439.TW
2026-04-17,90.0,90.0,2869405.0,2439,2439.TW
2026-04-20,88.0,88.0,2620048.0,2439,2439.TW
2026-04-21,89.19999694824219,89.19999694824219,2800236.0,2439,2439.TW
2026-04-22,89.0,89.0,1540200.0,2439,2439.TW
2026-04-23,86.69999694824219,86.69999694824219,2947106.0,2439,2439.TW
2026-04-24,86.69999694824219,86.69999694824219,2902005.0,2439,2439.TW
2026-04-27,88.69999694824219,88.69999694824219,2307378.0,2439,2439.TW
2026-04-28,87.80000305175781,87.80000305175781,1473309.0,2439,2439.TW
2026-04-29,88.4000015258789,88.4000015258789,2601161.0,2439,2439.TW
2026-04-30,86.0,86.0,3803932.0,2439,2439.TW
2026-05-04,88.5999984741211,88.5999984741211,3419576.0,2439,2439.TW
2026-05-05,89.5,89.5,2041285.0,2439,2439.TW
2026-05-06,87.19999694824219,87.19999694824219,3302606.0,2439,2439.TW
2026-05-07,86.5,86.5,2375146.0,2439,2439.TW
2026-05-08,86.19999694824219,86.19999694824219,1298473.0,2439,2439.TW
2026-05-11,86.4000015258789,86.4000015258789,1433518.0,2439,2439.TW
2026-05-12,85.5999984741211,85.5999984741211,1277130.0,2439,2439.TW
2026-05-13,84.19999694824219,84.19999694824219,1553136.0,2439,2439.TW
2026-05-14,84.19999694824219,84.19999694824219,1293509.0,2439,2439.TW
2026-05-15,83.69999694824219,83.69999694824219,1398654.0,2439,2439.TW
2026-05-18,85.19999694824219,85.19999694824219,1365783.0,2439,2439.TW
2026-05-19,85.19999694824219,85.19999694824219,1849337.0,2439,2439.TW
2026-05-20,85.30000305175781,85.30000305175781,2082505.0,2439,2439.TW
2026-05-21,85.80000305175781,85.80000305175781,2051642.0,2439,2439.TW
2026-05-22,88.30000305175781,88.30000305175781,4031574.0,2439,2439.TW
2026-05-25,88.19999694824219,88.19999694824219,3021206.0,2439,2439.TW
2026-05-26,92.30000305175781,92.30000305175781,10782817.0,2439,2439.TW
2026-05-27,90.69999694824219,90.69999694824219,6932399.0,2439,2439.TW
2026-05-28,91.5,91.5,3814207.0,2439,2439.TW
2026-05-29,91.80000305175781,91.80000305175781,2685016.0,2439,2439.TW
2026-06-01,91.5999984741211,91.5999984741211,3179792.0,2439,2439.TW
2026-06-02,93.5,93.5,4716386.0,2439,2439.TW
2026-06-03,94.0,94.0,3505310.0,2439,2439.TW
2026-06-04,92.5999984741211,92.5999984741211,2754696.0,2439,2439.TW
2026-06-05,91.9000015258789,91.9000015258789,2132204.0,2439,2439.TW
2026-06-08,90.0999984741211,90.0999984741211,2484127.0,2439,2439.TW
2026-06-09,90.5999984741211,90.5999984741211,1560224.0,2439,2439.TW
2026-06-10,89.5,89.5,1583582.0,2439,2439.TW
2026-06-11,89.4000015258789,89.4000015258789,1719196.0,2439,2439.TW
2026-06-12,92.30000305175781,92.30000305175781,5573051.0,2439,2439.TW
2026-06-15,90.80000305175781,90.80000305175781,3082558.0,2439,2439.TW
2026-06-16,89.5,89.5,1899053.0,2439,2439.TW
2026-06-17,92.80000305175781,92.80000305175781,4689495.0,2439,2439.TW
2026-06-18,92.4000015258789,92.4000015258789,2458862.0,2439,2439.TW
2026-06-22,92.80000305175781,92.80000305175781,1807186.0,2439,2439.TW
2026-06-23,91.0999984741211,91.0999984741211,1536647.0,2439,2439.TW
2026-06-24,91.80000305175781,91.80000305175781,989530.0,2439,2439.TW
2026-06-25,91.5999984741211,91.5999984741211,1757773.0,2439,2439.TW
2026-06-26,89.5999984741211,89.5999984741211,2037449.0,2439,2439.TW
2026-06-29,89.5999984741211,89.5999984741211,1449396.0,2439,2439.TW
2026-06-30,90.19999694824219,90.19999694824219,1655267.0,2439,2439.TW
2026-07-01,89.5,89.5,2464111.0,2439,2439.TW
2026-07-02,90.0,90.0,1588484.0,2439,2439.TW
2026-07-03,92.19999694824219,92.19999694824219,2647625.0,2439,2439.TW
2026-07-06,91.80000305175781,91.80000305175781,2167528.0,2439,2439.TW
2026-07-07,89.4000015258789,89.4000015258789,1927502.0,2439,2439.TW
2026-07-08,89.30000305175781,89.30000305175781,731500.0,2439,2439.TW
2026-07-09,88.9000015258789,88.9000015258789,1044158.0,2439,2439.TW
2026-07-10,88.9000015258789,88.9000015258789,0.0,2439,2439.TW
2026-07-13,87.0,87.0,1948823.0,2439,2439.TW
2026-07-14,86.0,86.0,1860404.0,2439,2439.TW
2026-07-15,86.0999984741211,86.0999984741211,1185825.0,2439,2439.TW
2026-07-16,85.80000305175781,85.80000305175781,1050355.0,2439,2439.TW
2026-07-17,82.0999984741211,82.0999984741211,2194544.0,2439,2439.TW
2026-07-20,82.19999694824219,82.19999694824219,1347114.0,2439,2439.TW
2026-07-21,84.69999694824219,84.69999694824219,1009050.0,2439,2439.TW
2026-07-22,84.4000015258789,84.4000015258789,615304.0,2439,2439.TW
2026-07-23,83.5999984741211,83.5999984741211,723998.0,2439,2439.TW
2026-07-24,82.9000015258789,82.9000015258789,1011955.0,2439,2439.TW
2026-07-27,83.9000015258789,83.9000015258789,585030.0,2439,2439.TW
2026-07-28,81.9000015258789,81.9000015258789,1313611.0,2439,2439.TW
2026-07-29,81.30000305175781,81.30000305175781,1687700.0,2439,2439.TW
2026-07-30,80.9000015258789,80.9000015258789,1157753.0,2439,2439.TW
2026-07-31,80.19999694824219,80.19999694824219,2757544.0,2439,2439.TW
2025-05-27,2166.897216796875,2240.0,453134.0,3008,3008.TW
2025-05-28,2195.918212890625,2270.0,520125.0,3008,3008.TW
2025-05-29,2239.44970703125,2315.0,1073554.0,3008,3008.TW
2025-06-02,2195.918212890625,2270.0,518159.0,3008,3008.TW
2025-06-03,2176.57080078125,2250.0,493310.0,3008,3008.TW
2025-06-04,2244.286376953125,2320.0,517096.0,3008,3008.TW
2025-06-05,2244.286376953125,2320.0,386411.0,3008,3008.TW
2025-06-06,2239.44970703125,2315.0,286890.0,3008,3008.TW
2025-06-09,2258.796875,2335.0,365159.0,3008,3008.TW
2025-06-10,2253.960205078125,2330.0,409637.0,3008,3008.TW
2025-06-11,2287.81787109375,2365.0,292418.0,3008,3008.TW
2025-06-12,2278.14404296875,2355.0,338061.0,3008,3008.TW
2025-06-13,2253.960205078125,2330.0,423453.0,3008,3008.TW
2025-06-16,2282.98095703125,2360.0,221776.0,3008,3008.TW
2025-06-17,2302.328125,2380.0,637341.0,3008,3008.TW
2025-06-18,2302.328125,2380.0,562637.0,3008,3008.TW
2025-06-19,2278.14404296875,2355.0,198446.0,3008,3008.TW
2025-06-20,2268.470458984375,2345.0,372377.0,3008,3008.TW
2025-06-23,2229.776123046875,2305.0,487495.0,3008,3008.TW
2025-06-24,2297.491455078125,2375.0,428184.0,3008,3008.TW
2025-06-25,2287.81787109375,2365.0,487301.0,3008,3008.TW
2025-06-26,2253.960205078125,2330.0,588607.0,3008,3008.TW
2025-06-27,2282.98095703125,2360.0,510327.0,3008,3008.TW
2025-06-30,2302.328125,2380.0,369369.0,3008,3008.TW
2025-07-01,2268.470458984375,2345.0,489199.0,3008,3008.TW
2025-07-02,2268.470458984375,2345.0,174124.0,3008,3008.TW
2025-07-03,2239.44970703125,2315.0,300417.0,3008,3008.TW
2025-07-04,2181.40771484375,2255.0,563498.0,3008,3008.TW
2025-07-07,2113.692138671875,2185.0,753503.0,3008,3008.TW
2025-07-08,2089.508056640625,2160.0,419743.0,3008,3008.TW
2025-07-09,2113.692138671875,2185.0,347190.0,3008,3008.TW
2025-07-10,2118.529052734375,2190.0,481833.0,3008,3008.TW
2025-07-11,2210.4287109375,2285.0,1704524.0,3008,3008.TW
2025-07-14,2171.73388671875,2245.0,559008.0,3008,3008.TW
2025-07-15,2186.244384765625,2260.0,364217.0,3008,3008.TW
2025-07-16,2224.939208984375,2300.0,697486.0,3008,3008.TW
2025-07-17,2263.6337890625,2340.0,620553.0,3008,3008.TW
2025-07-18,2355.533447265625,2435.0,1375127.0,3008,3008.TW
2025-07-21,2374.880615234375,2455.0,751634.0,3008,3008.TW
2025-07-22,2355.533447265625,2435.0,982838.0,3008,3008.TW
2025-07-23,2282.98095703125,2360.0,666805.0,3008,3008.TW
2025-07-24,2321.67578125,2400.0,577611.0,3008,3008.TW
2025-07-25,2282.98095703125,2360.0,219820.0,3008,3008.TW
2025-07-28,2263.6337890625,2340.0,265550.0,3008,3008.TW
2025-07-29,2239.44970703125,2315.0,420595.0,3008,3008.TW
2025-07-30,2263.6337890625,2340.0,327542.0,3008,3008.TW
2025-07-31,2287.81787109375,2365.0,323544.0,3008,3008.TW
2025-08-04,2302.328125,2380.0,355305.0,3008,3008.TW
2025-08-05,2341.02294921875,2420.0,468093.0,3008,3008.TW
2025-08-06,2307.1650390625,2385.0,319059.0,3008,3008.TW
2025-08-07,2331.349365234375,2410.0,595377.0,3008,3008.TW
2025-08-08,2326.512451171875,2405.0,438702.0,3008,3008.TW
2025-08-11,2331.349365234375,2410.0,170416.0,3008,3008.TW
2025-08-12,2312.001953125,2390.0,338533.0,3008,3008.TW
2025-08-13,2341.02294921875,2420.0,600078.0,3008,3008.TW
2025-08-14,2343.958984375,2395.0,262248.0,3008,3008.TW
2025-08-15,2319.491943359375,2370.0,255641.0,3008,3008.TW
2025-08-18,2329.27880859375,2380.0,418148.0,3008,3008.TW
2025-08-19,2314.598388671875,2365.0,256409.0,3008,3008.TW
2025-08-20,2285.23779296875,2335.0,323604.0,3008,3008.TW
2025-08-21,2314.598388671875,2365.0,343236.0,3008,3008.TW
2025-08-22,2309.704833984375,2360.0,166273.0,3008,3008.TW
2025-08-25,2319.491943359375,2370.0,253348.0,3008,3008.TW
2025-08-26,2334.172119140625,2385.0,257238.0,3008,3008.TW
2025-08-27,2343.958984375,2395.0,345223.0,3008,3008.TW
2025-08-28,2343.958984375,2395.0,255367.0,3008,3008.TW
2025-08-29,2353.745849609375,2405.0,466190.0,3008,3008.TW
2025-09-01,2275.450927734375,2325.0,491006.0,3008,3008.TW
2025-09-02,2290.131103515625,2340.0,246798.0,3008,3008.TW
2025-09-03,2309.704833984375,2360.0,183158.0,3008,3008.TW
2025-09-04,2343.958984375,2395.0,550514.0,3008,3008.TW
2025-09-05,2353.745849609375,2405.0,259976.0,3008,3008.TW
2025-09-08,2348.8525390625,2400.0,427506.0,3008,3008.TW
2025-09-09,2329.27880859375,2380.0,353465.0,3008,3008.TW
2025-09-10,2309.704833984375,2360.0,654929.0,3008,3008.TW
2025-09-11,2270.557373046875,2320.0,632475.0,3008,3008.TW
2025-09-12,2250.983642578125,2300.0,549070.0,3008,3008.TW
2025-09-15,2275.450927734375,2325.0,416155.0,3008,3008.TW
2025-09-16,2250.983642578125,2300.0,614343.0,3008,3008.TW
2025-09-17,2250.983642578125,2300.0,613650.0,3008,3008.TW
2025-09-18,2265.6640625,2315.0,483300.0,3008,3008.TW
2025-09-19,2290.131103515625,2340.0,462336.0,3008,3008.TW
2025-09-22,2309.704833984375,2360.0,754198.0,3008,3008.TW
2025-09-23,2309.704833984375,2360.0,505111.0,3008,3008.TW
2025-09-24,2285.23779296875,2335.0,459218.0,3008,3008.TW
2025-09-25,2299.91796875,2350.0,250375.0,3008,3008.TW
2025-09-26,2270.557373046875,2320.0,579159.0,3008,3008.TW
2025-09-30,2299.91796875,2350.0,439068.0,3008,3008.TW
2025-10-01,2304.8115234375,2355.0,242287.0,3008,3008.TW
2025-10-02,2309.704833984375,2360.0,504317.0,3008,3008.TW
2025-10-03,2334.172119140625,2385.0,266447.0,3008,3008.TW
2025-10-07,2461.401611328125,2515.0,1439306.0,3008,3008.TW
2025-10-08,2432.041015625,2485.0,763523.0,3008,3008.TW
2025-10-09,2417.360595703125,2470.0,411297.0,3008,3008.TW
2025-10-13,2270.557373046875,2320.0,2336614.0,3008,3008.TW
2025-10-14,2192.26220703125,2240.0,1400531.0,3008,3008.TW
2025-10-15,2172.6884765625,2220.0,739335.0,3008,3008.TW
2025-10-16,2197.15576171875,2245.0,570975.0,3008,3008.TW
2025-10-17,2162.901611328125,2210.0,688824.0,3008,3008.TW
2025-10-20,2162.901611328125,2210.0,435300.0,3008,3008.TW
2025-10-21,2206.942626953125,2255.0,503532.0,3008,3008.TW
2025-10-22,2260.7705078125,2310.0,542941.0,3008,3008.TW
2025-10-23,2221.623046875,2270.0,375761.0,3008,3008.TW
2025-10-27,2202.04931640625,2250.0,520559.0,3008,3008.TW
2025-10-28,2172.6884765625,2220.0,393713.0,3008,3008.TW
2025-10-29,2172.6884765625,2220.0,255213.0,3008,3008.TW
2025-10-30,2162.901611328125,2210.0,495384.0,3008,3008.TW
2025-10-31,2167.795166015625,2215.0,452453.0,3008,3008.TW
2025-11-03,2197.15576171875,2245.0,430365.0,3008,3008.TW
2025-11-04,2167.795166015625,2215.0,304565.0,3008,3008.TW
2025-11-05,2153.11474609375,2200.0,461470.0,3008,3008.TW
2025-11-06,2162.901611328125,2210.0,390154.0,3008,3008.TW
2025-11-07,2158.00830078125,2205.0,479218.0,3008,3008.TW
2025-11-10,2197.15576171875,2245.0,395411.0,3008,3008.TW
2025-11-11,2167.795166015625,2215.0,315582.0,3008,3008.TW
2025-11-12,2187.368896484375,2235.0,254217.0,3008,3008.TW
2025-11-13,2187.368896484375,2235.0,228936.0,3008,3008.TW
2025-11-14,2153.11474609375,2200.0,323120.0,3008,3008.TW
2025-11-17,2084.606689453125,2130.0,610429.0,3008,3008.TW
2025-11-18,2025.88525390625,2070.0,583374.0,3008,3008.TW
2025-11-19,2030.7786865234375,2075.0,405246.0,3008,3008.TW
2025-11-20,2099.286865234375,2145.0,371281.0,3008,3008.TW
2025-11-21,2055.245849609375,2100.0,430476.0,3008,3008.TW
2025-11-24,2094.3935546875,2140.0,517275.0,3008,3008.TW
2025-11-25,2118.860595703125,2165.0,232317.0,3008,3008.TW
2025-11-26,2167.795166015625,2215.0,302491.0,3008,3008.TW
2025-11-27,2158.00830078125,2205.0,139316.0,3008,3008.TW
2025-11-28,2158.00830078125,2205.0,290309.0,3008,3008.TW
2025-12-01,2133.541015625,2180.0,261424.0,3008,3008.TW
2025-12-02,2128.6474609375,2175.0,207389.0,3008,3008.TW
2025-12-03,2113.96728515625,2160.0,441327.0,3008,3008.TW
2025-12-04,2113.96728515625,2160.0,240196.0,3008,3008.TW
2025-12-05,2094.3935546875,2140.0,485772.0,3008,3008.TW
2025-12-08,2055.245849609375,2100.0,694037.0,3008,3008.TW
2025-12-09,2025.88525390625,2070.0,560669.0,3008,3008.TW
2025-12-10,2040.5655517578125,2085.0,444223.0,3008,3008.TW
2025-12-11,2035.672119140625,2080.0,437662.0,3008,3008.TW
2025-12-12,2016.098388671875,2060.0,326729.0,3008,3008.TW
2025-12-15,2006.3115234375,2050.0,309880.0,3008,3008.TW
2025-12-16,1981.84423828125,2025.0,439890.0,3008,3008.TW
2025-12-17,1996.524658203125,2040.0,366176.0,3008,3008.TW
2025-12-18,1986.73779296875,2030.0,265500.0,3008,3008.TW
2025-12-19,2016.098388671875,2060.0,289692.0,3008,3008.TW
2025-12-22,2192.26220703125,2240.0,1331807.0,3008,3008.TW
2025-12-23,2197.15576171875,2245.0,534681.0,3008,3008.TW
2025-12-24,2202.04931640625,2250.0,1331847.0,3008,3008.TW
2025-12-26,2334.172119140625,2385.0,1924054.0,3008,3008.TW
2025-12-29,2446.721435546875,2500.0,3308470.0,3008,3008.TW
2025-12-30,2417.360595703125,2470.0,1645316.0,3008,3008.TW
2025-12-31,2441.827880859375,2495.0,1256610.0,3008,3008.TW
2026-01-02,2529.909912109375,2585.0,1305334.0,3008,3008.TW
2026-01-05,2480.975341796875,2535.0,2248888.0,3008,3008.TW
2026-01-06,2520.123046875,2575.0,1530962.0,3008,3008.TW
2026-01-07,2495.65576171875,2550.0,1411732.0,3008,3008.TW
2026-01-08,2422.254150390625,2475.0,1096148.0,3008,3008.TW
2026-01-09,2476.08203125,2530.0,2319338.0,3008,3008.TW
2026-01-12,2436.9345703125,2490.0,1097417.0,3008,3008.TW
2026-01-13,2378.213134765625,2430.0,1287287.0,3008,3008.TW
2026-01-14,2373.31982421875,2425.0,617965.0,3008,3008.TW
2026-01-15,2353.745849609375,2405.0,599785.0,3008,3008.TW
2026-01-16,2378.213134765625,2430.0,866506.0,3008,3008.TW
2026-01-19,2397.786865234375,2450.0,854404.0,3008,3008.TW
2026-01-20,2378.213134765625,2430.0,643332.0,3008,3008.TW
2026-01-21,2388.0,2440.0,1053645.0,3008,3008.TW
2026-01-22,2383.106689453125,2435.0,875398.0,3008,3008.TW
2026-01-23,2407.57373046875,2460.0,427739.0,3008,3008.TW
2026-01-26,2397.786865234375,2450.0,632636.0,3008,3008.TW
2026-01-27,2383.106689453125,2435.0,709964.0,3008,3008.TW
2026-01-28,2388.0,2440.0,600383.0,3008,3008.TW
2026-01-29,2373.31982421875,2425.0,823343.0,3008,3008.TW
2026-01-30,2358.639404296875,2410.0,948737.0,3008,3008.TW
2026-02-02,2304.8115234375,2355.0,770230.0,3008,3008.TW
2026-02-03,2299.91796875,2350.0,549876.0,3008,3008.TW
2026-02-04,2314.598388671875,2365.0,327569.0,3008,3008.TW
2026-02-05,2250.983642578125,2300.0,399978.0,3008,3008.TW
2026-02-06,2280.34423828125,2330.0,594826.0,3008,3008.TW
2026-02-09,2241.19677734375,2290.0,457428.0,3008,3008.TW
2026-02-10,2275.450927734375,2325.0,340472.0,3008,3008.TW
2026-02-11,2241.19677734375,2290.0,446947.0,3008,3008.TW
2026-02-23,2319.491943359375,2370.0,1170430.0,3008,3008.TW
2026-02-24,2378.213134765625,2430.0,918194.0,3008,3008.TW
2026-02-25,2363.53271484375,2415.0,1380791.0,3008,3008.TW
2026-02-26,2466.295166015625,2520.0,1507245.0,3008,3008.TW
2026-03-02,2402.680419921875,2455.0,892640.0,3008,3008.TW
2026-03-03,2397.786865234375,2450.0,886991.0,3008,3008.TW
2026-03-04,2255.877197265625,2305.0,1414187.0,3008,3008.TW
2026-03-05,2309.704833984375,2360.0,817903.0,3008,3008.TW
2026-03-06,2329.27880859375,2380.0,578715.0,3008,3008.TW
2026-03-09,2236.30322265625,2285.0,1222129.0,3008,3008.TW
2026-03-10,2250.983642578125,2300.0,872513.0,3008,3008.TW
2026-03-11,2339.065673828125,2390.0,885213.0,3008,3008.TW
2026-03-12,2304.8115234375,2355.0,924485.0,3008,3008.TW
2026-03-13,2295.024658203125,2345.0,761619.0,3008,3008.TW
2026-03-16,2255.877197265625,2305.0,414449.0,3008,3008.TW
2026-03-17,2348.8525390625,2400.0,747809.0,3008,3008.TW
2026-03-18,2388.0,2440.0,997262.0,3008,3008.TW
2026-03-19,2320.0,2320.0,816846.0,3008,3008.TW
2026-03-20,2355.0,2355.0,800249.0,3008,3008.TW
2026-03-23,2235.0,2235.0,1139719.0,3008,3008.TW
2026-03-24,2240.0,2240.0,488398.0,3008,3008.TW
2026-03-25,2220.0,2220.0,694199.0,3008,3008.TW
2026-03-26,2210.0,2210.0,424927.0,3008,3008.TW
2026-03-27,2220.0,2220.0,515346.0,3008,3008.TW
2026-03-30,2180.0,2180.0,470604.0,3008,3008.TW
2026-03-31,2155.0,2155.0,767043.0,3008,3008.TW
2026-04-01,2190.0,2190.0,357355.0,3008,3008.TW
2026-04-02,2140.0,2140.0,414597.0,3008,3008.TW
2026-04-07,2170.0,2170.0,491369.0,3008,3008.TW
2026-04-08,2280.0,2280.0,877928.0,3008,3008.TW
2026-04-09,2280.0,2280.0,686925.0,3008,3008.TW
2026-04-10,2310.0,2310.0,341444.0,3008,3008.TW
2026-04-13,2430.0,2430.0,1221035.0,3008,3008.TW
2026-04-14,2670.0,2670.0,3258173.0,3008,3008.TW
2026-04-15,2820.0,2820.0,3967308.0,3008,3008.TW
2026-04-16,2820.0,2820.0,2710812.0,3008,3008.TW
2026-04-17,2605.0,2605.0,3979619.0,3008,3008.TW
2026-04-20,2710.0,2710.0,2462299.0,3008,3008.TW
2026-04-21,2645.0,2645.0,1546132.0,3008,3008.TW
2026-04-22,2585.0,2585.0,1516368.0,3008,3008.TW
2026-04-23,2485.0,2485.0,1983692.0,3008,3008.TW
2026-04-24,2520.0,2520.0,1442606.0,3008,3008.TW
2026-04-27,2615.0,2615.0,2368224.0,3008,3008.TW
2026-04-28,2580.0,2580.0,1268001.0,3008,3008.TW
2026-04-29,2595.0,2595.0,1444866.0,3008,3008.TW
2026-04-30,2515.0,2515.0,953183.0,3008,3008.TW
2026-05-04,2575.0,2575.0,1218519.0,3008,3008.TW
2026-05-05,2545.0,2545.0,648006.0,3008,3008.TW
2026-05-06,2520.0,2520.0,1216076.0,3008,3008.TW
2026-05-07,2575.0,2575.0,1083126.0,3008,3008.TW
2026-05-08,2570.0,2570.0,1269577.0,3008,3008.TW
2026-05-11,2545.0,2545.0,764435.0,3008,3008.TW
2026-05-12,2795.0,2795.0,2803108.0,3008,3008.TW
2026-05-13,2850.0,2850.0,4030772.0,3008,3008.TW
2026-05-14,3135.0,3135.0,3787771.0,3008,3008.TW
2026-05-15,3445.0,3445.0,2780541.0,3008,3008.TW
2026-05-18,3290.0,3290.0,4078725.0,3008,3008.TW
2026-05-19,3365.0,3365.0,5525558.0,3008,3008.TW
2026-05-20,3200.0,3200.0,1014625.0,3008,3008.TW
2026-05-21,3460.0,3460.0,1563543.0,3008,3008.TW
2026-05-22,3540.0,3540.0,1137340.0,3008,3008.TW
2026-05-25,3845.0,3845.0,1271411.0,3008,3008.TW
2026-05-26,3665.0,3665.0,922219.0,3008,3008.TW
2026-05-27,3505.0,3505.0,1111158.0,3008,3008.TW
2026-05-28,3425.0,3425.0,1163748.0,3008,3008.TW
2026-05-29,3515.0,3515.0,1357332.0,3008,3008.TW
2026-06-01,3835.0,3835.0,1138603.0,3008,3008.TW
2026-06-02,3850.0,3850.0,788664.0,3008,3008.TW
2026-06-03,3985.0,3985.0,3387453.0,3008,3008.TW
2026-06-04,3825.0,3825.0,2348082.0,3008,3008.TW
2026-06-05,3680.0,3680.0,1997929.0,3008,3008.TW
2026-06-08,3535.0,3535.0,2484239.0,3008,3008.TW
2026-06-09,3885.0,3885.0,2084077.0,3008,3008.TW
2026-06-10,4130.0,4130.0,5542150.0,3008,3008.TW
2026-06-11,4165.0,4165.0,3951219.0,3008,3008.TW
2026-06-12,4020.0,4020.0,3219502.0,3008,3008.TW
2026-06-15,4420.0,4420.0,3302200.0,3008,3008.TW
2026-06-16,4860.0,4860.0,3037888.0,3008,3008.TW
2026-06-17,5145.0,5145.0,5202371.0,3008,3008.TW
2026-06-18,5195.0,5195.0,2793257.0,3008,3008.TW
2026-06-22,5185.0,5185.0,1701224.0,3008,3008.TW
2026-06-23,5000.0,5000.0,1699649.0,3008,3008.TW
2026-06-24,4900.0,4900.0,1836857.0,3008,3008.TW
2026-06-25,5165.0,5165.0,3162918.0,3008,3008.TW
2026-06-26,4720.0,4720.0,3025809.0,3008,3008.TW
2026-06-29,4380.0,4380.0,3417875.0,3008,3008.TW
2026-06-30,4290.0,4290.0,3823864.0,3008,3008.TW
2026-07-01,4330.0,4330.0,2599657.0,3008,3008.TW
2026-07-02,4295.0,4295.0,1577881.0,3008,3008.TW
2026-07-03,4230.0,4230.0,1344479.0,3008,3008.TW
2026-07-06,4135.0,4135.0,1845734.0,3008,3008.TW
2026-07-07,3890.0,3890.0,2185143.0,3008,3008.TW
2026-07-08,3950.0,3950.0,1623847.0,3008,3008.TW
2026-07-09,3950.0,3950.0,1516647.0,3008,3008.TW
2026-07-10,3950.0,3950.0,0.0,3008,3008.TW
2026-07-13,4345.0,4345.0,759099.0,3008,3008.TW
2026-07-14,4265.0,4265.0,4504070.0,3008,3008.TW
2026-07-15,4040.0,4040.0,3380182.0,3008,3008.TW
2026-07-16,4260.0,4260.0,2897608.0,3008,3008.TW
2026-07-17,4010.0,4010.0,1907312.0,3008,3008.TW
2026-07-20,3875.0,3875.0,1404844.0,3008,3008.TW
2026-07-21,3985.0,3985.0,1633798.0,3008,3008.TW
2026-07-22,4000.0,4000.0,2110237.0,3008,3008.TW
2026-07-23,4140.0,4140.0,1434143.0,3008,3008.TW
2026-07-24,3920.0,3920.0,1440851.0,3008,3008.TW
2026-07-27,4090.0,4090.0,2107256.0,3008,3008.TW
2026-07-28,3900.0,3900.0,2110033.0,3008,3008.TW
2026-07-29,3850.0,3850.0,3182153.0,3008,3008.TW
2026-07-30,3715.0,3715.0,2728418.0,3008,3008.TW
2026-07-31,4035.0,4035.0,2955795.0,3008,3008.TW
2025-05-27,1093.7249755859375,1115.0,425211.0,3443,3443.TW
2025-05-28,1137.8663330078125,1160.0,1237285.0,3443,3443.TW
2025-05-29,1142.7708740234375,1165.0,808470.0,3443,3443.TW
2025-06-02,1074.1065673828125,1095.0,1170576.0,3443,3443.TW
2025-06-03,1104.9659423828125,1110.0,724251.0,3443,3443.TW
2025-06-04,1174.6485595703125,1180.0,1478481.0,3443,3443.TW
2025-06-05,1174.6485595703125,1180.0,823311.0,3443,3443.TW
2025-06-06,1129.8526611328125,1135.0,902271.0,3443,3443.TW
2025-06-09,1119.89794921875,1125.0,719746.0,3443,3443.TW
2025-06-10,1144.7845458984375,1150.0,543769.0,3443,3443.TW
2025-06-11,1159.716552734375,1165.0,782199.0,3443,3443.TW
2025-06-12,1139.8072509765625,1145.0,920324.0,3443,3443.TW
2025-06-13,1090.0340576171875,1095.0,1684972.0,3443,3443.TW
2025-06-16,1065.1474609375,1070.0,1457781.0,3443,3443.TW
2025-06-17,1080.079345703125,1085.0,1140235.0,3443,3443.TW
2025-06-18,1060.1700439453125,1065.0,1278256.0,3443,3443.TW
2025-06-19,1060.1700439453125,1065.0,1623076.0,3443,3443.TW
2025-06-20,1060.1700439453125,1065.0,1219670.0,3443,3443.TW
2025-06-23,1060.1700439453125,1065.0,681145.0,3443,3443.TW
2025-06-24,1109.943359375,1115.0,2340241.0,3443,3443.TW
2025-06-25,1219.4444580078125,1225.0,4543777.0,3443,3443.TW
2025-06-26,1209.48974609375,1215.0,3260612.0,3443,3443.TW
2025-06-27,1299.0816650390625,1305.0,5866393.0,3443,3443.TW
2025-06-30,1299.0816650390625,1305.0,2465732.0,3443,3443.TW
2025-07-01,1304.0589599609375,1310.0,2062083.0,3443,3443.TW
2025-07-02,1318.990966796875,1325.0,1739361.0,3443,3443.TW
2025-07-03,1264.2403564453125,1270.0,2931851.0,3443,3443.TW
2025-07-04,1249.308349609375,1255.0,1549569.0,3443,3443.TW
2025-07-07,1254.2857666015625,1260.0,1294590.0,3443,3443.TW
2025-07-08,1214.4671630859375,1220.0,1869267.0,3443,3443.TW
2025-07-09,1219.4444580078125,1225.0,1310289.0,3443,3443.TW
2025-07-10,1229.3990478515625,1235.0,901581.0,3443,3443.TW
2025-07-11,1244.3310546875,1250.0,1364543.0,3443,3443.TW
2025-07-14,1209.48974609375,1215.0,1003852.0,3443,3443.TW
2025-07-15,1199.53515625,1205.0,1012363.0,3443,3443.TW
2025-07-16,1229.3990478515625,1235.0,2330420.0,3443,3443.TW
2025-07-17,1229.3990478515625,1235.0,908265.0,3443,3443.TW
2025-07-18,1234.37646484375,1240.0,1229412.0,3443,3443.TW
2025-07-21,1189.58056640625,1195.0,1439561.0,3443,3443.TW
2025-07-22,1164.69384765625,1170.0,1192042.0,3443,3443.TW
2025-07-23,1189.58056640625,1195.0,729279.0,3443,3443.TW
2025-07-24,1184.6031494140625,1190.0,779653.0,3443,3443.TW
2025-07-25,1219.4444580078125,1225.0,1923809.0,3443,3443.TW
2025-07-28,1229.3990478515625,1235.0,1347053.0,3443,3443.TW
2025-07-29,1204.512451171875,1210.0,950011.0,3443,3443.TW
2025-07-30,1194.557861328125,1200.0,1136786.0,3443,3443.TW
2025-07-31,1209.48974609375,1215.0,1401255.0,3443,3443.TW
2025-08-04,1244.3310546875,1250.0,1580742.0,3443,3443.TW
2025-08-05,1294.1043701171875,1300.0,2991839.0,3443,3443.TW
2025-08-06,1259.2630615234375,1265.0,1591002.0,3443,3443.TW
2025-08-07,1274.195068359375,1280.0,1233965.0,3443,3443.TW
2025-08-08,1224.4217529296875,1230.0,3114213.0,3443,3443.TW
2025-08-11,1194.557861328125,1200.0,3417758.0,3443,3443.TW
2025-08-12,1179.6258544921875,1185.0,1954231.0,3443,3443.TW
2025-08-13,1159.716552734375,1165.0,2853381.0,3443,3443.TW
2025-08-14,1199.53515625,1205.0,2056613.0,3443,3443.TW
2025-08-15,1199.53515625,1205.0,1024626.0,3443,3443.TW
2025-08-18,1194.557861328125,1200.0,1246651.0,3443,3443.TW
2025-08-19,1189.58056640625,1195.0,1950610.0,3443,3443.TW
2025-08-20,1154.7392578125,1160.0,1871377.0,3443,3443.TW
2025-08-21,1174.6485595703125,1180.0,828552.0,3443,3443.TW
2025-08-22,1184.6031494140625,1190.0,1685485.0,3443,3443.TW
2025-08-25,1294.1043701171875,1300.0,5186395.0,3443,3443.TW
2025-08-26,1388.6734619140625,1395.0,7599199.0,3443,3443.TW
2025-08-27,1338.9002685546875,1345.0,4461040.0,3443,3443.TW
2025-08-28,1343.8775634765625,1350.0,2582944.0,3443,3443.TW
2025-08-29,1323.96826171875,1330.0,3186060.0,3443,3443.TW
2025-09-01,1328.945556640625,1335.0,3042554.0,3443,3443.TW
2025-09-02,1304.0589599609375,1310.0,2707697.0,3443,3443.TW
2025-09-03,1304.0589599609375,1310.0,2852585.0,3443,3443.TW
2025-09-04,1294.1043701171875,1300.0,1089247.0,3443,3443.TW
2025-09-05,1338.9002685546875,1345.0,1997636.0,3443,3443.TW
2025-09-08,1338.9002685546875,1345.0,2164744.0,3443,3443.TW
2025-09-09,1393.6507568359375,1400.0,4235648.0,3443,3443.TW
2025-09-10,1378.7188720703125,1385.0,2713953.0,3443,3443.TW
2025-09-11,1383.6961669921875,1390.0,1956639.0,3443,3443.TW
2025-09-12,1368.76416015625,1375.0,2073172.0,3443,3443.TW
2025-09-15,1323.96826171875,1330.0,3881532.0,3443,3443.TW
2025-09-16,1309.0362548828125,1315.0,2304257.0,3443,3443.TW
2025-09-17,1284.149658203125,1290.0,1721753.0,3443,3443.TW
2025-09-18,1304.0589599609375,1310.0,1190893.0,3443,3443.TW
2025-09-19,1284.149658203125,1290.0,1041726.0,3443,3443.TW
2025-09-22,1294.1043701171875,1300.0,1763612.0,3443,3443.TW
2025-09-23,1309.0362548828125,1315.0,1939757.0,3443,3443.TW
2025-09-24,1294.1043701171875,1300.0,1155399.0,3443,3443.TW
2025-09-25,1304.0589599609375,1310.0,1480470.0,3443,3443.TW
2025-09-26,1249.308349609375,1255.0,3040490.0,3443,3443.TW
2025-09-30,1333.9229736328125,1340.0,3138712.0,3443,3443.TW
2025-10-01,1333.9229736328125,1340.0,2236057.0,3443,3443.TW
2025-10-02,1373.741455078125,1380.0,5732246.0,3443,3443.TW
2025-10-03,1368.76416015625,1375.0,2039073.0,3443,3443.TW
2025-10-07,1378.7188720703125,1385.0,2739258.0,3443,3443.TW
2025-10-08,1478.2652587890625,1485.0,8006964.0,3443,3443.TW
2025-10-09,1508.1292724609375,1515.0,5975134.0,3443,3443.TW
2025-10-13,1493.197265625,1500.0,3327665.0,3443,3443.TW
2025-10-14,1438.44677734375,1445.0,5579110.0,3443,3443.TW
2025-10-15,1468.3106689453125,1475.0,2561736.0,3443,3443.TW
2025-10-16,1463.3333740234375,1470.0,2529186.0,3443,3443.TW
2025-10-17,1488.219970703125,1495.0,2638499.0,3443,3443.TW
2025-10-20,1518.0838623046875,1525.0,2834671.0,3443,3443.TW
2025-10-21,1667.4036865234375,1675.0,6346666.0,3443,3443.TW
2025-10-22,1657.448974609375,1665.0,6020902.0,3443,3443.TW
2025-10-23,1607.67578125,1615.0,3631601.0,3443,3443.TW
2025-10-27,1592.7437744140625,1600.0,4717944.0,3443,3443.TW
2025-10-28,1473.2879638671875,1480.0,7994052.0,3443,3443.TW
2025-10-29,1463.3333740234375,1470.0,3344261.0,3443,3443.TW
2025-10-30,1433.4693603515625,1440.0,2817181.0,3443,3443.TW
2025-10-31,1523.061279296875,1530.0,6848926.0,3443,3443.TW
2025-11-03,1572.83447265625,1580.0,4519188.0,3443,3443.TW
2025-11-04,1627.5850830078125,1635.0,8114273.0,3443,3443.TW
2025-11-05,1597.7210693359375,1605.0,4746198.0,3443,3443.TW
2025-11-06,1727.131591796875,1735.0,8656118.0,3443,3443.TW
2025-11-07,1712.1995849609375,1720.0,4735725.0,3443,3443.TW
2025-11-10,1881.4285888671875,1890.0,6646302.0,3443,3443.TW
2025-11-11,1901.337890625,1910.0,8291979.0,3443,3443.TW
2025-11-12,1876.4512939453125,1885.0,4346459.0,3443,3443.TW
2025-11-13,1866.49658203125,1875.0,2865115.0,3443,3443.TW
2025-11-14,1871.4739990234375,1880.0,3207318.0,3443,3443.TW
2025-11-17,1931.2017822265625,1940.0,5846388.0,3443,3443.TW
2025-11-18,1861.519287109375,1870.0,3845000.0,3443,3443.TW
2025-11-19,1891.3831787109375,1900.0,3032104.0,3443,3443.TW
2025-11-20,1956.0885009765625,1965.0,5193723.0,3443,3443.TW
2025-11-21,1841.6099853515625,1850.0,3578611.0,3443,3443.TW
2025-11-24,1971.0203857421875,1980.0,5814157.0,3443,3443.TW
2025-11-25,2165.135986328125,2175.0,6694822.0,3443,3443.TW
2025-11-26,2160.15869140625,2170.0,4836333.0,3443,3443.TW
2025-11-27,2125.3173828125,2135.0,4144754.0,3443,3443.TW
2025-11-28,2249.75048828125,2260.0,4203362.0,3443,3443.TW
2025-12-01,2175.0908203125,2185.0,2953270.0,3443,3443.TW
2025-12-02,2160.15869140625,2170.0,2386336.0,3443,3443.TW
2025-12-03,2135.272216796875,2145.0,2050628.0,3443,3443.TW
2025-12-04,2115.36279296875,2125.0,1453359.0,3443,3443.TW
2025-12-05,2209.931884765625,2220.0,3204177.0,3443,3443.TW
2025-12-08,2145.226806640625,2155.0,2370818.0,3443,3443.TW
2025-12-09,2105.408203125,2115.0,2439484.0,3443,3443.TW
2025-12-10,2150.2041015625,2160.0,2254357.0,3443,3443.TW
2025-12-11,2175.0908203125,2185.0,3710756.0,3443,3443.TW
2025-12-12,2264.6826171875,2275.0,3818476.0,3443,3443.TW
2025-12-15,2190.022705078125,2200.0,2248782.0,3443,3443.TW
2025-12-16,2010.8389892578125,2020.0,5119788.0,3443,3443.TW
2025-12-17,2000.8843994140625,2010.0,2616336.0,3443,3443.TW
2025-12-18,2010.8389892578125,2020.0,1820640.0,3443,3443.TW
2025-12-19,2035.7255859375,2045.0,3259480.0,3443,3443.TW
2025-12-22,2000.8843994140625,2010.0,2210545.0,3443,3443.TW
2025-12-23,2015.8162841796875,2025.0,1091693.0,3443,3443.TW
2025-12-24,2015.8162841796875,2025.0,860446.0,3443,3443.TW
2025-12-26,2105.408203125,2115.0,3110198.0,3443,3443.TW
2025-12-29,2045.6802978515625,2055.0,1702489.0,3443,3443.TW
2025-12-30,2040.7030029296875,2050.0,1097110.0,3443,3443.TW
2025-12-31,2115.36279296875,2125.0,3072348.0,3443,3443.TW
2026-01-02,2175.0908203125,2185.0,3632611.0,3443,3443.TW
2026-01-05,2309.478515625,2320.0,3953860.0,3443,3443.TW
2026-01-06,2473.730224609375,2485.0,4844108.0,3443,3443.TW
2026-01-07,2478.70751953125,2490.0,3303168.0,3443,3443.TW
2026-01-08,2438.888916015625,2450.0,1767050.0,3443,3443.TW
2026-01-09,2354.2744140625,2365.0,2481379.0,3443,3443.TW
2026-01-12,2423.95703125,2435.0,2446953.0,3443,3443.TW
2026-01-13,2409.02490234375,2420.0,2372641.0,3443,3443.TW
2026-01-14,2409.02490234375,2420.0,3389873.0,3443,3443.TW
2026-01-15,2493.639404296875,2505.0,3080783.0,3443,3443.TW
2026-01-16,2498.61669921875,2510.0,3497334.0,3443,3443.TW
2026-01-19,2682.77783203125,2695.0,3561248.0,3443,3443.TW
2026-01-20,2687.755126953125,2700.0,1977384.0,3443,3443.TW
2026-01-21,2613.09521484375,2625.0,2546969.0,3443,3443.TW
2026-01-22,2563.322021484375,2575.0,3207042.0,3443,3443.TW
2026-01-23,2712.641845703125,2725.0,3902099.0,3443,3443.TW
2026-01-26,2608.117919921875,2620.0,3058233.0,3443,3443.TW
2026-01-27,2573.276611328125,2585.0,3716638.0,3443,3443.TW
2026-01-28,2568.29931640625,2580.0,2762920.0,3443,3443.TW
2026-01-29,2682.77783203125,2695.0,3938234.0,3443,3443.TW
2026-01-30,2608.117919921875,2620.0,4415043.0,3443,3443.TW
2026-02-02,2672.8232421875,2685.0,5033667.0,3443,3443.TW
2026-02-03,2692.732421875,2705.0,4392645.0,3443,3443.TW
2026-02-04,2518.526123046875,2530.0,4328215.0,3443,3443.TW
2026-02-05,2329.3876953125,2340.0,3642578.0,3443,3443.TW
2026-02-06,2364.22900390625,2375.0,3590645.0,3443,3443.TW
2026-02-09,2433.91162109375,2445.0,2386665.0,3443,3443.TW
2026-02-10,2493.639404296875,2505.0,1951873.0,3443,3443.TW
2026-02-11,2463.775634765625,2475.0,1250761.0,3443,3443.TW
2026-02-23,2359.251708984375,2370.0,3217514.0,3443,3443.TW
2026-02-24,2488.662109375,2500.0,2284000.0,3443,3443.TW
2026-02-25,2563.322021484375,2575.0,2213432.0,3443,3443.TW
2026-02-26,2757.437744140625,2770.0,4657119.0,3443,3443.TW
2026-03-02,2633.004638671875,2645.0,2588032.0,3443,3443.TW
2026-03-03,2478.70751953125,2490.0,2569367.0,3443,3443.TW
2026-03-04,2269.659912109375,2280.0,3561877.0,3443,3443.TW
2026-03-05,2344.31982421875,2355.0,1867613.0,3443,3443.TW
2026-03-06,2374.18359375,2385.0,1915767.0,3443,3443.TW
2026-03-09,2180.068115234375,2190.0,1817779.0,3443,3443.TW
2026-03-10,2234.818603515625,2245.0,1791514.0,3443,3443.TW
2026-03-11,2364.22900390625,2375.0,1646006.0,3443,3443.TW
2026-03-12,2279.614501953125,2290.0,2038423.0,3443,3443.TW
2026-03-13,2274.63720703125,2285.0,1450788.0,3443,3443.TW
2026-03-16,2249.75048828125,2260.0,1302523.0,3443,3443.TW
2026-03-17,2279.614501953125,2290.0,1392840.0,3443,3443.TW
2026-03-18,2503.59423828125,2515.0,2784653.0,3443,3443.TW
2026-03-19,2598.163330078125,2610.0,4488916.0,3443,3443.TW
2026-03-20,2633.004638671875,2645.0,3343005.0,3443,3443.TW
2026-03-23,2578.25390625,2590.0,1612731.0,3443,3443.TW
2026-03-24,2493.639404296875,2505.0,2016781.0,3443,3443.TW
2026-03-25,2463.775634765625,2475.0,2870335.0,3443,3443.TW
2026-03-26,2528.480712890625,2540.0,2629806.0,3443,3443.TW
2026-03-27,2448.843505859375,2460.0,1398103.0,3443,3443.TW
2026-03-30,2299.52392578125,2310.0,2318884.0,3443,3443.TW
2026-03-31,2155.181396484375,2165.0,2457343.0,3443,3443.TW
2026-04-01,2344.31982421875,2355.0,1872717.0,3443,3443.TW
2026-04-02,2309.478515625,2320.0,1659329.0,3443,3443.TW
2026-04-07,2354.2744140625,2365.0,927306.0,3443,3443.TW
2026-04-08,2498.61669921875,2510.0,3171764.0,3443,3443.TW
2026-04-09,2642.959228515625,2655.0,3186214.0,3443,3443.TW
2026-04-10,2652.913818359375,2665.0,2374272.0,3443,3443.TW
2026-04-13,2762.4150390625,2775.0,2833595.0,3443,3443.TW
2026-04-14,3036.167724609375,3050.0,3779730.0,3443,3443.TW
2026-04-15,3056.0771484375,3070.0,3605762.0,3443,3443.TW
2026-04-16,3329.830078125,3345.0,4048279.0,3443,3443.TW
2026-04-17,3240.238037109375,3255.0,1217554.0,3443,3443.TW
2026-04-20,3563.76416015625,3580.0,1066867.0,3443,3443.TW
2026-04-21,3718.061279296875,3735.0,1017133.0,3443,3443.TW
2026-04-22,3658.333251953125,3675.0,871862.0,3443,3443.TW
2026-04-23,3892.267578125,3910.0,1631352.0,3443,3443.TW
2026-04-24,4016.70068359375,4035.0,1700425.0,3443,3443.TW
2026-04-27,3937.0634765625,3955.0,1638724.0,3443,3443.TW
2026-04-28,4170.99755859375,4190.0,649674.0,3443,3443.TW
2026-04-29,4101.3154296875,4120.0,571449.0,3443,3443.TW
2026-04-30,4240.68017578125,4260.0,982159.0,3443,3443.TW
2026-05-04,4663.7529296875,4685.0,1524750.0,3443,3443.TW
2026-05-05,4813.07275390625,4835.0,4058922.0,3443,3443.TW
2026-05-06,4932.5283203125,4955.0,4715744.0,3443,3443.TW
2026-05-07,5425.28369140625,5450.0,2056982.0,3443,3443.TW
2026-05-08,5186.3720703125,5210.0,2752260.0,3443,3443.TW
2026-05-11,5704.013671875,5730.0,2305608.0,3443,3443.TW
2026-05-12,5544.7392578125,5570.0,2446783.0,3443,3443.TW
2026-05-13,5305.82763671875,5330.0,2554269.0,3443,3443.TW
2026-05-14,5051.984375,5075.0,2536937.0,3443,3443.TW
2026-05-15,4823.02734375,4845.0,3497431.0,3443,3443.TW
2026-05-18,4718.50341796875,4740.0,2336945.0,3443,3443.TW
2026-05-19,4444.75048828125,4465.0,2423362.0,3443,3443.TW
2026-05-20,4584.11572265625,4605.0,3185510.0,3443,3443.TW
2026-05-21,5042.029296875,5065.0,2777604.0,3443,3443.TW
2026-05-22,5116.689453125,5140.0,2559904.0,3443,3443.TW
2026-05-25,5285.91845703125,5310.0,2361778.0,3443,3443.TW
2026-05-26,5261.03173828125,5285.0,1855577.0,3443,3443.TW
2026-05-27,5076.87060546875,5100.0,2536041.0,3443,3443.TW
2026-05-28,4569.18359375,4590.0,3580640.0,3443,3443.TW
2026-05-29,4648.82080078125,4670.0,6675972.0,3443,3443.TW
2026-06-01,4633.88916015625,4655.0,3112176.0,3443,3443.TW
2026-06-02,4514.43310546875,4535.0,2656807.0,3443,3443.TW
2026-06-03,4584.11572265625,4605.0,1504444.0,3443,3443.TW
2026-06-04,4380.04541015625,4400.0,1279025.0,3443,3443.TW
2026-06-05,4390.0,4410.0,2274486.0,3443,3443.TW
2026-06-08,4255.0,4255.0,1759385.0,3443,3443.TW
2026-06-09,4310.0,4310.0,1688474.0,3443,3443.TW
2026-06-10,4025.0,4025.0,2551189.0,3443,3443.TW
2026-06-11,4105.0,4105.0,1952059.0,3443,3443.TW
2026-06-12,4380.0,4380.0,2089559.0,3443,3443.TW
2026-06-15,4815.0,4815.0,1033827.0,3443,3443.TW
2026-06-16,4920.0,4920.0,3025566.0,3443,3443.TW
2026-06-17,5075.0,5075.0,3046121.0,3443,3443.TW
2026-06-18,4860.0,4860.0,4599361.0,3443,3443.TW
2026-06-22,4755.0,4755.0,2824532.0,3443,3443.TW
2026-06-23,4725.0,4725.0,1824296.0,3443,3443.TW
2026-06-24,4880.0,4880.0,1664223.0,3443,3443.TW
2026-06-25,4850.0,4850.0,3031470.0,3443,3443.TW
2026-06-26,4420.0,4420.0,2095115.0,3443,3443.TW
2026-06-29,4420.0,4420.0,901426.0,3443,3443.TW
2026-06-30,4845.0,4845.0,1870998.0,3443,3443.TW
2026-07-01,5045.0,5045.0,2095627.0,3443,3443.TW
2026-07-02,5330.0,5330.0,2965410.0,3443,3443.TW
2026-07-03,5040.0,5040.0,1774905.0,3443,3443.TW
2026-07-06,4605.0,4605.0,2269541.0,3443,3443.TW
2026-07-07,4480.0,4480.0,2141446.0,3443,3443.TW
2026-07-08,4400.0,4400.0,1588310.0,3443,3443.TW
2026-07-09,4340.0,4340.0,1769027.0,3443,3443.TW
2026-07-10,4340.0,4340.0,0.0,3443,3443.TW
2026-07-13,4270.0,4270.0,1620685.0,3443,3443.TW
2026-07-14,4020.0,4020.0,2605906.0,3443,3443.TW
2026-07-15,4120.0,4120.0,1556409.0,3443,3443.TW
2026-07-16,4185.0,4185.0,807713.0,3443,3443.TW
2026-07-17,3835.0,3835.0,2227670.0,3443,3443.TW
2026-07-20,3745.0,3745.0,1723611.0,3443,3443.TW
2026-07-21,4115.0,4115.0,1357819.0,3443,3443.TW
2026-07-22,4370.0,4370.0,2406939.0,3443,3443.TW
2026-07-23,4380.0,4380.0,1271478.0,3443,3443.TW
2026-07-24,4070.0,4070.0,1847050.0,3443,3443.TW
2026-07-27,4050.0,4050.0,1769105.0,3443,3443.TW
2026-07-28,3660.0,3660.0,2207996.0,3443,3443.TW
2026-07-29,3295.0,3295.0,2309275.0,3443,3443.TW
2026-07-30,3460.0,3460.0,2822082.0,3443,3443.TW
2026-07-31,3805.0,3805.0,749786.0,3443,3443.TW
2025-05-27,1272.818359375,1310.0,823020.0,3533,3533.TW
2025-05-28,1282.5345458984375,1320.0,910514.0,3533,3533.TW
2025-05-29,1277.676513671875,1315.0,1427701.0,3533,3533.TW
2025-06-02,1209.663330078125,1245.0,1705054.0,3533,3533.TW
2025-06-03,1219.3795166015625,1255.0,1028139.0,3533,3533.TW
2025-06-04,1272.818359375,1310.0,1019219.0,3533,3533.TW
2025-06-05,1316.5411376953125,1355.0,2719731.0,3533,3533.TW
2025-06-06,1316.5411376953125,1355.0,1139487.0,3533,3533.TW
2025-06-09,1321.3992919921875,1360.0,1590180.0,3533,3533.TW
2025-06-10,1335.9735107421875,1375.0,1261448.0,3533,3533.TW
2025-06-11,1345.689697265625,1385.0,951973.0,3533,3533.TW
2025-06-12,1345.689697265625,1385.0,919687.0,3533,3533.TW
2025-06-13,1340.83154296875,1380.0,1015540.0,3533,3533.TW
2025-06-16,1335.9735107421875,1375.0,667159.0,3533,3533.TW
2025-06-17,1360.263916015625,1400.0,1695535.0,3533,3533.TW
2025-06-18,1394.2705078125,1435.0,3215455.0,3533,3533.TW
2025-06-19,1374.8382568359375,1415.0,1059304.0,3533,3533.TW
2025-06-20,1316.5411376953125,1355.0,1596030.0,3533,3533.TW
2025-06-23,1301.9669189453125,1340.0,659317.0,3533,3533.TW
2025-06-24,1340.83154296875,1380.0,690213.0,3533,3533.TW
2025-06-25,1360.263916015625,1400.0,705495.0,3533,3533.TW
2025-06-26,1316.5411376953125,1355.0,788394.0,3533,3533.TW
2025-06-27,1321.3992919921875,1360.0,509236.0,3533,3533.TW
2025-06-30,1311.68310546875,1350.0,464073.0,3533,3533.TW
2025-07-01,1321.3992919921875,1360.0,844905.0,3533,3533.TW
2025-07-02,1311.68310546875,1350.0,487042.0,3533,3533.TW
2025-07-03,1306.824951171875,1345.0,473147.0,3533,3533.TW
2025-07-04,1287.3927001953125,1325.0,506140.0,3533,3533.TW
2025-07-07,1301.9669189453125,1340.0,586662.0,3533,3533.TW
2025-07-08,1355.4058837890625,1395.0,1216569.0,3533,3533.TW
2025-07-09,1369.9801025390625,1410.0,1089368.0,3533,3533.TW
2025-07-10,1365.1220703125,1405.0,907096.0,3533,3533.TW
2025-07-11,1355.4058837890625,1395.0,646089.0,3533,3533.TW
2025-07-14,1340.83154296875,1380.0,354782.0,3533,3533.TW
2025-07-15,1394.2705078125,1435.0,844323.0,3533,3533.TW
2025-07-16,1394.2705078125,1435.0,1321262.0,3533,3533.TW
2025-07-17,1418.5609130859375,1460.0,1336310.0,3533,3533.TW
2025-07-18,1442.8514404296875,1485.0,663142.0,3533,3533.TW
2025-07-21,1437.9932861328125,1480.0,505244.0,3533,3533.TW
2025-07-22,1457.4256591796875,1500.0,1284577.0,3533,3533.TW
2025-07-23,1447.70947265625,1490.0,793151.0,3533,3533.TW
2025-07-24,1442.8514404296875,1485.0,579278.0,3533,3533.TW
2025-07-25,1433.13525390625,1475.0,670569.0,3533,3533.TW
2025-07-28,1433.13525390625,1475.0,363651.0,3533,3533.TW
2025-07-29,1437.9932861328125,1480.0,478035.0,3533,3533.TW
2025-07-30,1428.277099609375,1470.0,547459.0,3533,3533.TW
2025-07-31,1420.0,1420.0,790201.0,3533,3533.TW
2025-08-04,1425.0,1425.0,430287.0,3533,3533.TW
2025-08-05,1410.0,1410.0,413634.0,3533,3533.TW
2025-08-06,1405.0,1405.0,519215.0,3533,3533.TW
2025-08-07,1440.0,1440.0,376211.0,3533,3533.TW
2025-08-08,1495.0,1495.0,816678.0,3533,3533.TW
2025-08-11,1475.0,1475.0,766080.0,3533,3533.TW
2025-08-12,1450.0,1450.0,1261292.0,3533,3533.TW
2025-08-13,1365.0,1365.0,2204322.0,3533,3533.TW
2025-08-14,1320.0,1320.0,2995375.0,3533,3533.TW
2025-08-15,1305.0,1305.0,987107.0,3533,3533.TW
2025-08-18,1345.0,1345.0,823406.0,3533,3533.TW
2025-08-19,1325.0,1325.0,858679.0,3533,3533.TW
2025-08-20,1255.0,1255.0,1034646.0,3533,3533.TW
2025-08-21,1350.0,1350.0,1259017.0,3533,3533.TW
2025-08-22,1420.0,1420.0,2047393.0,3533,3533.TW
2025-08-25,1450.0,1450.0,1099520.0,3533,3533.TW
2025-08-26,1460.0,1460.0,702303.0,3533,3533.TW
2025-08-27,1455.0,1455.0,505145.0,3533,3533.TW
2025-08-28,1465.0,1465.0,558117.0,3533,3533.TW
2025-08-29,1455.0,1455.0,720722.0,3533,3533.TW
2025-09-01,1420.0,1420.0,637401.0,3533,3533.TW
2025-09-02,1400.0,1400.0,213300.0,3533,3533.TW
2025-09-03,1415.0,1415.0,350347.0,3533,3533.TW
2025-09-04,1410.0,1410.0,351181.0,3533,3533.TW
2025-09-05,1495.0,1495.0,1104621.0,3533,3533.TW
2025-09-08,1515.0,1515.0,759788.0,3533,3533.TW
2025-09-09,1525.0,1525.0,722400.0,3533,3533.TW
2025-09-10,1560.0,1560.0,1146217.0,3533,3533.TW
2025-09-11,1600.0,1600.0,1438436.0,3533,3533.TW
2025-09-12,1580.0,1580.0,693351.0,3533,3533.TW
2025-09-15,1540.0,1540.0,498298.0,3533,3533.TW
2025-09-16,1615.0,1615.0,741622.0,3533,3533.TW
2025-09-17,1710.0,1710.0,2004815.0,3533,3533.TW
2025-09-18,1660.0,1660.0,927560.0,3533,3533.TW
2025-09-19,1625.0,1625.0,772441.0,3533,3533.TW
2025-09-22,1625.0,1625.0,525082.0,3533,3533.TW
2025-09-23,1605.0,1605.0,410850.0,3533,3533.TW
2025-09-24,1575.0,1575.0,334202.0,3533,3533.TW
2025-09-25,1560.0,1560.0,410252.0,3533,3533.TW
2025-09-26,1520.0,1520.0,317613.0,3533,3533.TW
2025-09-30,1545.0,1545.0,550273.0,3533,3533.TW
2025-10-01,1525.0,1525.0,437430.0,3533,3533.TW
2025-10-02,1570.0,1570.0,524061.0,3533,3533.TW
2025-10-03,1510.0,1510.0,548268.0,3533,3533.TW
2025-10-07,1520.0,1520.0,569115.0,3533,3533.TW
2025-10-08,1520.0,1520.0,255062.0,3533,3533.TW
2025-10-09,1500.0,1500.0,782375.0,3533,3533.TW
2025-10-13,1460.0,1460.0,711178.0,3533,3533.TW
2025-10-14,1425.0,1425.0,1441176.0,3533,3533.TW
2025-10-15,1415.0,1415.0,818233.0,3533,3533.TW
2025-10-16,1450.0,1450.0,775097.0,3533,3533.TW
2025-10-17,1385.0,1385.0,1377507.0,3533,3533.TW
2025-10-20,1390.0,1390.0,884118.0,3533,3533.TW
2025-10-21,1430.0,1430.0,753455.0,3533,3533.TW
2025-10-22,1420.0,1420.0,449110.0,3533,3533.TW
2025-10-23,1425.0,1425.0,383200.0,3533,3533.TW
2025-10-27,1435.0,1435.0,688036.0,3533,3533.TW
2025-10-28,1385.0,1385.0,494101.0,3533,3533.TW
2025-10-29,1375.0,1375.0,546272.0,3533,3533.TW
2025-10-30,1380.0,1380.0,533282.0,3533,3533.TW
2025-10-31,1380.0,1380.0,350228.0,3533,3533.TW
2025-11-03,1410.0,1410.0,1043204.0,3533,3533.TW
2025-11-04,1400.0,1400.0,659104.0,3533,3533.TW
2025-11-05,1375.0,1375.0,580129.0,3533,3533.TW
2025-11-06,1385.0,1385.0,1145269.0,3533,3533.TW
2025-11-07,1345.0,1345.0,377759.0,3533,3533.TW
2025-11-10,1385.0,1385.0,453084.0,3533,3533.TW
2025-11-11,1295.0,1295.0,1348731.0,3533,3533.TW
2025-11-12,1250.0,1250.0,1813562.0,3533,3533.TW
2025-11-13,1245.0,1245.0,1284862.0,3533,3533.TW
2025-11-14,1220.0,1220.0,1090397.0,3533,3533.TW
2025-11-17,1210.0,1210.0,882115.0,3533,3533.TW
2025-11-18,1180.0,1180.0,991173.0,3533,3533.TW
2025-11-19,1170.0,1170.0,514820.0,3533,3533.TW
2025-11-20,1210.0,1210.0,973198.0,3533,3533.TW
2025-11-21,1155.0,1155.0,923730.0,3533,3533.TW
2025-11-24,1165.0,1165.0,1075453.0,3533,3533.TW
2025-11-25,1200.0,1200.0,869123.0,3533,3533.TW
2025-11-26,1230.0,1230.0,1007431.0,3533,3533.TW
2025-11-27,1305.0,1305.0,2114750.0,3533,3533.TW
2025-11-28,1310.0,1310.0,1516088.0,3533,3533.TW
2025-12-01,1275.0,1275.0,979025.0,3533,3533.TW
2025-12-02,1275.0,1275.0,334202.0,3533,3533.TW
2025-12-03,1275.0,1275.0,374390.0,3533,3533.TW
2025-12-04,1265.0,1265.0,376176.0,3533,3533.TW
2025-12-05,1270.0,1270.0,374508.0,3533,3533.TW
2025-12-08,1270.0,1270.0,364234.0,3533,3533.TW
2025-12-09,1305.0,1305.0,1023026.0,3533,3533.TW
2025-12-10,1345.0,1345.0,1392420.0,3533,3533.TW
2025-12-11,1325.0,1325.0,1154385.0,3533,3533.TW
2025-12-12,1300.0,1300.0,785945.0,3533,3533.TW
2025-12-15,1285.0,1285.0,595330.0,3533,3533.TW
2025-12-16,1280.0,1280.0,673680.0,3533,3533.TW
2025-12-17,1315.0,1315.0,1226181.0,3533,3533.TW
2025-12-18,1285.0,1285.0,897357.0,3533,3533.TW
2025-12-19,1305.0,1305.0,415258.0,3533,3533.TW
2025-12-22,1315.0,1315.0,461305.0,3533,3533.TW
2025-12-23,1295.0,1295.0,376070.0,3533,3533.TW
2025-12-24,1305.0,1305.0,248503.0,3533,3533.TW
2025-12-26,1290.0,1290.0,225404.0,3533,3533.TW
2025-12-29,1295.0,1295.0,291254.0,3533,3533.TW
2025-12-30,1290.0,1290.0,433656.0,3533,3533.TW
2025-12-31,1295.0,1295.0,340454.0,3533,3533.TW
2026-01-02,1295.0,1295.0,510171.0,3533,3533.TW
2026-01-05,1270.0,1270.0,605474.0,3533,3533.TW
2026-01-06,1280.0,1280.0,694827.0,3533,3533.TW
2026-01-07,1345.0,1345.0,1454924.0,3533,3533.TW
2026-01-08,1405.0,1405.0,3620843.0,3533,3533.TW
2026-01-09,1410.0,1410.0,2805686.0,3533,3533.TW
2026-01-12,1430.0,1430.0,1387830.0,3533,3533.TW
2026-01-13,1360.0,1360.0,1331080.0,3533,3533.TW
2026-01-14,1390.0,1390.0,816841.0,3533,3533.TW
2026-01-15,1375.0,1375.0,620679.0,3533,3533.TW
2026-01-16,1370.0,1370.0,680422.0,3533,3533.TW
2026-01-19,1430.0,1430.0,1636332.0,3533,3533.TW
2026-01-20,1425.0,1425.0,715511.0,3533,3533.TW
2026-01-21,1330.0,1330.0,1801803.0,3533,3533.TW
2026-01-22,1460.0,1460.0,2339789.0,3533,3533.TW
2026-01-23,1450.0,1450.0,1577672.0,3533,3533.TW
2026-01-26,1480.0,1480.0,2432490.0,3533,3533.TW
2026-01-27,1500.0,1500.0,1373774.0,3533,3533.TW
2026-01-28,1505.0,1505.0,1742448.0,3533,3533.TW
2026-01-29,1460.0,1460.0,1099563.0,3533,3533.TW
2026-01-30,1430.0,1430.0,1363629.0,3533,3533.TW
2026-02-02,1460.0,1460.0,2011234.0,3533,3533.TW
2026-02-03,1605.0,1605.0,3880399.0,3533,3533.TW
2026-02-04,1670.0,1670.0,3849823.0,3533,3533.TW
2026-02-05,1570.0,1570.0,2260400.0,3533,3533.TW
2026-02-06,1595.0,1595.0,1712264.0,3533,3533.TW
2026-02-09,1610.0,1610.0,2747726.0,3533,3533.TW
2026-02-10,1625.0,1625.0,1652389.0,3533,3533.TW
2026-02-11,1645.0,1645.0,1397616.0,3533,3533.TW
2026-02-23,1625.0,1625.0,1689769.0,3533,3533.TW
2026-02-24,1635.0,1635.0,733238.0,3533,3533.TW
2026-02-25,1795.0,1795.0,2792801.0,3533,3533.TW
2026-02-26,1775.0,1775.0,2900312.0,3533,3533.TW
2026-03-02,1700.0,1700.0,1966642.0,3533,3533.TW
2026-03-03,1660.0,1660.0,1917420.0,3533,3533.TW
2026-03-04,1495.0,1495.0,2436290.0,3533,3533.TW
2026-03-05,1585.0,1585.0,1262491.0,3533,3533.TW
2026-03-06,1565.0,1565.0,630749.0,3533,3533.TW
2026-03-09,1510.0,1510.0,1419300.0,3533,3533.TW
2026-03-10,1575.0,1575.0,1578249.0,3533,3533.TW
2026-03-11,1690.0,1690.0,2021562.0,3533,3533.TW
2026-03-12,1805.0,1805.0,2630162.0,3533,3533.TW
2026-03-13,1750.0,1750.0,2928883.0,3533,3533.TW
2026-03-16,1685.0,1685.0,1377763.0,3533,3533.TW
2026-03-17,1820.0,1820.0,2575610.0,3533,3533.TW
2026-03-18,1915.0,1915.0,3351769.0,3533,3533.TW
2026-03-19,2030.0,2030.0,2627115.0,3533,3533.TW
2026-03-20,2065.0,2065.0,2398281.0,3533,3533.TW
2026-03-23,1985.0,1985.0,2144462.0,3533,3533.TW
2026-03-24,1955.0,1955.0,1543666.0,3533,3533.TW
2026-03-25,2150.0,2150.0,2916639.0,3533,3533.TW
2026-03-26,2270.0,2270.0,2636577.0,3533,3533.TW
2026-03-27,2260.0,2260.0,1838287.0,3533,3533.TW
2026-03-30,2220.0,2220.0,2215909.0,3533,3533.TW
2026-03-31,2050.0,2050.0,3216306.0,3533,3533.TW
2026-04-01,2125.0,2125.0,2529425.0,3533,3533.TW
2026-04-02,2045.0,2045.0,1229656.0,3533,3533.TW
2026-04-07,2030.0,2030.0,1517707.0,3533,3533.TW
2026-04-08,2230.0,2230.0,1466213.0,3533,3533.TW
2026-04-09,2310.0,2310.0,1353291.0,3533,3533.TW
2026-04-10,2270.0,2270.0,1119452.0,3533,3533.TW
2026-04-13,2250.0,2250.0,858809.0,3533,3533.TW
2026-04-14,2225.0,2225.0,754219.0,3533,3533.TW
2026-04-15,2375.0,2375.0,1674266.0,3533,3533.TW
2026-04-16,2510.0,2510.0,1649505.0,3533,3533.TW
2026-04-17,2490.0,2490.0,675159.0,3533,3533.TW
2026-04-20,2625.0,2625.0,2158798.0,3533,3533.TW
2026-04-21,2635.0,2635.0,1312323.0,3533,3533.TW
2026-04-22,2650.0,2650.0,1056297.0,3533,3533.TW
2026-04-23,2460.0,2460.0,2685769.0,3533,3533.TW
2026-04-24,2520.0,2520.0,2318317.0,3533,3533.TW
2026-04-27,2710.0,2710.0,2427792.0,3533,3533.TW
2026-04-28,2670.0,2670.0,967350.0,3533,3533.TW
2026-04-29,2650.0,2650.0,688251.0,3533,3533.TW
2026-04-30,2615.0,2615.0,1083647.0,3533,3533.TW
2026-05-04,2610.0,2610.0,1544804.0,3533,3533.TW
2026-05-05,2490.0,2490.0,2061354.0,3533,3533.TW
2026-05-06,2735.0,2735.0,2179627.0,3533,3533.TW
2026-05-07,2850.0,2850.0,2186550.0,3533,3533.TW
2026-05-08,2700.0,2700.0,1696356.0,3533,3533.TW
2026-05-11,2845.0,2845.0,2038129.0,3533,3533.TW
2026-05-12,2800.0,2800.0,1124924.0,3533,3533.TW
2026-05-13,2595.0,2595.0,4146456.0,3533,3533.TW
2026-05-14,2450.0,2450.0,2928584.0,3533,3533.TW
2026-05-15,2330.0,2330.0,2125608.0,3533,3533.TW
2026-05-18,2325.0,2325.0,1157453.0,3533,3533.TW
2026-05-19,2325.0,2325.0,1294374.0,3533,3533.TW
2026-05-20,2360.0,2360.0,1550660.0,3533,3533.TW
2026-05-21,2525.0,2525.0,2314882.0,3533,3533.TW
2026-05-22,2555.0,2555.0,1466978.0,3533,3533.TW
2026-05-25,2585.0,2585.0,1201796.0,3533,3533.TW
2026-05-26,2640.0,2640.0,715328.0,3533,3533.TW
2026-05-27,2625.0,2625.0,1253367.0,3533,3533.TW
2026-05-28,2485.0,2485.0,1114260.0,3533,3533.TW
2026-05-29,2650.0,2650.0,1554138.0,3533,3533.TW
2026-06-01,2675.0,2675.0,744314.0,3533,3533.TW
2026-06-02,2615.0,2615.0,908369.0,3533,3533.TW
2026-06-03,2570.0,2570.0,1180952.0,3533,3533.TW
2026-06-04,2400.0,2400.0,2258938.0,3533,3533.TW
2026-06-05,2365.0,2365.0,1674593.0,3533,3533.TW
2026-06-08,2290.0,2290.0,971784.0,3533,3533.TW
2026-06-09,2335.0,2335.0,897441.0,3533,3533.TW
2026-06-10,2175.0,2175.0,1257156.0,3533,3533.TW
2026-06-11,2145.0,2145.0,1968375.0,3533,3533.TW
2026-06-12,2240.0,2240.0,662203.0,3533,3533.TW
2026-06-15,2300.0,2300.0,1585169.0,3533,3533.TW
2026-06-16,2295.0,2295.0,1214094.0,3533,3533.TW
2026-06-17,2300.0,2300.0,1431070.0,3533,3533.TW
2026-06-18,2290.0,2290.0,1055612.0,3533,3533.TW
2026-06-22,2315.0,2315.0,726261.0,3533,3533.TW
2026-06-23,2235.0,2235.0,685492.0,3533,3533.TW
2026-06-24,2235.0,2235.0,688018.0,3533,3533.TW
2026-06-25,2225.0,2225.0,543387.0,3533,3533.TW
2026-06-26,2105.0,2105.0,744519.0,3533,3533.TW
2026-06-29,2135.0,2135.0,659077.0,3533,3533.TW
2026-06-30,2110.0,2110.0,1062496.0,3533,3533.TW
2026-07-01,2160.0,2160.0,976347.0,3533,3533.TW
2026-07-02,2175.0,2175.0,627115.0,3533,3533.TW
2026-07-03,2175.0,2175.0,968162.0,3533,3533.TW
2026-07-06,2125.0,2125.0,1098001.0,3533,3533.TW
2026-07-07,1965.0,1965.0,801674.0,3533,3533.TW
2026-07-08,1990.0,1990.0,501961.0,3533,3533.TW
2026-07-09,1955.0,1955.0,366170.0,3533,3533.TW
2026-07-10,1955.0,1955.0,0.0,3533,3533.TW
2026-07-13,1980.0,1980.0,1274192.0,3533,3533.TW
2026-07-14,1925.0,1925.0,783119.0,3533,3533.TW
2026-07-15,2025.0,2025.0,982828.0,3533,3533.TW
2026-07-16,2020.0,2020.0,721213.0,3533,3533.TW
2026-07-17,1865.0,1865.0,1198249.0,3533,3533.TW
2026-07-20,1905.0,1905.0,1096170.0,3533,3533.TW
2026-07-21,2030.0,2030.0,681504.0,3533,3533.TW
2026-07-22,2010.0,2010.0,743090.0,3533,3533.TW
2026-07-23,2035.0,2035.0,893411.0,3533,3533.TW
2026-07-24,1970.0,1970.0,697125.0,3533,3533.TW
2026-07-27,1955.0,1955.0,553040.0,3533,3533.TW
2026-07-28,1835.0,1835.0,653173.0,3533,3533.TW
2026-07-29,1725.0,1725.0,1015201.0,3533,3533.TW
2026-07-30,1690.0,1690.0,1300253.0,3533,3533.TW
2026-07-31,1855.0,1855.0,1124464.0,3533,3533.TW
2025-05-27,2833.1630859375,2860.0,1946902.0,3661,3661.TW
2025-05-28,2828.2099609375,2855.0,2241397.0,3661,3661.TW
2025-05-29,2783.632080078125,2810.0,2331372.0,3661,3661.TW
2025-06-02,2694.476806640625,2720.0,2036953.0,3661,3661.TW
2025-06-03,2694.476806640625,2720.0,1553301.0,3661,3661.TW
2025-06-04,2778.67919921875,2805.0,1945729.0,3661,3661.TW
2025-06-05,2748.960693359375,2775.0,1327978.0,3661,3661.TW
2025-06-06,2768.77294921875,2795.0,856286.0,3661,3661.TW
2025-06-09,2699.4296875,2725.0,1845776.0,3661,3661.TW
2025-06-10,2729.148193359375,2755.0,1007637.0,3661,3661.TW
2025-06-11,2813.3505859375,2840.0,2259253.0,3661,3661.TW
2025-06-12,2753.913818359375,2780.0,1262925.0,3661,3661.TW
2025-06-13,2610.2744140625,2635.0,2778298.0,3661,3661.TW
2025-06-16,2610.2744140625,2635.0,1582791.0,3661,3661.TW
2025-06-17,2788.585205078125,2815.0,3625225.0,3661,3661.TW
2025-06-18,2778.67919921875,2805.0,2111446.0,3661,3661.TW
2025-06-19,2843.069091796875,2870.0,2614073.0,3661,3661.TW
2025-06-20,2773.72607421875,2800.0,2785099.0,3661,3661.TW
2025-06-23,2803.444580078125,2830.0,1648354.0,3661,3661.TW
2025-06-24,2744.007568359375,2770.0,2784527.0,3661,3661.TW
2025-06-25,2852.975341796875,2880.0,3604727.0,3661,3661.TW
2025-06-26,2852.975341796875,2880.0,2728179.0,3661,3661.TW
2025-06-27,2971.849365234375,3000.0,5329248.0,3661,3661.TW
2025-06-30,3065.957763671875,3095.0,3232712.0,3661,3661.TW
2025-07-01,3155.11328125,3185.0,3539077.0,3661,3661.TW
2025-07-02,3160.06640625,3190.0,1807217.0,3661,3661.TW
2025-07-03,3145.207275390625,3175.0,2516275.0,3661,3661.TW
2025-07-04,3160.06640625,3190.0,1832300.0,3661,3661.TW
2025-07-07,3189.784912109375,3220.0,1932163.0,3661,3661.TW
2025-07-08,3184.831787109375,3215.0,2263924.0,3661,3661.TW
2025-07-09,3333.42431640625,3365.0,2385410.0,3661,3661.TW
2025-07-10,3427.532958984375,3460.0,3293008.0,3661,3661.TW
2025-07-11,3397.814453125,3430.0,1613696.0,3661,3661.TW
2025-07-14,3278.9404296875,3310.0,1956005.0,3661,3661.TW
2025-07-15,3338.37744140625,3370.0,1821259.0,3661,3661.TW
2025-07-16,3566.21923828125,3600.0,4593663.0,3661,3661.TW
2025-07-17,3719.7646484375,3755.0,4134423.0,3661,3661.TW
2025-07-18,3893.12255859375,3930.0,4214435.0,3661,3661.TW
2025-07-21,3744.530029296875,3780.0,1995239.0,3661,3661.TW
2025-07-22,3685.09326171875,3720.0,2510766.0,3661,3661.TW
2025-07-23,3789.10791015625,3825.0,2113539.0,3661,3661.TW
2025-07-24,3937.700439453125,3975.0,3084847.0,3661,3661.TW
2025-07-25,3848.544921875,3885.0,2000598.0,3661,3661.TW
2025-07-28,3843.591796875,3880.0,1443667.0,3661,3661.TW
2025-07-29,3779.20166015625,3815.0,2002430.0,3661,3661.TW
2025-07-30,3714.811767578125,3750.0,1678407.0,3661,3661.TW
2025-07-31,3848.544921875,3885.0,1964507.0,3661,3661.TW
2025-08-04,3719.7646484375,3755.0,1880955.0,3661,3661.TW
2025-08-05,3714.811767578125,3750.0,1352649.0,3661,3661.TW
2025-08-06,3675.18701171875,3710.0,1917117.0,3661,3661.TW
2025-08-07,3729.6708984375,3765.0,1411912.0,3661,3661.TW
2025-08-08,3803.967041015625,3840.0,1607366.0,3661,3661.TW
2025-08-11,3873.310302734375,3910.0,2184769.0,3661,3661.TW
2025-08-12,4036.761962890625,4075.0,3009295.0,3661,3661.TW
2025-08-13,4081.33984375,4120.0,1987710.0,3661,3661.TW
2025-08-14,4210.1201171875,4250.0,3724024.0,3661,3661.TW
2025-08-15,4264.60400390625,4305.0,1882571.0,3661,3661.TW
2025-08-18,4190.3076171875,4230.0,1342364.0,3661,3661.TW
2025-08-19,3997.137451171875,4035.0,1769951.0,3661,3661.TW
2025-08-20,3625.65625,3660.0,4111043.0,3661,3661.TW
2025-08-21,3749.483154296875,3785.0,2914015.0,3661,3661.TW
2025-08-22,3655.374755859375,3690.0,1806822.0,3661,3661.TW
2025-08-25,3858.450927734375,3895.0,1806192.0,3661,3661.TW
2025-08-26,3942.6533203125,3980.0,1592942.0,3661,3661.TW
2025-08-27,4041.715087890625,4080.0,1325017.0,3661,3661.TW
2025-08-28,3962.4658203125,4000.0,1116016.0,3661,3661.TW
2025-08-29,4016.94970703125,4055.0,1598209.0,3661,3661.TW
2025-09-01,3878.263427734375,3915.0,1317005.0,3661,3661.TW
2025-09-02,3845.0,3845.0,1240837.0,3661,3661.TW
2025-09-03,3980.0,3980.0,1345693.0,3661,3661.TW
2025-09-04,3850.0,3850.0,1660240.0,3661,3661.TW
2025-09-05,3970.0,3970.0,1299204.0,3661,3661.TW
2025-09-08,3975.0,3975.0,1810022.0,3661,3661.TW
2025-09-09,3915.0,3915.0,1267284.0,3661,3661.TW
2025-09-10,3940.0,3940.0,1467904.0,3661,3661.TW
2025-09-11,3925.0,3925.0,1333086.0,3661,3661.TW
2025-09-12,3790.0,3790.0,1980615.0,3661,3661.TW
2025-09-15,3725.0,3725.0,1344803.0,3661,3661.TW
2025-09-16,3680.0,3680.0,1265342.0,3661,3661.TW
2025-09-17,3760.0,3760.0,2143117.0,3661,3661.TW
2025-09-18,3720.0,3720.0,1634204.0,3661,3661.TW
2025-09-19,3750.0,3750.0,1653734.0,3661,3661.TW
2025-09-22,3760.0,3760.0,1707921.0,3661,3661.TW
2025-09-23,3700.0,3700.0,1233331.0,3661,3661.TW
2025-09-24,3410.0,3410.0,3521983.0,3661,3661.TW
2025-09-25,3370.0,3370.0,1832055.0,3661,3661.TW
2025-09-26,3275.0,3275.0,2049714.0,3661,3661.TW
2025-09-30,3465.0,3465.0,2335900.0,3661,3661.TW
2025-10-01,3395.0,3395.0,1610145.0,3661,3661.TW
2025-10-02,3285.0,3285.0,2521827.0,3661,3661.TW
2025-10-03,3310.0,3310.0,1511795.0,3661,3661.TW
2025-10-07,3460.0,3460.0,2424752.0,3661,3661.TW
2025-10-08,3445.0,3445.0,1666354.0,3661,3661.TW
2025-10-09,3515.0,3515.0,1322300.0,3661,3661.TW
2025-10-13,3370.0,3370.0,1776222.0,3661,3661.TW
2025-10-14,3075.0,3075.0,5150594.0,3661,3661.TW
2025-10-15,3080.0,3080.0,2411222.0,3661,3661.TW
2025-10-16,3095.0,3095.0,1504923.0,3661,3661.TW
2025-10-17,3085.0,3085.0,1626158.0,3661,3661.TW
2025-10-20,3235.0,3235.0,2211865.0,3661,3661.TW
2025-10-21,3355.0,3355.0,2602160.0,3661,3661.TW
2025-10-22,3220.0,3220.0,2066455.0,3661,3661.TW
2025-10-23,3150.0,3150.0,1612734.0,3661,3661.TW
2025-10-27,3065.0,3065.0,2058988.0,3661,3661.TW
2025-10-28,3065.0,3065.0,1312644.0,3661,3661.TW
2025-10-29,3250.0,3250.0,3095990.0,3661,3661.TW
2025-10-30,3355.0,3355.0,2571347.0,3661,3661.TW
2025-10-31,3495.0,3495.0,2925794.0,3661,3661.TW
2025-11-03,3450.0,3450.0,1387450.0,3661,3661.TW
2025-11-04,3445.0,3445.0,1725251.0,3661,3661.TW
2025-11-05,3340.0,3340.0,2270502.0,3661,3661.TW
2025-11-06,3670.0,3670.0,3960159.0,3661,3661.TW
2025-11-07,3565.0,3565.0,2894092.0,3661,3661.TW
2025-11-10,3715.0,3715.0,2470956.0,3661,3661.TW
2025-11-11,3635.0,3635.0,1868222.0,3661,3661.TW
2025-11-12,3520.0,3520.0,1360821.0,3661,3661.TW
2025-11-13,3525.0,3525.0,898555.0,3661,3661.TW
2025-11-14,3510.0,3510.0,1549940.0,3661,3661.TW
2025-11-17,3610.0,3610.0,1436556.0,3661,3661.TW
2025-11-18,3250.0,3250.0,3320394.0,3661,3661.TW
2025-11-19,3320.0,3320.0,1927089.0,3661,3661.TW
2025-11-20,3075.0,3075.0,4720217.0,3661,3661.TW
2025-11-21,2990.0,2990.0,2067258.0,3661,3661.TW
2025-11-24,2970.0,2970.0,2649887.0,3661,3661.TW
2025-11-25,2950.0,2950.0,2439655.0,3661,3661.TW
2025-11-26,3110.0,3110.0,2245534.0,3661,3661.TW
2025-11-27,3285.0,3285.0,2674870.0,3661,3661.TW
2025-11-28,3305.0,3305.0,1941743.0,3661,3661.TW
2025-12-01,3290.0,3290.0,1565330.0,3661,3661.TW
2025-12-02,3420.0,3420.0,2193799.0,3661,3661.TW
2025-12-03,3190.0,3190.0,4096777.0,3661,3661.TW
2025-12-04,3170.0,3170.0,1507214.0,3661,3661.TW
2025-12-05,3155.0,3155.0,1666275.0,3661,3661.TW
2025-12-08,3120.0,3120.0,704570.0,3661,3661.TW
2025-12-09,3260.0,3260.0,1871823.0,3661,3661.TW
2025-12-10,3370.0,3370.0,1864766.0,3661,3661.TW
2025-12-11,3295.0,3295.0,1627270.0,3661,3661.TW
2025-12-12,3220.0,3220.0,1316924.0,3661,3661.TW
2025-12-15,3170.0,3170.0,896467.0,3661,3661.TW
2025-12-16,3015.0,3015.0,1722185.0,3661,3661.TW
2025-12-17,3200.0,3200.0,2275551.0,3661,3661.TW
2025-12-18,3170.0,3170.0,1755297.0,3661,3661.TW
2025-12-19,3215.0,3215.0,1794312.0,3661,3661.TW
2025-12-22,3225.0,3225.0,1421577.0,3661,3661.TW
2025-12-23,3220.0,3220.0,587591.0,3661,3661.TW
2025-12-24,3180.0,3180.0,725782.0,3661,3661.TW
2025-12-26,3215.0,3215.0,881898.0,3661,3661.TW
2025-12-29,3390.0,3390.0,2261193.0,3661,3661.TW
2025-12-30,3485.0,3485.0,2391763.0,3661,3661.TW
2025-12-31,3510.0,3510.0,1503847.0,3661,3661.TW
2026-01-02,3635.0,3635.0,3178142.0,3661,3661.TW
2026-01-05,3650.0,3650.0,1865637.0,3661,3661.TW
2026-01-06,3735.0,3735.0,2862869.0,3661,3661.TW
2026-01-07,3680.0,3680.0,2153188.0,3661,3661.TW
2026-01-08,3600.0,3600.0,1424788.0,3661,3661.TW
2026-01-09,3570.0,3570.0,1038006.0,3661,3661.TW
2026-01-12,3630.0,3630.0,1589703.0,3661,3661.TW
2026-01-13,3675.0,3675.0,1611937.0,3661,3661.TW
2026-01-14,3460.0,3460.0,2673458.0,3661,3661.TW
2026-01-15,3320.0,3320.0,2102162.0,3661,3661.TW
2026-01-16,3340.0,3340.0,1636791.0,3661,3661.TW
2026-01-19,3435.0,3435.0,2701412.0,3661,3661.TW
2026-01-20,3395.0,3395.0,1954037.0,3661,3661.TW
2026-01-21,3240.0,3240.0,1894608.0,3661,3661.TW
2026-01-22,3275.0,3275.0,1453914.0,3661,3661.TW
2026-01-23,3430.0,3430.0,2229945.0,3661,3661.TW
2026-01-26,3520.0,3520.0,1660391.0,3661,3661.TW
2026-01-27,3430.0,3430.0,2856635.0,3661,3661.TW
2026-01-28,3370.0,3370.0,1833624.0,3661,3661.TW
2026-01-29,3270.0,3270.0,2187488.0,3661,3661.TW
2026-01-30,3125.0,3125.0,2037273.0,3661,3661.TW
2026-02-02,3140.0,3140.0,1828698.0,3661,3661.TW
2026-02-03,3320.0,3320.0,2194460.0,3661,3661.TW
2026-02-04,3385.0,3385.0,2061372.0,3661,3661.TW
2026-02-05,3245.0,3245.0,2540304.0,3661,3661.TW
2026-02-06,3115.0,3115.0,2133485.0,3661,3661.TW
2026-02-09,3285.0,3285.0,1722328.0,3661,3661.TW
2026-02-10,3300.0,3300.0,1071166.0,3661,3661.TW
2026-02-11,3380.0,3380.0,1701624.0,3661,3661.TW
2026-02-23,3330.0,3330.0,1921746.0,3661,3661.TW
2026-02-24,3430.0,3430.0,2003036.0,3661,3661.TW
2026-02-25,3480.0,3480.0,1563234.0,3661,3661.TW
2026-02-26,3490.0,3490.0,1390247.0,3661,3661.TW
2026-03-02,3440.0,3440.0,1441346.0,3661,3661.TW
2026-03-03,3355.0,3355.0,1490379.0,3661,3661.TW
2026-03-04,3120.0,3120.0,2045856.0,3661,3661.TW
2026-03-05,3270.0,3270.0,1401074.0,3661,3661.TW
2026-03-06,3310.0,3310.0,1079078.0,3661,3661.TW
2026-03-09,2995.0,2995.0,2066193.0,3661,3661.TW
2026-03-10,3060.0,3060.0,1679857.0,3661,3661.TW
2026-03-11,3365.0,3365.0,1970507.0,3661,3661.TW
2026-03-12,3315.0,3315.0,1480176.0,3661,3661.TW
2026-03-13,3190.0,3190.0,1710149.0,3661,3661.TW
2026-03-16,3125.0,3125.0,1096478.0,3661,3661.TW
2026-03-17,3190.0,3190.0,1056551.0,3661,3661.TW
2026-03-18,3300.0,3300.0,1915113.0,3661,3661.TW
2026-03-19,3220.0,3220.0,1697482.0,3661,3661.TW
2026-03-20,3375.0,3375.0,3690486.0,3661,3661.TW
2026-03-23,3190.0,3190.0,1412348.0,3661,3661.TW
2026-03-24,3110.0,3110.0,1263587.0,3661,3661.TW
2026-03-25,3150.0,3150.0,973064.0,3661,3661.TW
2026-03-26,3065.0,3065.0,2064647.0,3661,3661.TW
2026-03-27,3040.0,3040.0,1412736.0,3661,3661.TW
2026-03-30,2750.0,2750.0,3597641.0,3661,3661.TW
2026-03-31,2485.0,2485.0,4317106.0,3661,3661.TW
2026-04-01,2730.0,2730.0,1572388.0,3661,3661.TW
2026-04-02,2705.0,2705.0,2122387.0,3661,3661.TW
2026-04-07,2705.0,2705.0,1245484.0,3661,3661.TW
2026-04-08,2860.0,2860.0,1897982.0,3661,3661.TW
2026-04-09,2895.0,2895.0,1537805.0,3661,3661.TW
2026-04-10,3025.0,3025.0,1763626.0,3661,3661.TW
2026-04-13,3090.0,3090.0,1857092.0,3661,3661.TW
2026-04-14,3200.0,3200.0,1932649.0,3661,3661.TW
2026-04-15,3210.0,3210.0,1640940.0,3661,3661.TW
2026-04-16,3475.0,3475.0,4432553.0,3661,3661.TW
2026-04-17,3515.0,3515.0,2844865.0,3661,3661.TW
2026-04-20,3625.0,3625.0,2734748.0,3661,3661.TW
2026-04-21,3985.0,3985.0,4105595.0,3661,3661.TW
2026-04-22,4065.0,4065.0,3171566.0,3661,3661.TW
2026-04-23,3980.0,3980.0,3783077.0,3661,3661.TW
2026-04-24,4215.0,4215.0,3040979.0,3661,3661.TW
2026-04-27,4160.0,4160.0,2470784.0,3661,3661.TW
2026-04-28,4000.0,4000.0,2149279.0,3661,3661.TW
2026-04-29,4005.0,4005.0,1591191.0,3661,3661.TW
2026-04-30,4135.0,4135.0,2531740.0,3661,3661.TW
2026-05-04,4250.0,4250.0,2625461.0,3661,3661.TW
2026-05-05,4150.0,4150.0,1679233.0,3661,3661.TW
2026-05-06,4565.0,4565.0,2936285.0,3661,3661.TW
2026-05-07,4795.0,4795.0,2862532.0,3661,3661.TW
2026-05-08,4890.0,4890.0,3032610.0,3661,3661.TW
2026-05-11,5375.0,5375.0,1161000.0,3661,3661.TW
2026-05-12,5310.0,5310.0,2851414.0,3661,3661.TW
2026-05-13,4780.0,4780.0,3232673.0,3661,3661.TW
2026-05-14,4830.0,4830.0,2981556.0,3661,3661.TW
2026-05-15,4605.0,4605.0,2492950.0,3661,3661.TW
2026-05-18,4590.0,4590.0,1794953.0,3661,3661.TW
2026-05-19,4430.0,4430.0,1293511.0,3661,3661.TW
2026-05-20,4600.0,4600.0,2089213.0,3661,3661.TW
2026-05-21,4905.0,4905.0,1589144.0,3661,3661.TW
2026-05-22,4895.0,4895.0,1506883.0,3661,3661.TW
2026-05-25,4900.0,4900.0,1435544.0,3661,3661.TW
2026-05-26,4640.0,4640.0,1628145.0,3661,3661.TW
2026-05-27,4500.0,4500.0,2211938.0,3661,3661.TW
2026-05-28,4300.0,4300.0,2104224.0,3661,3661.TW
2026-05-29,4415.0,4415.0,2023654.0,3661,3661.TW
2026-06-01,4855.0,4855.0,2126794.0,3661,3661.TW
2026-06-02,4575.0,4575.0,1861296.0,3661,3661.TW
2026-06-03,4595.0,4595.0,1082643.0,3661,3661.TW
2026-06-04,4340.0,4340.0,1250744.0,3661,3661.TW
2026-06-05,4285.0,4285.0,1467644.0,3661,3661.TW
2026-06-08,4170.0,4170.0,1356485.0,3661,3661.TW
2026-06-09,4250.0,4250.0,1024694.0,3661,3661.TW
2026-06-10,4040.0,4040.0,1275616.0,3661,3661.TW
2026-06-11,4060.0,4060.0,1855651.0,3661,3661.TW
2026-06-12,4105.0,4105.0,1247304.0,3661,3661.TW
2026-06-15,4250.0,4250.0,1204218.0,3661,3661.TW
2026-06-16,4315.0,4315.0,1046546.0,3661,3661.TW
2026-06-17,4320.0,4320.0,1505072.0,3661,3661.TW
2026-06-18,4380.0,4380.0,2106090.0,3661,3661.TW
2026-06-22,4325.0,4325.0,1887514.0,3661,3661.TW
2026-06-23,4375.0,4375.0,2086224.0,3661,3661.TW
2026-06-24,4330.0,4330.0,1142480.0,3661,3661.TW
2026-06-25,4230.0,4230.0,1949171.0,3661,3661.TW
2026-06-26,3870.0,3870.0,2086634.0,3661,3661.TW
2026-06-29,3985.0,3985.0,1056913.0,3661,3661.TW
2026-06-30,4180.0,4180.0,1761732.0,3661,3661.TW
2026-07-01,4450.0,4450.0,1676248.0,3661,3661.TW
2026-07-02,4895.0,4895.0,3960720.0,3661,3661.TW
2026-07-03,4650.0,4650.0,2700234.0,3661,3661.TW
2026-07-06,4215.0,4215.0,1961027.0,3661,3661.TW
2026-07-07,4035.0,4035.0,1695627.0,3661,3661.TW
2026-07-08,4065.0,4065.0,1501433.0,3661,3661.TW
2026-07-09,4210.0,4210.0,1426702.0,3661,3661.TW
2026-07-10,4210.0,4210.0,0.0,3661,3661.TW
2026-07-13,4135.0,4135.0,1415634.0,3661,3661.TW
2026-07-14,3725.0,3725.0,2990304.0,3661,3661.TW
2026-07-15,3735.0,3735.0,2544343.0,3661,3661.TW
2026-07-16,3770.0,3770.0,1442623.0,3661,3661.TW
2026-07-17,3480.0,3480.0,1887040.0,3661,3661.TW
2026-07-20,3365.0,3365.0,1925691.0,3661,3661.TW
2026-07-21,3490.0,3490.0,1313418.0,3661,3661.TW
2026-07-22,3590.0,3590.0,1462919.0,3661,3661.TW
2026-07-23,3510.0,3510.0,1178289.0,3661,3661.TW
2026-07-24,3405.0,3405.0,1585094.0,3661,3661.TW
2026-07-27,3460.0,3460.0,1384664.0,3661,3661.TW
2026-07-28,3115.0,3115.0,1710549.0,3661,3661.TW
2026-07-29,2805.0,2805.0,2803968.0,3661,3661.TW
2026-07-30,2785.0,2785.0,3019383.0,3661,3661.TW
2026-07-31,3060.0,3060.0,3249780.0,3661,3661.TW
2025-05-27,79.42601013183594,85.0,16844483.0,5347,5347.TWO
2025-05-28,77.83749389648438,83.30000305175781,17699558.0,5347,5347.TWO
2025-05-29,78.11781311035156,83.5999984741211,26783219.0,5347,5347.TWO
2025-06-02,75.31453704833984,80.5999984741211,23018723.0,5347,5347.TWO
2025-06-03,75.1276626586914,80.4000015258789,26829280.0,5347,5347.TWO
2025-06-04,79.7997817993164,85.4000015258789,17938270.0,5347,5347.TWO
2025-06-05,81.10797119140625,86.80000305175781,12922333.0,5347,5347.TWO
2025-06-06,83.16370391845703,89.0,14025876.0,5347,5347.TWO
2025-06-09,84.2850112915039,90.19999694824219,10411945.0,5347,5347.TWO
2025-06-10,86.43418884277344,92.5,14488746.0,5347,5347.TWO
2025-06-11,88.86368560791016,95.0999984741211,13758594.0,5347,5347.TWO
2025-06-12,88.67680358886719,94.9000015258789,12477450.0,5347,5347.TWO
2025-06-13,86.99483489990234,93.0999984741211,4965613.0,5347,5347.TWO
2025-06-16,86.99483489990234,93.0999984741211,4206869.0,5347,5347.TWO
2025-06-17,86.24729919433594,92.30000305175781,7658672.0,5347,5347.TWO
2025-06-18,87.83582305908203,94.0,10356171.0,5347,5347.TWO
2025-06-19,87.83582305908203,94.0,7171024.0,5347,5347.TWO
2025-06-20,87.2751693725586,93.4000015258789,4271005.0,5347,5347.TWO
2025-06-23,88.2095947265625,94.4000015258789,6589031.0,5347,5347.TWO
2025-06-24,89.23746490478516,95.5,5696560.0,5347,5347.TWO
2025-06-25,91.1063003540039,97.5,7673401.0,5347,5347.TWO
2025-06-26,91.7603988647461,98.19999694824219,9385307.0,5347,5347.TWO
2025-06-27,92.78826904296875,99.30000305175781,9605682.0,5347,5347.TWO
2025-06-30,93.90957641601562,100.5,12435221.0,5347,5347.TWO
2025-07-01,93.06859588623047,99.5999984741211,15155133.0,5347,5347.TWO
2025-07-02,93.90957641601562,100.5,15036915.0,5347,5347.TWO
2025-07-03,96.71284484863281,103.5,31443457.0,5347,5347.TWO
2025-07-04,91.82669067382812,94.0,18730851.0,5347,5347.TWO
2025-07-07,88.89605712890625,91.0,8772924.0,5347,5347.TWO
2025-07-08,88.89605712890625,91.0,3711232.0,5347,5347.TWO
2025-07-09,89.57986450195312,91.69999694824219,3293393.0,5347,5347.TWO
2025-07-10,89.57986450195312,91.69999694824219,3547851.0,5347,5347.TWO
2025-07-11,90.26368713378906,92.4000015258789,7958357.0,5347,5347.TWO
2025-07-14,91.82669067382812,94.0,7074384.0,5347,5347.TWO
2025-07-15,91.53362274169922,93.69999694824219,3980201.0,5347,5347.TWO
2025-07-16,90.26368713378906,92.4000015258789,6463191.0,5347,5347.TWO
2025-07-17,91.82669067382812,94.0,9485720.0,5347,5347.TWO
2025-07-18,91.3382568359375,93.5,6070546.0,5347,5347.TWO
2025-07-21,90.06830596923828,92.19999694824219,6274314.0,5347,5347.TWO
2025-07-22,88.89605712890625,91.0,6722728.0,5347,5347.TWO
2025-07-23,91.72900390625,93.9000015258789,7421528.0,5347,5347.TWO
2025-07-24,92.99894714355469,95.19999694824219,6332201.0,5347,5347.TWO
2025-07-25,93.2920150756836,95.5,3796742.0,5347,5347.TWO
2025-07-28,92.60820007324219,94.80000305175781,5054957.0,5347,5347.TWO
2025-07-29,92.90126037597656,95.0999984741211,3923589.0,5347,5347.TWO
2025-07-30,92.21744537353516,94.4000015258789,7835251.0,5347,5347.TWO
2025-07-31,91.24057006835938,93.4000015258789,6937500.0,5347,5347.TWO
2025-08-04,92.80357360839844,95.0,3186697.0,5347,5347.TWO
2025-08-05,95.14808654785156,97.4000015258789,8418340.0,5347,5347.TWO
2025-08-06,94.3665771484375,96.5999984741211,5160808.0,5347,5347.TWO
2025-08-07,93.48738861083984,95.69999694824219,4230652.0,5347,5347.TWO
2025-08-08,92.11975860595703,94.30000305175781,3478315.0,5347,5347.TWO
2025-08-11,91.92437744140625,94.0999984741211,3157847.0,5347,5347.TWO
2025-08-12,91.3382568359375,93.5,3361628.0,5347,5347.TWO
2025-08-13,92.31513214111328,94.5,3598405.0,5347,5347.TWO
2025-08-14,92.51050567626953,94.69999694824219,4061812.0,5347,5347.TWO
2025-08-15,90.94750213623047,93.0999984741211,5188750.0,5347,5347.TWO
2025-08-18,88.21224212646484,90.30000305175781,8468670.0,5347,5347.TWO
2025-08-19,88.21224212646484,90.30000305175781,4149510.0,5347,5347.TWO
2025-08-20,87.43073272705078,89.5,5453927.0,5347,5347.TWO
2025-08-21,87.82148742675781,89.9000015258789,3596613.0,5347,5347.TWO
2025-08-22,89.18911743164062,91.30000305175781,3072612.0,5347,5347.TWO
2025-08-25,90.26368713378906,92.4000015258789,3642621.0,5347,5347.TWO
2025-08-26,89.87293243408203,92.0,8601276.0,5347,5347.TWO
2025-08-27,90.36137390136719,92.5,4974261.0,5347,5347.TWO
2025-08-28,90.84981536865234,93.0,4904056.0,5347,5347.TWO
2025-08-29,89.38449096679688,91.5,2673265.0,5347,5347.TWO
2025-09-01,88.89605712890625,91.0,2932435.0,5347,5347.TWO
2025-09-02,89.0914306640625,91.19999694824219,2443130.0,5347,5347.TWO
2025-09-03,88.70068359375,90.80000305175781,1344896.0,5347,5347.TWO
2025-09-04,89.38449096679688,91.5,4317574.0,5347,5347.TWO
2025-09-05,89.57986450195312,91.69999694824219,1967376.0,5347,5347.TWO
2025-09-08,89.7752456665039,91.9000015258789,2367474.0,5347,5347.TWO
2025-09-09,90.36137390136719,92.5,3102855.0,5347,5347.TWO
2025-09-10,88.50530242919922,90.5999984741211,4826378.0,5347,5347.TWO
2025-09-11,87.33304595947266,89.4000015258789,4488926.0,5347,5347.TWO
2025-09-12,88.60298919677734,90.69999694824219,3055434.0,5347,5347.TWO
2025-09-15,87.43073272705078,89.5,4075400.0,5347,5347.TWO
2025-09-16,89.57986450195312,91.69999694824219,4355832.0,5347,5347.TWO
2025-09-17,89.87293243408203,92.0,5709455.0,5347,5347.TWO
2025-09-18,92.21744537353516,94.4000015258789,7297004.0,5347,5347.TWO
2025-09-19,93.78045654296875,96.0,9000893.0,5347,5347.TWO
2025-09-22,100.13017272949219,102.5,22186482.0,5347,5347.TWO
2025-09-23,102.08393096923828,104.5,13030599.0,5347,5347.TWO
2025-09-24,101.10704803466797,103.5,7000140.0,5347,5347.TWO
2025-09-25,99.15328979492188,101.5,5326723.0,5347,5347.TWO
2025-09-26,98.66484832763672,101.0,6302261.0,5347,5347.TWO
2025-09-30,99.64173126220703,102.0,6902290.0,5347,5347.TWO
2025-10-01,97.19953155517578,99.5,5844576.0,5347,5347.TWO
2025-10-02,98.66484832763672,101.0,7840697.0,5347,5347.TWO
2025-10-03,99.15328979492188,101.5,4086713.0,5347,5347.TWO
2025-10-07,99.64173126220703,102.0,4609074.0,5347,5347.TWO
2025-10-08,100.61861419677734,103.0,4336910.0,5347,5347.TWO
2025-10-09,99.64173126220703,102.0,8396162.0,5347,5347.TWO
2025-10-13,97.19953155517578,99.5,6655555.0,5347,5347.TWO
2025-10-14,94.75733184814453,97.0,6078345.0,5347,5347.TWO
2025-10-15,95.5388412475586,97.80000305175781,3407306.0,5347,5347.TWO
2025-10-16,97.68797302246094,100.0,3760187.0,5347,5347.TWO
2025-10-17,96.90646362304688,99.19999694824219,4846247.0,5347,5347.TWO
2025-10-20,101.59548950195312,104.0,8280171.0,5347,5347.TWO
2025-10-21,102.08393096923828,104.5,12687243.0,5347,5347.TWO
2025-10-22,101.10704803466797,103.5,5726190.0,5347,5347.TWO
2025-10-23,99.15328979492188,101.5,5202524.0,5347,5347.TWO
2025-10-27,100.13017272949219,102.5,14492616.0,5347,5347.TWO
2025-10-28,97.2972183227539,99.5999984741211,8099848.0,5347,5347.TWO
2025-10-29,96.71109008789062,99.0,7133315.0,5347,5347.TWO
2025-10-30,95.73421478271484,98.0,7249907.0,5347,5347.TWO
2025-10-31,94.46426391601562,96.69999694824219,10724133.0,5347,5347.TWO
2025-11-03,94.95270538330078,97.19999694824219,5187733.0,5347,5347.TWO
2025-11-04,96.41802215576172,98.69999694824219,14844965.0,5347,5347.TWO
2025-11-05,93.78045654296875,96.0,13614647.0,5347,5347.TWO
2025-11-06,92.02206420898438,94.19999694824219,11457685.0,5347,5347.TWO
2025-11-07,90.84981536865234,93.0,5773131.0,5347,5347.TWO
2025-11-10,89.87293243408203,92.0,6141632.0,5347,5347.TWO
2025-11-11,90.06830596923828,92.19999694824219,5155110.0,5347,5347.TWO
2025-11-12,90.36137390136719,92.5,6814810.0,5347,5347.TWO
2025-11-13,90.36137390136719,92.5,5356482.0,5347,5347.TWO
2025-11-14,88.50530242919922,90.5999984741211,6689851.0,5347,5347.TWO
2025-11-17,88.4076156616211,90.5,4789220.0,5347,5347.TWO
2025-11-18,87.5284194946289,89.5999984741211,6497530.0,5347,5347.TWO
2025-11-19,85.96541595458984,88.0,6694474.0,5347,5347.TWO
2025-11-20,87.72380065917969,89.80000305175781,5879812.0,5347,5347.TWO
2025-11-21,86.55154418945312,88.5999984741211,6215952.0,5347,5347.TWO
2025-11-24,85.96541595458984,88.0,6405727.0,5347,5347.TWO
2025-11-25,88.01686096191406,90.0999984741211,4974118.0,5347,5347.TWO
2025-11-26,88.11454772949219,90.19999694824219,4413760.0,5347,5347.TWO
2025-11-27,88.99374389648438,91.0999984741211,3715526.0,5347,5347.TWO
2025-11-28,88.4076156616211,90.5,2727252.0,5347,5347.TWO
2025-12-01,89.38449096679688,91.5,5164349.0,5347,5347.TWO
2025-12-02,90.36137390136719,92.5,5027670.0,5347,5347.TWO
2025-12-03,89.0914306640625,91.19999694824219,3411041.0,5347,5347.TWO
2025-12-04,89.18911743164062,91.30000305175781,2330920.0,5347,5347.TWO
2025-12-05,90.16600036621094,92.30000305175781,1576893.0,5347,5347.TWO
2025-12-08,90.36137390136719,92.5,2897644.0,5347,5347.TWO
2025-12-09,89.87293243408203,92.0,2851990.0,5347,5347.TWO
2025-12-10,90.45906066894531,92.5999984741211,1934487.0,5347,5347.TWO
2025-12-11,89.7752456665039,91.9000015258789,2889333.0,5347,5347.TWO
2025-12-12,88.70068359375,90.80000305175781,3503293.0,5347,5347.TWO
2025-12-15,89.18911743164062,91.30000305175781,3551168.0,5347,5347.TWO
2025-12-16,90.16600036621094,92.30000305175781,5024896.0,5347,5347.TWO
2025-12-17,93.68276977539062,95.9000015258789,16067200.0,5347,5347.TWO
2025-12-18,94.6596450805664,96.9000015258789,7429240.0,5347,5347.TWO
2025-12-19,94.07351684570312,96.30000305175781,4346733.0,5347,5347.TWO
2025-12-22,95.14808654785156,97.4000015258789,4699932.0,5347,5347.TWO
2025-12-23,96.3203353881836,98.5999984741211,6532277.0,5347,5347.TWO
2025-12-24,96.90646362304688,99.19999694824219,5612642.0,5347,5347.TWO
2025-12-26,95.9295883178711,98.19999694824219,8748872.0,5347,5347.TWO
2025-12-29,93.78045654296875,96.0,9274223.0,5347,5347.TWO
2025-12-30,92.31513214111328,94.5,8584598.0,5347,5347.TWO
2025-12-31,89.97061920166016,92.0999984741211,9663433.0,5347,5347.TWO
2026-01-02,90.16600036621094,92.30000305175781,8320707.0,5347,5347.TWO
2026-01-05,91.0451889038086,93.19999694824219,10353327.0,5347,5347.TWO
2026-01-06,97.19953155517578,99.5,26932199.0,5347,5347.TWO
2026-01-07,101.10704803466797,103.5,37276361.0,5347,5347.TWO
2026-01-08,106.47988891601562,109.0,99496759.0,5347,5347.TWO
2026-01-09,105.99144744873047,108.5,63359667.0,5347,5347.TWO
2026-01-12,116.24868774414062,119.0,68915075.0,5347,5347.TWO
2026-01-13,114.78336334228516,117.5,65000498.0,5347,5347.TWO
2026-01-14,121.13308715820312,124.0,71546039.0,5347,5347.TWO
2026-01-15,124.063720703125,127.0,34491382.0,5347,5347.TWO
2026-01-16,136.27471923828125,139.5,78818106.0,5347,5347.TWO
2026-01-19,135.78628540039062,139.0,55715392.0,5347,5347.TWO
2026-01-20,138.22848510742188,141.5,52034596.0,5347,5347.TWO
2026-01-21,143.11288452148438,146.5,52557472.0,5347,5347.TWO
2026-01-22,142.13600158691406,145.5,42626658.0,5347,5347.TWO
2026-01-23,143.11288452148438,146.5,34247380.0,5347,5347.TWO
2026-01-26,141.64755249023438,145.0,27133909.0,5347,5347.TWO
2026-01-27,155.81231689453125,159.5,39863785.0,5347,5347.TWO
2026-01-28,159.2313995361328,163.0,62124946.0,5347,5347.TWO
2026-01-29,143.601318359375,147.0,42228851.0,5347,5347.TWO
2026-01-30,140.18223571777344,143.5,67871428.0,5347,5347.TWO
2026-02-02,133.34408569335938,136.5,35199238.0,5347,5347.TWO
2026-02-03,132.36720275878906,135.5,35663135.0,5347,5347.TWO
2026-02-04,119.17932891845703,122.0,42582683.0,5347,5347.TWO
2026-02-05,110.87584686279297,113.5,42317388.0,5347,5347.TWO
2026-02-06,117.2255630493164,120.0,57031210.0,5347,5347.TWO
2026-02-09,123.08684539794922,126.0,64396400.0,5347,5347.TWO
2026-02-10,121.62152099609375,124.5,42608910.0,5347,5347.TWO
2026-02-11,123.08684539794922,126.0,12835586.0,5347,5347.TWO
2026-02-23,122.1099624633789,125.0,32671649.0,5347,5347.TWO
2026-02-24,134.32095336914062,137.5,44660352.0,5347,5347.TWO
2026-02-25,131.87876892089844,135.0,36159956.0,5347,5347.TWO
2026-02-26,130.41343688964844,133.5,16072250.0,5347,5347.TWO
2026-03-02,126.50592041015625,129.5,22822884.0,5347,5347.TWO
2026-03-03,120.15620422363281,123.0,32228232.0,5347,5347.TWO
2026-03-04,113.31804656982422,116.0,22928611.0,5347,5347.TWO
2026-03-05,116.73712921142578,119.5,14429259.0,5347,5347.TWO
2026-03-06,115.76024627685547,118.5,9210667.0,5347,5347.TWO
2026-03-09,107.45677185058594,110.0,22499638.0,5347,5347.TWO
2026-03-10,108.92208862304688,111.5,18075957.0,5347,5347.TWO
2026-03-11,111.36428833007812,114.0,15556873.0,5347,5347.TWO
2026-03-12,105.01457214355469,107.5,27022552.0,5347,5347.TWO
2026-03-13,111.36428833007812,114.0,21850744.0,5347,5347.TWO
2026-03-16,113.31804656982422,116.0,16331682.0,5347,5347.TWO
2026-03-17,115.76024627685547,118.5,27733831.0,5347,5347.TWO
2026-03-18,118.20244598388672,121.0,17671998.0,5347,5347.TWO
2026-03-19,114.78336334228516,117.5,14245963.0,5347,5347.TWO
2026-03-20,113.31804656982422,116.0,16689599.0,5347,5347.TWO
2026-03-23,110.38740539550781,113.0,10080022.0,5347,5347.TWO
2026-03-24,110.38740539550781,113.0,9820406.0,5347,5347.TWO
2026-03-25,121.13308715820312,124.0,17285094.0,5347,5347.TWO
2026-03-26,114.29492950439453,117.0,25212527.0,5347,5347.TWO
2026-03-27,117.71400451660156,120.5,21106039.0,5347,5347.TWO
2026-03-30,114.29492950439453,117.0,16740674.0,5347,5347.TWO
2026-03-31,113.31804656982422,116.0,15874681.0,5347,5347.TWO
2026-04-01,115.27180480957031,118.0,14818899.0,5347,5347.TWO
2026-04-02,107.45677185058594,110.0,25838785.0,5347,5347.TWO
2026-04-07,118.20244598388672,121.0,23391183.0,5347,5347.TWO
2026-04-08,127.97124481201172,131.0,36320885.0,5347,5347.TWO
2026-04-09,128.45968627929688,131.5,18954229.0,5347,5347.TWO
2026-04-10,126.01748657226562,129.0,19562372.0,5347,5347.TWO
2026-04-13,122.59840393066406,125.5,19194467.0,5347,5347.TWO
2026-04-14,121.62152099609375,124.5,11932461.0,5347,5347.TWO
2026-04-15,124.55216217041016,127.5,19209942.0,5347,5347.TWO
2026-04-16,129.4365692138672,132.5,48053576.0,5347,5347.TWO
2026-04-17,128.9481201171875,132.0,29151389.0,5347,5347.TWO
2026-04-20,135.78628540039062,139.0,68707796.0,5347,5347.TWO
2026-04-21,135.29783630371094,138.5,47338803.0,5347,5347.TWO
2026-04-22,141.64755249023438,145.0,70973570.0,5347,5347.TWO
2026-04-23,132.8556365966797,136.0,45553261.0,5347,5347.TWO
2026-04-24,137.25160217285156,140.5,37657745.0,5347,5347.TWO
2026-04-27,135.29783630371094,138.5,30760516.0,5347,5347.TWO
2026-04-28,142.6244354248047,146.0,48596447.0,5347,5347.TWO
2026-04-29,140.67068481445312,144.0,34803767.0,5347,5347.TWO
2026-04-30,142.13600158691406,145.5,43382544.0,5347,5347.TWO
2026-05-04,147.5088348388672,151.0,41875381.0,5347,5347.TWO
2026-05-05,150.43948364257812,154.0,37502348.0,5347,5347.TWO
2026-05-06,165.09266662597656,169.0,45628868.0,5347,5347.TWO
2026-05-07,181.211181640625,185.5,33041638.0,5347,5347.TWO
2026-05-08,163.62734985351562,167.5,68026622.0,5347,5347.TWO
2026-05-11,170.46551513671875,174.5,48367384.0,5347,5347.TWO
2026-05-12,166.06954956054688,170.0,48377273.0,5347,5347.TWO
2026-05-13,164.1157989501953,168.0,24178274.0,5347,5347.TWO
2026-05-14,170.95394897460938,175.0,39154166.0,5347,5347.TWO
2026-05-15,172.4192657470703,176.5,47132748.0,5347,5347.TWO
2026-05-18,155.32386779785156,159.0,16858091.0,5347,5347.TWO
2026-05-19,153.85855102539062,157.5,101920666.0,5347,5347.TWO
2026-05-20,155.32386779785156,159.0,44883617.0,5347,5347.TWO
2026-05-21,159.71983337402344,163.5,21338498.0,5347,5347.TWO
2026-05-22,158.2545166015625,162.0,30234678.0,5347,5347.TWO
2026-05-25,164.60423278808594,168.5,42751428.0,5347,5347.TWO
2026-05-26,161.18515014648438,165.0,32631163.0,5347,5347.TWO
2026-05-27,162.1620330810547,166.0,32001248.0,5347,5347.TWO
2026-05-28,157.7660675048828,161.5,30939915.0,5347,5347.TWO
2026-05-29,164.1157989501953,168.0,31995623.0,5347,5347.TWO
2026-06-01,174.86146545410156,179.0,67322047.0,5347,5347.TWO
2026-06-02,167.5348663330078,171.5,52607961.0,5347,5347.TWO
2026-06-03,164.1157989501953,168.0,27829714.0,5347,5347.TWO
2026-06-04,159.2313995361328,163.0,28237012.0,5347,5347.TWO
2026-06-05,157.7660675048828,161.5,25799788.0,5347,5347.TWO
2026-06-08,152.8816680908203,156.5,32251228.0,5347,5347.TWO
2026-06-09,157.2776336669922,161.0,24026896.0,5347,5347.TWO
2026-06-10,148.97415161132812,152.5,24327187.0,5347,5347.TWO
2026-06-11,157.7660675048828,161.5,35025943.0,5347,5347.TWO
2026-06-12,165.58111572265625,169.5,34136781.0,5347,5347.TWO
2026-06-15,170.46551513671875,174.5,27231856.0,5347,5347.TWO
2026-06-16,167.5348663330078,171.5,20396277.0,5347,5347.TWO
2026-06-17,162.6504669189453,166.5,12109564.0,5347,5347.TWO
2026-06-18,170.46551513671875,174.5,16947495.0,5347,5347.TWO
2026-06-22,187.0724639892578,191.5,15182749.0,5347,5347.TWO
2026-06-23,182.1880645751953,186.5,63801869.0,5347,5347.TWO
2026-06-24,195.37594604492188,200.0,67219554.0,5347,5347.TWO
2026-06-25,214.91354370117188,220.0,73150872.0,5347,5347.TWO
2026-06-26,197.32969665527344,202.0,60661343.0,5347,5347.TWO
2026-06-29,203.67942810058594,208.5,37282413.0,5347,5347.TWO
2026-06-30,211.00601196289062,216.0,36997088.0,5347,5347.TWO
2026-07-01,199.7718963623047,204.5,30447921.0,5347,5347.TWO
2026-07-02,193.42218017578125,198.0,25492460.0,5347,5347.TWO
2026-07-03,189.02622985839844,193.5,17247936.0,5347,5347.TWO
2026-07-06,185.0,185.0,27203189.0,5347,5347.TWO
2026-07-07,175.0,175.0,27679736.0,5347,5347.TWO
2026-07-08,176.5,176.5,25075990.0,5347,5347.TWO
2026-07-09,173.0,173.0,20320730.0,5347,5347.TWO
2026-07-10,173.0,173.0,0.0,5347,5347.TWO
2026-07-13,178.5,178.5,28455018.0,5347,5347.TWO
2026-07-14,174.0,174.0,20668031.0,5347,5347.TWO
2026-07-15,186.5,186.5,35904674.0,5347,5347.TWO
2026-07-16,187.5,187.5,41120251.0,5347,5347.TWO
2026-07-17,169.0,169.0,30680831.0,5347,5347.TWO
2026-07-20,152.5,152.5,35410815.0,5347,5347.TWO
2026-07-21,155.5,155.5,24033335.0,5347,5347.TWO
2026-07-22,171.0,171.0,32108985.0,5347,5347.TWO
2026-07-23,168.5,168.5,21254999.0,5347,5347.TWO
2026-07-24,157.0,157.0,17983294.0,5347,5347.TWO
2026-07-27,157.0,157.0,14704908.0,5347,5347.TWO
2026-07-28,147.5,147.5,16224655.0,5347,5347.TWO
2026-07-29,133.0,133.0,28417440.0,5347,5347.TWO
2026-07-30,138.0,138.0,38817779.0,5347,5347.TWO
2026-07-31,151.5,151.5,30802856.0,5347,5347.TWO
2025-05-27,312.5422668457031,321.5,1439342.0,6488,6488.TWO
2025-05-28,310.5980224609375,319.5,1105181.0,6488,6488.TWO
2025-05-29,306.2234191894531,315.0,2326460.0,6488,6488.TWO
2025-06-02,284.83636474609375,293.0,3249869.0,6488,6488.TWO
2025-06-03,279.0035400390625,287.0,2472145.0,6488,6488.TWO
2025-06-04,284.35028076171875,292.5,1054609.0,6488,6488.TWO
2025-06-05,292.1274108886719,300.5,1672316.0,6488,6488.TWO
2025-06-06,293.0995178222656,301.5,643280.0,6488,6488.TWO
2025-06-09,292.1274108886719,300.5,633201.0,6488,6488.TWO
2025-06-10,294.0716552734375,302.5,805188.0,6488,6488.TWO
2025-06-11,308.16766357421875,317.0,2069368.0,6488,6488.TWO
2025-06-12,307.1955261230469,316.0,1189080.0,6488,6488.TWO
2025-06-13,290.669189453125,299.0,2529557.0,6488,6488.TWO
2025-06-16,290.669189453125,299.0,1118225.0,6488,6488.TWO
2025-06-17,290.18310546875,298.5,829139.0,6488,6488.TWO
2025-06-18,290.18310546875,298.5,894233.0,6488,6488.TWO
2025-06-19,279.9756774902344,288.0,1867001.0,6488,6488.TWO
2025-06-20,279.0035400390625,287.0,1352689.0,6488,6488.TWO
2025-06-23,275.114990234375,283.0,1078275.0,6488,6488.TWO
2025-06-24,290.18310546875,298.5,1233805.0,6488,6488.TWO
2025-06-25,294.5577392578125,303.0,1621465.0,6488,6488.TWO
2025-06-26,309.1398010253906,318.0,4317370.0,6488,6488.TWO
2025-06-27,307.6816101074219,316.5,2491890.0,6488,6488.TWO
2025-06-30,293.0995178222656,301.5,4882604.0,6488,6488.TWO
2025-07-01,298.932373046875,307.5,1954869.0,6488,6488.TWO
2025-07-02,293.5856018066406,302.0,3817740.0,6488,6488.TWO
2025-07-03,298.4462890625,307.0,2891337.0,6488,6488.TWO
2025-07-04,297.960205078125,306.5,1611574.0,6488,6488.TWO
2025-07-07,290.669189453125,299.0,1257367.0,6488,6488.TWO
2025-07-08,287.2666931152344,295.5,1116610.0,6488,6488.TWO
2025-07-09,298.932373046875,307.5,1546658.0,6488,6488.TWO
2025-07-10,299.90447998046875,308.5,1244257.0,6488,6488.TWO
2025-07-11,309.1398010253906,318.0,2437248.0,6488,6488.TWO
2025-07-14,302.8209228515625,311.5,1524630.0,6488,6488.TWO
2025-07-15,301.3627014160156,310.0,1774768.0,6488,6488.TWO
2025-07-16,319.70220947265625,322.5,3617267.0,6488,6488.TWO
2025-07-17,351.4245910644531,354.5,8100732.0,6488,6488.TWO
2025-07-18,343.4939880371094,346.5,15766024.0,6488,6488.TWO
2025-07-21,345.9722900390625,349.0,3133907.0,6488,6488.TWO
2025-07-22,330.6067810058594,333.5,3678747.0,6488,6488.TWO
2025-07-23,337.0503845214844,340.0,1817500.0,6488,6488.TWO
2025-07-24,345.4766540527344,348.5,2501059.0,6488,6488.TWO
2025-07-25,344.48529052734375,347.5,1986499.0,6488,6488.TWO
2025-07-28,346.963623046875,350.0,1340957.0,6488,6488.TWO
2025-07-29,341.01568603515625,344.0,2041179.0,6488,6488.TWO
2025-07-30,341.01568603515625,344.0,1826474.0,6488,6488.TWO
2025-07-31,339.5286865234375,342.5,1796260.0,6488,6488.TWO
2025-08-04,339.03302001953125,342.0,1043101.0,6488,6488.TWO
2025-08-05,348.9462585449219,352.0,3679984.0,6488,6488.TWO
2025-08-06,338.0417175292969,341.0,3355307.0,6488,6488.TWO
2025-08-07,371.74676513671875,375.0,3825262.0,6488,6488.TWO
2025-08-08,359.3551940917969,362.5,13183213.0,6488,6488.TWO
2025-08-11,362.8248291015625,366.0,6508022.0,6488,6488.TWO
2025-08-12,358.3638610839844,361.5,3316046.0,6488,6488.TWO
2025-08-13,356.87689208984375,360.0,3279738.0,6488,6488.TWO
2025-08-14,357.37255859375,360.5,1727617.0,6488,6488.TWO
2025-08-15,360.8421630859375,364.0,1330029.0,6488,6488.TWO
2025-08-18,359.8508605957031,363.0,2662725.0,6488,6488.TWO
2025-08-19,358.3638610839844,361.5,2388149.0,6488,6488.TWO
2025-08-20,355.389892578125,358.5,2368354.0,6488,6488.TWO
2025-08-21,362.8248291015625,366.0,2299010.0,6488,6488.TWO
2025-08-22,361.33782958984375,364.5,1831943.0,6488,6488.TWO
2025-08-25,365.3031311035156,368.5,1711770.0,6488,6488.TWO
2025-08-26,373.2337341308594,376.5,3231278.0,6488,6488.TWO
2025-08-27,373.2337341308594,376.5,2080945.0,6488,6488.TWO
2025-08-28,370.7554016113281,374.0,2212929.0,6488,6488.TWO
2025-08-29,368.7727966308594,372.0,1469479.0,6488,6488.TWO
2025-09-01,361.33782958984375,364.5,1591075.0,6488,6488.TWO
2025-09-02,352.9115905761719,356.0,1751262.0,6488,6488.TWO
2025-09-03,368.7727966308594,372.0,2614778.0,6488,6488.TWO
2025-09-04,366.29443359375,369.5,1529776.0,6488,6488.TWO
2025-09-05,367.2857971191406,370.5,794503.0,6488,6488.TWO
2025-09-08,373.2337341308594,376.5,2192717.0,6488,6488.TWO
2025-09-09,376.2077331542969,379.5,2198528.0,6488,6488.TWO
2025-09-10,370.7554016113281,374.0,1968303.0,6488,6488.TWO
2025-09-11,363.8161315917969,367.0,2181241.0,6488,6488.TWO
2025-09-12,385.1296081542969,388.5,5780919.0,6488,6488.TWO
2025-09-15,405.4517822265625,409.0,10434261.0,6488,6488.TWO
2025-09-16,445.6004333496094,449.5,18117871.0,6488,6488.TWO
2025-09-17,442.13079833984375,446.0,35098179.0,6488,6488.TWO
2025-09-18,486.2447509765625,490.5,21767537.0,6488,6488.TWO
2025-09-19,500.61895751953125,505.0,26363849.0,6488,6488.TWO
2025-09-22,506.56689453125,511.0,12394764.0,6488,6488.TWO
2025-09-23,496.6536560058594,501.0,4029495.0,6488,6488.TWO
2025-09-24,491.697021484375,496.0,6375735.0,6488,6488.TWO
2025-09-25,484.75775146484375,489.0,1915791.0,6488,6488.TWO
2025-09-26,454.0267028808594,458.0,2750043.0,6488,6488.TWO
2025-09-30,462.45294189453125,466.5,2892221.0,6488,6488.TWO
2025-10-01,458.4876708984375,462.5,1715353.0,6488,6488.TWO
2025-10-02,485.74908447265625,490.0,3953376.0,6488,6488.TWO
2025-10-03,485.74908447265625,490.0,2264983.0,6488,6488.TWO
2025-10-07,494.1753234863281,498.5,2291928.0,6488,6488.TWO
2025-10-08,505.5755615234375,510.0,2343055.0,6488,6488.TWO
2025-10-09,491.20135498046875,495.5,7121585.0,6488,6488.TWO
2025-10-13,482.2794189453125,486.5,4838775.0,6488,6488.TWO
2025-10-14,466.9139099121094,471.0,6843265.0,6488,6488.TWO
2025-10-15,496.6536560058594,501.0,5609547.0,6488,6488.TWO
2025-10-16,496.6536560058594,501.0,5970597.0,6488,6488.TWO
2025-10-17,485.74908447265625,490.0,2574500.0,6488,6488.TWO
2025-10-20,495.6623229980469,500.0,2760772.0,6488,6488.TWO
2025-10-21,536.306640625,541.0,12824707.0,6488,6488.TWO
2025-10-22,525.402099609375,530.0,5163735.0,6488,6488.TWO
2025-10-23,530.3587036132812,535.0,6524818.0,6488,6488.TWO
2025-10-27,534.323974609375,539.0,5782526.0,6488,6488.TWO
2025-10-28,507.5582275390625,512.0,5905179.0,6488,6488.TWO
2025-10-29,508.5495300292969,513.0,3871538.0,6488,6488.TWO
2025-10-30,508.5495300292969,513.0,2457278.0,6488,6488.TWO
2025-10-31,503.5929260253906,508.0,2370111.0,6488,6488.TWO
2025-11-03,503.5929260253906,508.0,2761246.0,6488,6488.TWO
2025-11-04,476.8271484375,481.0,5180510.0,6488,6488.TWO
2025-11-05,429.24359130859375,433.0,6115930.0,6488,6488.TWO
2025-11-06,412.3910827636719,416.0,9826945.0,6488,6488.TWO
2025-11-07,399.0081787109375,402.5,4122728.0,6488,6488.TWO
2025-11-10,390.5819396972656,394.0,4624385.0,6488,6488.TWO
2025-11-11,384.63397216796875,388.0,3808905.0,6488,6488.TWO
2025-11-12,386.6166076660156,390.0,2243374.0,6488,6488.TWO
2025-11-13,384.63397216796875,388.0,1330716.0,6488,6488.TWO
2025-11-14,381.6600036621094,385.0,1217075.0,6488,6488.TWO
2025-11-17,378.1903381347656,381.5,897715.0,6488,6488.TWO
2025-11-18,354.89422607421875,358.0,1808585.0,6488,6488.TWO
2025-11-19,344.9809875488281,348.0,1341992.0,6488,6488.TWO
2025-11-20,349.44195556640625,352.5,1164270.0,6488,6488.TWO
2025-11-21,341.01568603515625,344.0,1399312.0,6488,6488.TWO
2025-11-24,374.7207336425781,378.0,1571436.0,6488,6488.TWO
2025-11-25,396.5298767089844,400.0,2292580.0,6488,6488.TWO
2025-11-26,377.19903564453125,380.5,4319874.0,6488,6488.TWO
2025-11-27,378.1903381347656,381.5,2504867.0,6488,6488.TWO
2025-11-28,372.7380676269531,376.0,1680731.0,6488,6488.TWO
2025-12-01,375.21636962890625,378.5,3011352.0,6488,6488.TWO
2025-12-02,375.21636962890625,378.5,1419193.0,6488,6488.TWO
2025-12-03,380.1730041503906,383.5,1374399.0,6488,6488.TWO
2025-12-04,383.64263916015625,387.0,2342566.0,6488,6488.TWO
2025-12-05,380.1730041503906,383.5,1361644.0,6488,6488.TWO
2025-12-08,379.6773376464844,383.0,1355549.0,6488,6488.TWO
2025-12-09,380.6686706542969,384.0,1824448.0,6488,6488.TWO
2025-12-10,379.6773376464844,383.0,2027790.0,6488,6488.TWO
2025-12-11,381.1643371582031,384.5,1570066.0,6488,6488.TWO
2025-12-12,376.703369140625,380.0,1496714.0,6488,6488.TWO
2025-12-15,366.29443359375,369.5,2170007.0,6488,6488.TWO
2025-12-16,361.33782958984375,364.5,2043232.0,6488,6488.TWO
2025-12-17,384.63397216796875,388.0,8132689.0,6488,6488.TWO
2025-12-18,369.76409912109375,373.0,4265177.0,6488,6488.TWO
2025-12-19,372.7380676269531,376.0,3416945.0,6488,6488.TWO
2025-12-22,379.18170166015625,382.5,1590016.0,6488,6488.TWO
2025-12-23,382.65130615234375,386.0,1473046.0,6488,6488.TWO
2025-12-24,378.68603515625,382.0,1211520.0,6488,6488.TWO
2025-12-26,387.6079406738281,391.0,2993670.0,6488,6488.TWO
2025-12-29,398.51251220703125,402.0,4893206.0,6488,6488.TWO
2025-12-30,409.4170837402344,413.0,5450655.0,6488,6488.TWO
2025-12-31,404.43634033203125,406.0,3870892.0,6488,6488.TWO
2026-01-02,401.4479064941406,403.0,3824535.0,6488,6488.TWO
2026-01-05,411.4093933105469,413.0,4911678.0,6488,6488.TWO
2026-01-06,431.3323669433594,433.0,14380693.0,6488,6488.TWO
2026-01-07,468.1898498535156,470.0,15452319.0,6488,6488.TWO
2026-01-08,448.2668762207031,450.0,7362632.0,6488,6488.TWO
2026-01-09,427.8458557128906,429.5,7336748.0,6488,6488.TWO
2026-01-12,470.1821594238281,472.0,8910883.0,6488,6488.TWO
2026-01-13,474.166748046875,476.0,10303356.0,6488,6488.TWO
2026-01-14,514.0126953125,516.0,14655712.0,6488,6488.TWO
2026-01-15,487.11669921875,489.0,8337932.0,6488,6488.TWO
2026-01-16,477.15521240234375,479.0,7643511.0,6488,6488.TWO
2026-01-19,497.07818603515625,499.0,5984068.0,6488,6488.TWO
2026-01-20,500.0666198730469,502.0,9320593.0,6488,6488.TWO
2026-01-21,492.59552001953125,494.5,8313077.0,6488,6488.TWO
2026-01-22,506.04351806640625,508.0,11009437.0,6488,6488.TWO
2026-01-23,525.9664916992188,528.0,9046262.0,6488,6488.TWO
2026-01-26,522.97802734375,525.0,4348418.0,6488,6488.TWO
2026-01-27,509.0319519042969,511.0,4698093.0,6488,6488.TWO
2026-01-28,507.0396728515625,509.0,7551822.0,6488,6488.TWO
2026-01-29,500.0666198730469,502.0,8627611.0,6488,6488.TWO
2026-01-30,495.08587646484375,497.0,5543572.0,6488,6488.TWO
2026-02-02,471.1783142089844,473.0,5496207.0,6488,6488.TWO
2026-02-03,473.17059326171875,475.0,5065823.0,6488,6488.TWO
2026-02-04,477.6532897949219,479.5,4111558.0,6488,6488.TWO
2026-02-05,462.2129821777344,464.0,2412772.0,6488,6488.TWO
2026-02-06,464.20526123046875,466.0,3730314.0,6488,6488.TWO
2026-02-09,476.1590576171875,478.0,2569691.0,6488,6488.TWO
2026-02-10,489.6070556640625,491.5,4189872.0,6488,6488.TWO
2026-02-11,443.7842102050781,445.5,7634064.0,6488,6488.TWO
2026-02-23,423.3631896972656,425.0,6858149.0,6488,6488.TWO
2026-02-24,443.2861328125,445.0,4789836.0,6488,6488.TWO
2026-02-25,450.75726318359375,452.5,2769298.0,6488,6488.TWO
2026-02-26,453.24761962890625,455.0,3745758.0,6488,6488.TWO
2026-03-02,438.3053894042969,440.0,3582841.0,6488,6488.TWO
2026-03-03,431.8304443359375,433.5,3877794.0,6488,6488.TWO
2026-03-04,446.7726745605469,448.5,7413415.0,6488,6488.TWO
2026-03-05,468.68792724609375,470.5,6736337.0,6488,6488.TWO
2026-03-06,465.201416015625,467.0,2924485.0,6488,6488.TWO
2026-03-09,426.8497009277344,428.5,3511964.0,6488,6488.TWO
2026-03-10,441.2938537597656,443.0,2583559.0,6488,6488.TWO
2026-03-11,470.1821594238281,472.0,3033650.0,6488,6488.TWO
2026-03-12,427.3477783203125,429.0,7028549.0,6488,6488.TWO
2026-03-13,430.83428955078125,432.5,3296590.0,6488,6488.TWO
2026-03-16,438.803466796875,440.5,3683215.0,6488,6488.TWO
2026-03-17,448.76495361328125,450.5,2102520.0,6488,6488.TWO
2026-03-18,479.1474914550781,481.0,5767675.0,6488,6488.TWO
2026-03-19,470.1821594238281,472.0,4497226.0,6488,6488.TWO
2026-03-20,467.1937255859375,469.0,2386242.0,6488,6488.TWO
2026-03-23,439.79962158203125,441.5,1939430.0,6488,6488.TWO
2026-03-24,429.838134765625,431.5,2073825.0,6488,6488.TWO
2026-03-25,448.2668762207031,450.0,1158959.0,6488,6488.TWO
2026-03-26,452.74957275390625,454.5,2868580.0,6488,6488.TWO
2026-03-27,445.7765197753906,447.5,1662618.0,6488,6488.TWO
2026-03-30,435.31695556640625,437.0,1625705.0,6488,6488.TWO
2026-03-31,418.8804931640625,420.5,2332807.0,6488,6488.TWO
2026-04-01,411.907470703125,413.5,4783312.0,6488,6488.TWO
2026-04-02,407.9228820800781,409.5,3393220.0,6488,6488.TWO
2026-04-07,410.4132385253906,412.0,2328977.0,6488,6488.TWO
2026-04-08,434.32080078125,436.0,2495104.0,6488,6488.TWO
2026-04-09,445.7765197753906,447.5,3076501.0,6488,6488.TWO
2026-04-10,488.61090087890625,490.5,9794640.0,6488,6488.TWO
2026-04-13,497.5762634277344,499.5,11354480.0,6488,6488.TWO
2026-04-14,499.0704650878906,501.0,5149412.0,6488,6488.TWO
2026-04-15,514.0126953125,516.0,9874148.0,6488,6488.TWO
2026-04-16,537.9202880859375,540.0,7847792.0,6488,6488.TWO
2026-04-17,503.0550537109375,505.0,5165464.0,6488,6488.TWO
2026-04-20,548.8779296875,551.0,8599820.0,6488,6488.TWO
2026-04-21,594.7007446289062,597.0,13683893.0,6488,6488.TWO
2026-04-22,597.689208984375,600.0,8109191.0,6488,6488.TWO
2026-04-23,569.7969970703125,572.0,11162458.0,6488,6488.TWO
2026-04-24,579.7584838867188,582.0,9160744.0,6488,6488.TWO
2026-04-27,617.6121826171875,620.0,16199670.0,6488,6488.TWO
2026-04-28,577.7662353515625,580.0,8378205.0,6488,6488.TWO
2026-04-29,533.9356689453125,536.0,11946245.0,6488,6488.TWO
2026-04-30,577.7662353515625,580.0,9198540.0,6488,6488.TWO
2026-05-04,603.6660766601562,606.0,9762510.0,6488,6488.TWO
2026-05-05,663.4349975585938,666.0,15876378.0,6488,6488.TWO
2026-05-06,718.22314453125,721.0,27521742.0,6488,6488.TWO
2026-05-07,789.9458618164062,793.0,12387071.0,6488,6488.TWO
2026-05-08,798.9111938476562,802.0,18818835.0,6488,6488.TWO
2026-05-11,831.7841186523438,835.0,10729502.0,6488,6488.TWO
2026-05-12,781.9766845703125,785.0,3421066.0,6488,6488.TWO
2026-05-13,747.1115112304688,750.0,4373372.0,6488,6488.TWO
2026-05-14,784.9651489257812,788.0,2607105.0,6488,6488.TWO
2026-05-15,707.2655639648438,710.0,3490351.0,6488,6488.TWO
2026-05-18,695.311767578125,698.0,4143201.0,6488,6488.TWO
2026-05-19,662.4388427734375,665.0,4231865.0,6488,6488.TWO
2026-05-20,635.5428466796875,638.0,4468641.0,6488,6488.TWO
2026-05-21,698.3001708984375,701.0,3396306.0,6488,6488.TWO
2026-05-22,714.2385864257812,717.0,6305022.0,6488,6488.TWO
2026-05-25,784.9651489257812,788.0,5475082.0,6488,6488.TWO
2026-05-26,862.6647338867188,866.0,2742908.0,6488,6488.TWO
2026-05-27,926.418212890625,930.0,22523520.0,6488,6488.TWO
2026-05-28,923.4298095703125,927.0,21152339.0,6488,6488.TWO
2026-05-29,1011.0908813476562,1015.0,10764561.0,6488,6488.TWO
2026-06-01,946.3411865234375,950.0,4276815.0,6488,6488.TWO
2026-06-02,936.3796997070312,940.0,2019350.0,6488,6488.TWO
2026-06-03,946.3411865234375,950.0,1416271.0,6488,6488.TWO
2026-06-04,866.6492919921875,870.0,1425562.0,6488,6488.TWO
2026-06-05,807.8765258789062,811.0,2601168.0,6488,6488.TWO
2026-06-08,765.0421752929688,768.0,2199948.0,6488,6488.TWO
2026-06-09,799.9073486328125,803.0,2136074.0,6488,6488.TWO
2026-06-10,772.0151977539062,775.0,3106250.0,6488,6488.TWO
2026-06-11,782.9728393554688,786.0,2364661.0,6488,6488.TWO
2026-06-12,860.6724243164062,864.0,1478498.0,6488,6488.TWO
2026-06-15,946.3411865234375,950.0,4839529.0,6488,6488.TWO
2026-06-16,1040.975341796875,1045.0,12621846.0,6488,6488.TWO
2026-06-17,1095.7635498046875,1100.0,16092271.0,6488,6488.TWO
2026-06-18,1105.7249755859375,1110.0,11451045.0,6488,6488.TWO
2026-06-22,1110.7056884765625,1115.0,1765879.0,6488,6488.TWO
2026-06-23,1006.110107421875,1010.0,1843314.0,6488,6488.TWO
2026-06-24,961.283447265625,965.0,1597768.0,6488,6488.TWO
2026-06-25,1035.99462890625,1040.0,1257559.0,6488,6488.TWO
2026-06-26,932.3951416015625,936.0,2138503.0,6488,6488.TWO
2026-06-29,911.4760131835938,915.0,2702146.0,6488,6488.TWO
2026-06-30,1001.12939453125,1005.0,2254048.0,6488,6488.TWO
2026-07-01,1100.7442626953125,1105.0,3703494.0,6488,6488.TWO
2026-07-02,1200.359130859375,1205.0,4100982.0,6488,6488.TWO
2026-07-03,1250.16650390625,1255.0,3728256.0,6488,6488.TWO
2026-07-06,1329.8583984375,1335.0,21324225.0,6488,6488.TWO
2026-07-07,1200.359130859375,1205.0,10133962.0,6488,6488.TWO
2026-07-08,1225.2628173828125,1230.0,9237628.0,6488,6488.TWO
2026-07-09,1344.8006591796875,1350.0,6619299.0,6488,6488.TWO
2026-07-10,1344.8006591796875,1350.0,0.0,6488,6488.TWO
2026-07-13,1479.28076171875,1485.0,1870164.0,6488,6488.TWO
2026-07-14,1509.1651611328125,1515.0,24365749.0,6488,6488.TWO
2026-07-15,1474.300048828125,1480.0,10382226.0,6488,6488.TWO
2026-07-16,1370.0,1370.0,6651514.0,6488,6488.TWO
2026-07-17,1240.0,1240.0,10917636.0,6488,6488.TWO
2026-07-20,1265.0,1265.0,11819280.0,6488,6488.TWO
2026-07-21,1205.0,1205.0,12595549.0,6488,6488.TWO
2026-07-22,1240.0,1240.0,11391843.0,6488,6488.TWO
2026-07-23,1120.0,1120.0,8386434.0,6488,6488.TWO
2026-07-24,1030.0,1030.0,11880920.0,6488,6488.TWO
2026-07-27,1065.0,1065.0,5611026.0,6488,6488.TWO
2026-07-28,959.0,959.0,5373080.0,6488,6488.TWO
2026-07-29,864.0,864.0,4737642.0,6488,6488.TWO
2026-07-30,778.0,778.0,9916526.0,6488,6488.TWO
2026-07-31,855.0,855.0,18979009.0,6488,6488.TWO
2025-05-27,26.522356033325195,28.100000381469727,1595000.0,8150,8150.TW
2025-05-28,26.805513381958008,28.399999618530273,1297030.0,8150,8150.TW
2025-05-29,26.805513381958008,28.399999618530273,2141000.0,8150,8150.TW
2025-06-02,26.00323486328125,27.549999237060547,3093558.0,8150,8150.TW
2025-06-03,26.192007064819336,27.75,6946760.0,8150,8150.TW
2025-06-04,26.522356033325195,28.100000381469727,5456009.0,8150,8150.TW
2025-06-05,27.277441024780273,28.899999618530273,2491185.0,8150,8150.TW
2025-06-06,27.79656219482422,29.450000762939453,1756488.0,8150,8150.TW
2025-06-09,27.702177047729492,29.350000381469727,1553985.0,8150,8150.TW
2025-06-10,27.890947341918945,29.549999237060547,1700441.0,8150,8150.TW
2025-06-11,28.221296310424805,29.899999618530273,2260909.0,8150,8150.TW
2025-06-12,27.46621322631836,29.100000381469727,1673704.0,8150,8150.TW
2025-06-13,26.805513381958008,28.399999618530273,1279157.0,8150,8150.TW
2025-06-16,26.94709014892578,28.549999237060547,1464009.0,8150,8150.TW
2025-06-17,27.183055877685547,28.799999237060547,897121.0,8150,8150.TW
2025-06-18,27.183055877685547,28.799999237060547,967312.0,8150,8150.TW
2025-06-19,26.71112632751465,28.299999237060547,1109200.0,8150,8150.TW
2025-06-20,26.380779266357422,27.950000762939453,1465258.0,8150,8150.TW
2025-06-23,26.05042839050293,27.600000381469727,984723.0,8150,8150.TW
2025-06-24,26.380779266357422,27.950000762939453,2235253.0,8150,8150.TW
2025-06-25,26.380779266357422,27.950000762939453,1352550.0,8150,8150.TW
2025-06-26,26.333585739135742,27.899999618530273,2483263.0,8150,8150.TW
2025-06-27,26.807491302490234,27.149999618530273,2556266.0,8150,8150.TW
2025-06-30,26.610015869140625,26.950000762939453,944066.0,8150,8150.TW
2025-07-01,26.313798904418945,26.649999618530273,1218850.0,8150,8150.TW
2025-07-02,26.51127815246582,26.850000381469727,1046849.0,8150,8150.TW
2025-07-03,27.103708267211914,27.450000762939453,1669298.0,8150,8150.TW
2025-07-04,26.65938377380371,27.0,701050.0,8150,8150.TW
2025-07-07,26.21506118774414,26.549999237060547,1469004.0,8150,8150.TW
2025-07-08,26.46190643310547,26.799999237060547,676000.0,8150,8150.TW
2025-07-09,26.906230926513672,27.25,836398.0,8150,8150.TW
2025-07-10,26.65938377380371,27.0,820499.0,8150,8150.TW
2025-07-11,26.21506118774414,26.549999237060547,1776004.0,8150,8150.TW
2025-07-14,25.672000885009766,26.0,1157010.0,8150,8150.TW
2025-07-15,25.47452163696289,25.799999237060547,926678.0,8150,8150.TW
2025-07-16,26.412538528442383,26.75,1497573.0,8150,8150.TW
2025-07-17,27.153076171875,27.5,1549150.0,8150,8150.TW
2025-07-18,26.906230926513672,27.25,938499.0,8150,8150.TW
2025-07-21,26.412538528442383,26.75,1206123.0,8150,8150.TW
2025-07-22,25.77073860168457,26.100000381469727,1477241.0,8150,8150.TW
2025-07-23,26.51127815246582,26.850000381469727,1811573.0,8150,8150.TW
2025-07-24,26.65938377380371,27.0,1350506.0,8150,8150.TW
2025-07-25,26.116323471069336,26.450000762939453,1057114.0,8150,8150.TW
2025-07-28,26.116323471069336,26.450000762939453,783753.0,8150,8150.TW
2025-07-29,25.820106506347656,26.149999618530273,1068030.0,8150,8150.TW
2025-07-30,26.21506118774414,26.549999237060547,1089766.0,8150,8150.TW
2025-07-31,25.672000885009766,26.0,1668059.0,8150,8150.TW
2025-08-04,26.21506118774414,26.549999237060547,1219403.0,8150,8150.TW
2025-08-05,26.313798904418945,26.649999618530273,1061501.0,8150,8150.TW
2025-08-06,26.116323471069336,26.450000762939453,606520.0,8150,8150.TW
2025-08-07,26.46190643310547,26.799999237060547,1323947.0,8150,8150.TW
2025-08-08,26.560646057128906,26.899999618530273,867926.0,8150,8150.TW
2025-08-11,26.313798904418945,26.649999618530273,599101.0,8150,8150.TW
2025-08-12,26.560646057128906,26.899999618530273,1352608.0,8150,8150.TW
2025-08-13,24.931461334228516,25.25,8090344.0,8150,8150.TW
2025-08-14,24.38840103149414,24.700000762939453,4193372.0,8150,8150.TW
2025-08-15,23.944076538085938,24.25,2370566.0,8150,8150.TW
2025-08-18,23.69723129272461,24.0,2624011.0,8150,8150.TW
2025-08-19,22.95669174194336,23.25,5450850.0,8150,8150.TW
2025-08-20,22.907323837280273,23.200000762939453,3468930.0,8150,8150.TW
2025-08-21,23.104799270629883,23.399999618530273,1605161.0,8150,8150.TW
2025-08-22,23.598491668701172,23.899999618530273,3103500.0,8150,8150.TW
2025-08-25,23.45038414001465,23.75,1669363.0,8150,8150.TW
2025-08-26,23.499753952026367,23.799999237060547,1817031.0,8150,8150.TW
2025-08-27,24.14155387878418,24.450000762939453,2863849.0,8150,8150.TW
2025-08-28,24.240291595458984,24.549999237060547,2264051.0,8150,8150.TW
2025-08-29,24.042816162109375,24.350000381469727,2097050.0,8150,8150.TW
2025-09-01,23.69723129272461,24.0,1083643.0,8150,8150.TW
2025-09-02,23.45038414001465,23.75,1090671.0,8150,8150.TW
2025-09-03,25.77073860168457,26.100000381469727,10673209.0,8150,8150.TW
2025-09-04,26.21506118774414,26.549999237060547,13181622.0,8150,8150.TW
2025-09-05,26.610015869140625,26.950000762939453,6044600.0,8150,8150.TW
2025-09-08,27.20244598388672,27.549999237060547,4591050.0,8150,8150.TW
2025-09-09,26.955598831176758,27.299999237060547,3398300.0,8150,8150.TW
2025-09-10,27.00497055053711,27.350000381469727,3510646.0,8150,8150.TW
2025-09-11,26.46190643310547,26.799999237060547,2853090.0,8150,8150.TW
2025-09-12,26.955598831176758,27.299999237060547,2681188.0,8150,8150.TW
2025-09-15,27.64676856994629,28.0,4019282.0,8150,8150.TW
2025-09-16,28.041723251342773,28.399999618530273,3553653.0,8150,8150.TW
2025-09-17,27.992353439331055,28.350000381469727,5115258.0,8150,8150.TW
2025-09-18,28.979738235473633,29.350000381469727,8959595.0,8150,8150.TW
2025-09-19,29.3253231048584,29.700000762939453,6484701.0,8150,8150.TW
2025-09-22,29.226585388183594,29.600000381469727,4056721.0,8150,8150.TW
2025-09-23,30.06586265563965,30.450000762939453,9268680.0,8150,8150.TW
2025-09-24,29.96712303161621,30.350000381469727,5258550.0,8150,8150.TW
2025-09-25,29.621538162231445,30.0,3100799.0,8150,8150.TW
2025-09-26,28.683523178100586,29.049999237060547,3511750.0,8150,8150.TW
2025-09-30,29.127845764160156,29.5,2490296.0,8150,8150.TW
2025-10-01,29.177215576171875,29.549999237060547,2115459.0,8150,8150.TW
2025-10-02,31.053247451782227,31.450000762939453,15953090.0,8150,8150.TW
2025-10-03,30.01649284362793,30.399999618530273,11350946.0,8150,8150.TW
2025-10-07,30.855770111083984,31.25,7954731.0,8150,8150.TW
2025-10-08,30.65829086303711,31.049999237060547,3199277.0,8150,8150.TW
2025-10-09,31.300092697143555,31.700000762939453,5864061.0,8150,8150.TW
2025-10-13,30.01649284362793,30.399999618530273,6290716.0,8150,8150.TW
2025-10-14,29.67090606689453,30.049999237060547,4512238.0,8150,8150.TW
2025-10-15,29.819015502929688,30.200000762939453,6249467.0,8150,8150.TW
2025-10-16,30.806400299072266,31.200000762939453,4448020.0,8150,8150.TW
2025-10-17,31.003875732421875,31.399999618530273,5068501.0,8150,8150.TW
2025-10-20,32.04063034057617,32.45000076293945,9851746.0,8150,8150.TW
2025-10-21,31.645675659179688,32.04999923706055,5125765.0,8150,8150.TW
2025-10-22,31.546939849853516,31.950000762939453,3359244.0,8150,8150.TW
2025-10-23,31.20135498046875,31.600000381469727,3356652.0,8150,8150.TW
2025-10-27,33.47233963012695,33.900001525878906,14207842.0,8150,8150.TW
2025-10-28,35.1508903503418,35.599998474121094,41028921.0,8150,8150.TW
2025-10-29,33.66981506347656,34.099998474121094,15057274.0,8150,8150.TW
2025-10-30,32.83053970336914,33.25,9266542.0,8150,8150.TW
2025-10-31,32.09000015258789,32.5,5651794.0,8150,8150.TW
2025-11-03,33.66981506347656,34.099998474121094,7351916.0,8150,8150.TW
2025-11-04,32.38621520996094,32.79999923706055,15866405.0,8150,8150.TW
2025-11-05,32.78116989135742,33.20000076293945,4266355.0,8150,8150.TW
2025-11-06,34.41035079956055,34.849998474121094,17249700.0,8150,8150.TW
2025-11-07,33.66981506347656,34.099998474121094,21275355.0,8150,8150.TW
2025-11-10,34.95341873168945,35.400001525878906,20699143.0,8150,8150.TW
2025-11-11,35.940799713134766,36.400001525878906,48467005.0,8150,8150.TW
2025-11-12,39.495384216308594,40.0,52391048.0,8150,8150.TW
2025-11-13,43.444923400878906,44.0,52144236.0,8150,8150.TW
2025-11-14,47.3450927734375,47.95000076293945,158819224.0,8150,8150.TW
2025-11-17,45.469058990478516,46.04999923706055,114943708.0,8150,8150.TW
2025-11-18,45.91338348388672,46.5,55205293.0,8150,8150.TW
2025-11-19,46.3083381652832,46.900001525878906,55368264.0,8150,8150.TW
2025-11-20,46.70329284667969,47.29999923706055,72368045.0,8150,8150.TW
2025-11-21,44.58041763305664,45.150001525878906,27226706.0,8150,8150.TW
2025-11-24,43.74113845825195,44.29999923706055,27050512.0,8150,8150.TW
2025-11-25,43.790504455566406,44.349998474121094,23586358.0,8150,8150.TW
2025-11-26,41.618263244628906,42.150001525878906,21152131.0,8150,8150.TW
2025-11-27,42.704383850097656,43.25,15991675.0,8150,8150.TW
2025-11-28,42.210693359375,42.75,11362486.0,8150,8150.TW
2025-12-01,41.91447830200195,42.45000076293945,14420176.0,8150,8150.TW
2025-12-02,43.29681396484375,43.849998474121094,22214139.0,8150,8150.TW
2025-12-03,43.29681396484375,43.849998474121094,37071622.0,8150,8150.TW
2025-12-04,43.24744415283203,43.79999923706055,16138359.0,8150,8150.TW
2025-12-05,43.0005989074707,43.54999923706055,14028603.0,8150,8150.TW
2025-12-08,45.32095718383789,45.900001525878906,39072602.0,8150,8150.TW
2025-12-09,46.70329284667969,47.29999923706055,61501513.0,8150,8150.TW
2025-12-10,44.92599868774414,45.5,37855706.0,8150,8150.TW
2025-12-11,45.0741081237793,45.650001525878906,17848937.0,8150,8150.TW
2025-12-12,45.864017486572266,46.45000076293945,26319071.0,8150,8150.TW
2025-12-15,43.98798370361328,44.54999923706055,13600912.0,8150,8150.TW
2025-12-16,43.24744415283203,43.79999923706055,12911242.0,8150,8150.TW
2025-12-17,44.185462951660156,44.75,11957565.0,8150,8150.TW
2025-12-18,44.13609313964844,44.70000076293945,13749083.0,8150,8150.TW
2025-12-19,43.59303283691406,44.150001525878906,26794681.0,8150,8150.TW
2025-12-22,45.41969299316406,46.0,24367498.0,8150,8150.TW
2025-12-23,44.67915344238281,45.25,10992386.0,8150,8150.TW
2025-12-24,45.123477935791016,45.70000076293945,10303750.0,8150,8150.TW
2025-12-26,47.39446258544922,48.0,49115654.0,8150,8150.TW
2025-12-29,46.999507904052734,47.599998474121094,37145838.0,8150,8150.TW
2025-12-30,47.64130783081055,48.25,35223537.0,8150,8150.TW
2025-12-31,46.5551872253418,47.150001525878906,43625530.0,8150,8150.TW
2026-01-02,47.98689270019531,48.599998474121094,30020247.0,8150,8150.TW
2026-01-05,47.59193801879883,48.20000076293945,65535404.0,8150,8150.TW
2026-01-06,50.85030746459961,51.5,58665194.0,8150,8150.TW
2026-01-07,52.52886199951172,53.20000076293945,65986880.0,8150,8150.TW
2026-01-08,52.33138656616211,53.0,35222978.0,8150,8150.TW
2026-01-09,57.56452178955078,58.29999923706055,76778689.0,8150,8150.TW
2026-01-12,58.45317077636719,59.20000076293945,175710852.0,8150,8150.TW
2026-01-13,58.25569152832031,59.0,114190764.0,8150,8150.TW
2026-01-14,58.6506462097168,59.400001525878906,44873793.0,8150,8150.TW
2026-01-15,60.82289123535156,61.599998474121094,62425295.0,8150,8150.TW
2026-01-16,66.84593200683594,67.69999694824219,77902051.0,8150,8150.TW
2026-01-19,69.9068374633789,70.80000305175781,167888899.0,8150,8150.TW
2026-01-20,70.79547119140625,71.69999694824219,90834702.0,8150,8150.TW
2026-01-21,65.36486053466797,66.19999694824219,66831556.0,8150,8150.TW
2026-01-22,65.06864929199219,65.9000015258789,42933800.0,8150,8150.TW
2026-01-23,65.06864929199219,65.9000015258789,56211332.0,8150,8150.TW
2026-01-26,65.36486053466797,66.19999694824219,40947435.0,8150,8150.TW
2026-01-27,65.75981140136719,66.5999984741211,43697369.0,8150,8150.TW
2026-01-28,64.77243041992188,65.5999984741211,34696769.0,8150,8150.TW
2026-01-29,61.41532516479492,62.20000076293945,36980701.0,8150,8150.TW
2026-01-30,59.440555572509766,60.20000076293945,31538088.0,8150,8150.TW
2026-02-02,57.16957092285156,57.900001525878906,24638375.0,8150,8150.TW
2026-02-03,55.589752197265625,56.29999923706055,30528775.0,8150,8150.TW
2026-02-04,55.589752197265625,56.29999923706055,14344648.0,8150,8150.TW
2026-02-05,52.43012237548828,53.099998474121094,14169428.0,8150,8150.TW
2026-02-06,51.34400177001953,52.0,17207038.0,8150,8150.TW
2026-02-09,52.92381286621094,53.599998474121094,19573731.0,8150,8150.TW
2026-02-10,52.33138656616211,53.0,14353881.0,8150,8150.TW
2026-02-11,52.726341247558594,53.400001525878906,14757490.0,8150,8150.TW
2026-02-23,54.70111083984375,55.400001525878906,18479580.0,8150,8150.TW
2026-02-24,58.35443115234375,59.099998474121094,28826064.0,8150,8150.TW
2026-02-25,64.18000030517578,65.0,80034735.0,8150,8150.TW
2026-02-26,70.5979995727539,71.5,120508773.0,8150,8150.TW
2026-03-02,67.04341888427734,67.9000015258789,80184123.0,8150,8150.TW
2026-03-03,61.119110107421875,61.900001525878906,68171014.0,8150,8150.TW
2026-03-04,57.36704635620117,58.099998474121094,22114346.0,8150,8150.TW
2026-03-05,62.10649490356445,62.900001525878906,30071957.0,8150,8150.TW
2026-03-06,61.119110107421875,61.900001525878906,17268464.0,8150,8150.TW
2026-03-09,57.66326141357422,58.400001525878906,10363335.0,8150,8150.TW
2026-03-10,59.04560089111328,59.79999923706055,11653374.0,8150,8150.TW
2026-03-11,62.60018539428711,63.400001525878906,15480116.0,8150,8150.TW
2026-03-12,60.32919692993164,61.099998474121094,14509657.0,8150,8150.TW
2026-03-13,59.73677062988281,60.5,6797409.0,8150,8150.TW
2026-03-16,61.119110107421875,61.900001525878906,10995731.0,8150,8150.TW
2026-03-17,63.58757019042969,64.4000015258789,22424851.0,8150,8150.TW
2026-03-18,63.7850456237793,64.5999984741211,16554950.0,8150,8150.TW
2026-03-19,62.60018539428711,63.400001525878906,9094231.0,8150,8150.TW
2026-03-20,61.71154022216797,62.5,15880908.0,8150,8150.TW
2026-03-23,57.56452178955078,58.29999923706055,7032228.0,8150,8150.TW
2026-03-24,56.379661560058594,57.099998474121094,8885090.0,8150,8150.TW
2026-03-25,58.35443115234375,59.099998474121094,6895889.0,8150,8150.TW
2026-03-26,57.762001037597656,58.5,7570690.0,8150,8150.TW
2026-03-27,55.589752197265625,56.29999923706055,7743517.0,8150,8150.TW
2026-03-30,55.7872314453125,56.5,7803429.0,8150,8150.TW
2026-03-31,52.92381286621094,53.599998474121094,8035507.0,8150,8150.TW
2026-04-01,54.79984664916992,55.5,5007331.0,8150,8150.TW
2026-04-02,55.98470687866211,56.70000076293945,8709646.0,8150,8150.TW
2026-04-07,56.280921936035156,57.0,12274159.0,8150,8150.TW
2026-04-08,60.1317253112793,60.900001525878906,12670015.0,8150,8150.TW
2026-04-09,59.638031005859375,60.400001525878906,8945330.0,8150,8150.TW
2026-04-10,60.62541580200195,61.400001525878906,12939702.0,8150,8150.TW
2026-04-13,62.10649490356445,62.900001525878906,13312988.0,8150,8150.TW
2026-04-14,62.205230712890625,63.0,11001055.0,8150,8150.TW
2026-04-15,66.15476989746094,67.0,39370202.0,8150,8150.TW
2026-04-16,72.7702407836914,73.69999694824219,49889722.0,8150,8150.TW
2026-04-17,66.45098876953125,67.30000305175781,72084287.0,8150,8150.TW
2026-04-20,66.54972839355469,67.4000015258789,43433494.0,8150,8150.TW
2026-04-21,73.16519927978516,74.0999984741211,54656752.0,8150,8150.TW
2026-04-22,78.79329681396484,79.80000305175781,109292027.0,8150,8150.TW
2026-04-23,70.99295806884766,71.9000015258789,58221964.0,8150,8150.TW
2026-04-24,68.91944885253906,69.80000305175781,36734003.0,8150,8150.TW
2026-04-27,66.9446792602539,67.80000305175781,20065424.0,8150,8150.TW
2026-04-28,67.43836975097656,68.30000305175781,11459830.0,8150,8150.TW
2026-04-29,66.15476989746094,67.0,9693220.0,8150,8150.TW
2026-04-30,68.91944885253906,69.80000305175781,32570889.0,8150,8150.TW
2026-05-04,75.53491973876953,76.5,43520009.0,8150,8150.TW
2026-05-05,83.03904724121094,84.0999984741211,19804982.0,8150,8150.TW
2026-05-06,88.07470703125,89.19999694824219,74242636.0,8150,8150.TW
2026-05-07,96.8624267578125,98.0999984741211,80264903.0,8150,8150.TW
2026-05-08,91.53054809570312,92.69999694824219,101044069.0,8150,8150.TW
2026-05-11,89.85199737548828,91.0,51066386.0,8150,8150.TW
2026-05-12,85.90245819091797,87.0,33908835.0,8150,8150.TW
2026-05-13,84.42138671875,85.5,28492721.0,8150,8150.TW
2026-05-14,82.84156799316406,83.9000015258789,31111503.0,8150,8150.TW
2026-05-15,79.8794174194336,80.9000015258789,23364328.0,8150,8150.TW
2026-05-18,81.26175689697266,82.30000305175781,18465871.0,8150,8150.TW
2026-05-19,76.62104797363281,77.5999984741211,17178214.0,8150,8150.TW
2026-05-20,73.46141815185547,74.4000015258789,14799426.0,8150,8150.TW
2026-05-21,74.94249725341797,75.9000015258789,13647139.0,8150,8150.TW
2026-05-22,78.10211944580078,79.0999984741211,45852530.0,8150,8150.TW
2026-05-25,85.70498657226562,86.80000305175781,50921726.0,8150,8150.TW
2026-05-26,84.32264709472656,85.4000015258789,43795036.0,8150,8150.TW
2026-05-27,92.71541595458984,93.9000015258789,89928220.0,8150,8150.TW
2026-05-28,101.70061492919922,103.0,111316379.0,8150,8150.TW
2026-05-29,111.574462890625,113.0,13718900.0,8150,8150.TW
2026-06-01,105.15646362304688,106.5,107033028.0,8150,8150.TW
2026-06-02,97.35612487792969,98.5999984741211,60335869.0,8150,8150.TW
2026-06-03,94.59144592285156,95.80000305175781,49487686.0,8150,8150.TW
2026-06-04,97.84981536865234,99.0999984741211,79022903.0,8150,8150.TW
2026-06-05,95.5788345336914,96.80000305175781,33796690.0,8150,8150.TW
2026-06-08,86.09993743896484,87.19999694824219,5642158.0,8150,8150.TW
2026-06-09,94.690185546875,95.9000015258789,59503773.0,8150,8150.TW
2026-06-10,87.18606567382812,88.30000305175781,77865790.0,8150,8150.TW
2026-06-11,95.87504577636719,97.0999984741211,64819270.0,8150,8150.TW
2026-06-12,95.77630615234375,97.0,82625492.0,8150,8150.TW
2026-06-15,94.690185546875,95.9000015258789,43689388.0,8150,8150.TW
2026-06-16,93.40658569335938,94.5999984741211,47093858.0,8150,8150.TW
2026-06-17,93.70280456542969,94.9000015258789,26894759.0,8150,8150.TW
2026-06-18,102.68800354003906,104.0,72390881.0,8150,8150.TW
2026-06-22,112.56184387207031,114.0,51288861.0,8150,8150.TW
2026-06-23,105.15646362304688,106.5,86076325.0,8150,8150.TW
2026-06-24,101.70061492919922,103.0,36856237.0,8150,8150.TW
2026-06-25,94.78892517089844,96.0,53213465.0,8150,8150.TW
2026-06-26,96.2699966430664,97.5,63437552.0,8150,8150.TW
2026-06-29,90.5,90.5,52486053.0,8150,8150.TW
2026-06-30,99.5,99.5,40610593.0,8150,8150.TW
2026-07-01,107.0,107.0,116406256.0,8150,8150.TW
2026-07-02,108.5,108.5,84016402.0,8150,8150.TW
2026-07-03,105.0,105.0,36043356.0,8150,8150.TW
2026-07-06,115.5,115.5,50846003.0,8150,8150.TW
2026-07-07,109.0,109.0,93885519.0,8150,8150.TW
2026-07-08,106.5,106.5,41396257.0,8150,8150.TW
2026-07-09,117.0,117.0,65043855.0,8150,8150.TW
2026-07-10,117.0,117.0,0.0,8150,8150.TW
2026-07-13,115.0,115.0,106420778.0,8150,8150.TW
2026-07-14,104.0,104.0,61553424.0,8150,8150.TW
2026-07-15,114.0,114.0,56884207.0,8150,8150.TW
2026-07-16,122.5,122.5,179238947.0,8150,8150.TW
2026-07-17,110.5,110.5,75522415.0,8150,8150.TW
2026-07-20,103.0,103.0,49471615.0,8150,8150.TW
2026-07-21,104.0,104.0,75889002.0,8150,8150.TW
2026-07-22,100.0,100.0,100906421.0,8150,8150.TW
2026-07-23,98.19999694824219,98.19999694824219,76124946.0,8150,8150.TW
2026-07-24,90.80000305175781,90.80000305175781,47990108.0,8150,8150.TW
2026-07-27,89.9000015258789,89.9000015258789,34167093.0,8150,8150.TW
2026-07-28,81.0,81.0,22925433.0,8150,8150.TW
2026-07-29,72.9000015258789,72.9000015258789,23107758.0,8150,8150.TW
2026-07-30,66.0,66.0,43582092.0,8150,8150.TW
2026-07-31,72.5999984741211,72.5999984741211,8993012.0,8150,8150.TW
2025-05-27,54.0596923828125,55.29999923706055,4658123.0,8358,8358.TWO
2025-05-28,53.37539291381836,54.599998474121094,2048049.0,8358,8358.TWO
2025-05-29,53.37539291381836,54.599998474121094,1604209.0,8358,8358.TWO
2025-06-02,51.909034729003906,53.099998474121094,1221409.0,8358,8358.TWO
2025-06-03,54.743995666503906,56.0,5047358.0,8358,8358.TWO
2025-06-04,54.352962493896484,55.599998474121094,3442311.0,8358,8358.TWO
2025-06-05,53.961936950683594,55.20000076293945,1414177.0,8358,8358.TWO
2025-06-06,53.17988204956055,54.400001525878906,871032.0,8358,8358.TWO
2025-06-09,56.503623962402344,57.79999923706055,8785461.0,8358,8358.TWO
2025-06-10,55.72156524658203,57.0,6318140.0,8358,8358.TWO
2025-06-11,55.917083740234375,57.20000076293945,2688955.0,8358,8358.TWO
2025-06-12,56.40586471557617,57.70000076293945,8592502.0,8358,8358.TWO
2025-06-13,55.72156524658203,57.0,3667758.0,8358,8358.TWO
2025-06-16,56.308109283447266,57.599998474121094,2210250.0,8358,8358.TWO
2025-06-17,56.11259460449219,57.400001525878906,2812254.0,8358,8358.TWO
2025-06-18,56.79689407348633,58.099998474121094,3308837.0,8358,8358.TWO
2025-06-19,55.81932067871094,57.099998474121094,2944350.0,8358,8358.TWO
2025-06-20,54.743995666503906,56.0,1929648.0,8358,8358.TWO
2025-06-23,55.623809814453125,56.900001525878906,1629171.0,8358,8358.TWO
2025-06-24,56.699134826660156,58.0,2274976.0,8358,8358.TWO
2025-06-25,57.28567886352539,58.599998474121094,6413730.0,8358,8358.TWO
2025-06-26,56.699134826660156,58.0,3629774.0,8358,8358.TWO
2025-06-27,56.601383209228516,57.900001525878906,1825380.0,8358,8358.TWO
2025-06-30,56.79689407348633,58.099998474121094,3451310.0,8358,8358.TWO
2025-07-01,56.699134826660156,58.0,3796011.0,8358,8358.TWO
2025-07-02,57.38343811035156,58.70000076293945,3702298.0,8358,8358.TWO
2025-07-03,57.187923431396484,58.5,2365045.0,8358,8358.TWO
2025-07-04,55.917083740234375,57.20000076293945,2362351.0,8358,8358.TWO
2025-07-07,55.03726577758789,56.29999923706055,1017362.0,8358,8358.TWO
2025-07-08,55.917083740234375,57.20000076293945,1537561.0,8358,8358.TWO
2025-07-09,61.489234924316406,62.900001525878906,29975648.0,8358,8358.TWO
2025-07-10,67.5501708984375,69.0999984741211,76991934.0,8358,8358.TWO
2025-07-11,70.9716796875,72.5999984741211,102765100.0,8358,8358.TWO
2025-07-14,71.16719818115234,72.80000305175781,27061433.0,8358,8358.TWO
2025-07-15,75.17523193359375,76.9000015258789,87601707.0,8358,8358.TWO
2025-07-16,72.63355255126953,74.30000305175781,48259483.0,8358,8358.TWO
2025-07-17,79.8675765991211,81.69999694824219,79016141.0,8358,8358.TWO
2025-07-18,81.72496032714844,83.5999984741211,82366719.0,8358,8358.TWO
2025-07-21,89.88861083984375,90.30000305175781,47779049.0,8358,8358.TWO
2025-07-22,86.60364532470703,87.0,86398060.0,8358,8358.TWO
2025-07-23,89.1917953491211,89.5999984741211,62471621.0,8358,8358.TWO
2025-07-24,97.0558090209961,97.5,98779816.0,8358,8358.TWO
2025-07-25,97.0558090209961,97.5,46789219.0,8358,8358.TWO
2025-07-28,106.51252746582031,107.0,51571724.0,8358,8358.TWO
2025-07-29,105.51708221435547,106.0,73661027.0,8358,8358.TWO
2025-07-30,113.48063659667969,114.0,76441183.0,8358,8358.TWO
2025-07-31,117.96013641357422,118.5,99991916.0,8358,8358.TWO
2025-08-04,107.50797271728516,108.0,42229779.0,8358,8358.TWO
2025-08-05,110.49430084228516,111.0,56129971.0,8358,8358.TWO
2025-08-06,112.98291778564453,113.5,44060211.0,8358,8358.TWO
2025-08-07,113.48063659667969,114.0,51517935.0,8358,8358.TWO
2025-08-08,124.4305191040039,125.0,40272594.0,8358,8358.TWO
2025-08-11,130.40318298339844,131.0,87236701.0,8358,8358.TWO
2025-08-12,139.8599090576172,140.5,125285088.0,8358,8358.TWO
2025-08-13,138.8644561767578,139.5,74547720.0,8358,8358.TWO
2025-08-14,152.30296325683594,153.0,28313736.0,8358,8358.TWO
2025-08-15,167.234619140625,168.0,61583685.0,8358,8358.TWO
2025-08-18,183.65945434570312,184.5,58431103.0,8358,8358.TWO
2025-08-19,167.234619140625,168.0,20174004.0,8358,8358.TWO
2025-08-20,161.261962890625,162.0,29478313.0,8358,8358.TWO
2025-08-21,177.18905639648438,178.0,17222754.0,8358,8358.TWO
2025-08-22,179.67767333984375,180.5,14223012.0,8358,8358.TWO
2025-08-25,197.59567260742188,198.5,12257611.0,8358,8358.TWO
2025-08-26,210.03872680664062,211.0,13813129.0,8358,8358.TWO
2025-08-27,213.02505493164062,214.0,18399471.0,8358,8358.TWO
2025-08-28,202.57289123535156,203.5,8030819.0,8358,8358.TWO
2025-08-29,216.5091094970703,217.5,10007676.0,8358,8358.TWO
2025-09-01,195.1070556640625,196.0,14992538.0,8358,8358.TWO
2025-09-02,214.51821899414062,215.5,93221263.0,8358,8358.TWO
2025-09-03,211.03416442871094,212.0,139528533.0,8358,8358.TWO
2025-09-04,206.05694580078125,207.0,66351694.0,8358,8358.TWO
2025-09-05,226.4635467529297,227.5,65654172.0,8358,8358.TWO
2025-09-08,231.44076538085938,232.5,80378504.0,8358,8358.TWO
2025-09-09,254.3359832763672,255.5,70780842.0,8358,8358.TWO
2025-09-10,260.8063659667969,262.0,84537944.0,8358,8358.TWO
2025-09-11,247.8656005859375,249.0,72558538.0,8358,8358.TWO
2025-09-12,232.43621826171875,233.5,136055707.0,8358,8358.TWO
2025-09-15,209.54100036621094,210.5,47132561.0,8358,8358.TWO
2025-09-16,213.02505493164062,214.0,63139679.0,8358,8358.TWO
2025-09-17,208.54556274414062,209.5,76949132.0,8358,8358.TWO
2025-09-18,218.5,219.5,61854844.0,8358,8358.TWO
2025-09-19,229.44989013671875,230.5,70544744.0,8358,8358.TWO
2025-09-22,247.3678741455078,248.5,61590005.0,8358,8358.TWO
2025-09-23,240.39976501464844,241.5,75440406.0,8358,8358.TWO
2025-09-24,231.44076538085938,232.5,44384549.0,8358,8358.TWO
2025-09-25,234.42710876464844,235.5,68381398.0,8358,8358.TWO
2025-09-26,219.9931640625,221.0,50069672.0,8358,8358.TWO
2025-09-30,230.94305419921875,232.0,37510134.0,8358,8358.TWO
2025-10-01,231.44076538085938,232.5,59454998.0,8358,8358.TWO
2025-10-02,232.93394470214844,234.0,38505944.0,8358,8358.TWO
2025-10-03,232.43621826171875,233.5,34838567.0,8358,8358.TWO
2025-10-07,255.33143615722656,256.5,73181480.0,8358,8358.TWO
2025-10-08,241.89292907714844,243.0,71358353.0,8358,8358.TWO
2025-10-09,237.41343688964844,238.5,35356665.0,8358,8358.TWO
2025-10-13,220.4908905029297,221.5,42634627.0,8358,8358.TWO
2025-10-14,203.07061767578125,204.0,52432614.0,8358,8358.TWO
2025-10-15,211.03416442871094,212.0,47950421.0,8358,8358.TWO
2025-10-16,211.53189086914062,212.5,29698014.0,8358,8358.TWO
2025-10-17,207.05238342285156,208.0,20131053.0,8358,8358.TWO
2025-10-20,219.4954376220703,220.5,46688290.0,8358,8358.TWO
2025-10-21,215.513671875,216.5,4465839.0,8358,8358.TWO
2025-10-22,215.0159454345703,216.0,2663915.0,8358,8358.TWO
2025-10-23,208.04783630371094,209.0,3820546.0,8358,8358.TWO
2025-10-27,217.0068359375,218.0,5007356.0,8358,8358.TWO
2025-10-28,224.47265625,225.5,6581218.0,8358,8358.TWO
2025-10-29,226.96127319335938,228.0,4803331.0,8358,8358.TWO
2025-10-30,221.9840545654297,223.0,3894977.0,8358,8358.TWO
2025-10-31,233.43165588378906,234.5,7648831.0,8358,8358.TWO
2025-11-03,255.8291473388672,257.0,13124953.0,8358,8358.TWO
2025-11-04,237.41343688964844,238.5,11281916.0,8358,8358.TWO
2025-11-05,230.94305419921875,232.0,43946598.0,8358,8358.TWO
2025-11-06,225.96583557128906,227.0,2884728.0,8358,8358.TWO
2025-11-07,218.9977264404297,220.0,4256423.0,8358,8358.TWO
2025-11-10,226.96127319335938,228.0,2784261.0,8358,8358.TWO
2025-11-11,223.4772186279297,224.5,2009132.0,8358,8358.TWO
2025-11-12,236.91571044921875,238.0,4856481.0,8358,8358.TWO
2025-11-13,231.93849182128906,233.0,2414537.0,8358,8358.TWO
2025-11-14,224.9703826904297,226.0,1237196.0,8358,8358.TWO
2025-11-17,229.44989013671875,230.5,1719578.0,8358,8358.TWO
2025-11-18,218.0022735595703,219.0,2631248.0,8358,8358.TWO
2025-11-19,216.01138305664062,217.0,2971520.0,8358,8358.TWO
2025-11-20,237.41343688964844,238.5,31415107.0,8358,8358.TWO
2025-11-21,231.93849182128906,233.0,69437747.0,8358,8358.TWO
2025-11-24,232.93394470214844,234.0,80310131.0,8358,8358.TWO
2025-11-25,227.9567108154297,229.0,43230203.0,8358,8358.TWO
2025-11-26,218.0022735595703,219.0,5723073.0,8358,8358.TWO
2025-11-27,226.96127319335938,228.0,1755926.0,8358,8358.TWO
2025-11-28,228.95216369628906,230.0,1455236.0,8358,8358.TWO
2025-12-01,226.4635467529297,227.5,1013146.0,8358,8358.TWO
2025-12-02,225.96583557128906,227.0,2186246.0,8358,8358.TWO
2025-12-03,231.93849182128906,233.0,1621970.0,8358,8358.TWO
2025-12-04,234.92481994628906,236.0,1499952.0,8358,8358.TWO
2025-12-05,234.92481994628906,236.0,1813739.0,8358,8358.TWO
2025-12-08,242.8883819580078,244.0,3819947.0,8358,8358.TWO
2025-12-09,252.8428192138672,254.0,4911177.0,8358,8358.TWO
2025-12-10,277.7289123535156,279.0,79799361.0,8358,8358.TWO
2025-12-11,274.7425842285156,276.0,82810200.0,8358,8358.TWO
2025-12-12,267.2767639160156,268.5,30017591.0,8358,8358.TWO
2025-12-15,272.751708984375,274.0,24507926.0,8358,8358.TWO
2025-12-16,245.8747100830078,247.0,32394356.0,8358,8358.TWO
2025-12-17,237.41343688964844,238.5,3539823.0,8358,8358.TWO
2025-12-18,241.89292907714844,243.0,2146112.0,8358,8358.TWO
2025-12-19,243.88381958007812,245.0,977721.0,8358,8358.TWO
2025-12-22,247.8656005859375,249.0,1379350.0,8358,8358.TWO
2025-12-23,250.8519287109375,252.0,1923650.0,8358,8358.TWO
2025-12-24,259.3132019042969,260.5,2170058.0,8358,8358.TWO
2025-12-26,265.285888671875,266.5,2009761.0,8358,8358.TWO
2025-12-29,270.2630920410156,271.5,2139399.0,8358,8358.TWO
2025-12-30,270.2630920410156,271.5,1725296.0,8358,8358.TWO
2025-12-31,275.738037109375,277.0,3184663.0,8358,8358.TWO
2026-01-02,288.6788024902344,290.0,55724101.0,8358,8358.TWO
2026-01-05,271.7562561035156,273.0,31403258.0,8358,8358.TWO
2026-01-06,271.258544921875,272.5,12802241.0,8358,8358.TWO
2026-01-07,264.78814697265625,266.0,14098055.0,8358,8358.TWO
2026-01-08,253.83827209472656,255.0,20558610.0,8358,8358.TWO
2026-01-09,257.32232666015625,258.5,2041594.0,8358,8358.TWO
2026-01-12,254.83370971679688,256.0,1704421.0,8358,8358.TWO
2026-01-13,251.84738159179688,253.0,1834236.0,8358,8358.TWO
2026-01-14,259.8109436035156,261.0,1751926.0,8358,8358.TWO
2026-01-15,266.779052734375,268.0,2232744.0,8358,8358.TWO
2026-01-16,270.76080322265625,272.0,2093356.0,8358,8358.TWO
2026-01-19,276.2357482910156,277.5,2805816.0,8358,8358.TWO
2026-01-20,281.710693359375,283.0,3233751.0,8358,8358.TWO
2026-01-21,280.71527099609375,282.0,3708005.0,8358,8358.TWO
2026-01-22,293.1583251953125,294.5,4723323.0,8358,8358.TWO
2026-01-23,273.2494201660156,274.5,38172807.0,8358,8358.TWO
2026-01-26,268.7699279785156,270.0,18718109.0,8358,8358.TWO
2026-01-27,281.710693359375,283.0,26476607.0,8358,8358.TWO
2026-01-28,274.244873046875,275.5,17726554.0,8358,8358.TWO
2026-01-29,262.2995300292969,263.5,15910312.0,8358,8358.TWO
2026-01-30,260.8063659667969,262.0,2473524.0,8358,8358.TWO
2026-02-02,241.89292907714844,243.0,3155224.0,8358,8358.TWO
2026-02-03,246.3724365234375,247.5,2191736.0,8358,8358.TWO
2026-02-04,258.81549072265625,260.0,2271249.0,8358,8358.TWO
2026-02-05,248.8610382080078,250.0,1987571.0,8358,8358.TWO
2026-02-06,236.91571044921875,238.0,2143295.0,8358,8358.TWO
2026-02-09,248.8610382080078,250.0,1552457.0,8358,8358.TWO
2026-02-10,256.8245849609375,258.0,1509617.0,8358,8358.TWO
2026-02-11,268.7699279785156,270.0,2937839.0,8358,8358.TWO
2026-02-23,272.2539978027344,273.5,9820497.0,8358,8358.TWO
2026-02-24,299.1309814453125,300.5,51975482.0,8358,8358.TWO
2026-02-25,290.6697082519531,292.0,43835289.0,8358,8358.TWO
2026-02-26,288.6788024902344,290.0,21017286.0,8358,8358.TWO
2026-03-02,285.19476318359375,286.5,13908537.0,8358,8358.TWO
2026-03-03,263.29498291015625,264.5,29943035.0,8358,8358.TWO
2026-03-04,260.8063659667969,262.0,47368772.0,8358,8358.TWO
2026-03-05,252.3450927734375,253.5,38789896.0,8358,8358.TWO
2026-03-06,256.8245849609375,258.0,2581492.0,8358,8358.TWO
2026-03-09,231.44076538085938,232.5,2580997.0,8358,8358.TWO
2026-03-10,223.97494506835938,225.0,6516047.0,8358,8358.TWO
2026-03-11,224.47265625,225.5,5323330.0,8358,8358.TWO
2026-03-12,227.9567108154297,229.0,2934988.0,8358,8358.TWO
2026-03-13,240.39976501464844,241.5,3230178.0,8358,8358.TWO
2026-03-16,248.8610382080078,250.0,2097905.0,8358,8358.TWO
2026-03-17,261.80181884765625,263.0,2962064.0,8358,8358.TWO
2026-03-18,272.2539978027344,273.5,4023896.0,8358,8358.TWO
2026-03-19,267.77447509765625,269.0,3025988.0,8358,8358.TWO
2026-03-20,244.3815460205078,245.5,25529298.0,8358,8358.TWO
2026-03-23,221.486328125,222.5,17536109.0,8358,8358.TWO
2026-03-24,220.4908905029297,221.5,13836299.0,8358,8358.TWO
2026-03-25,225.96583557128906,227.0,25569371.0,8358,8358.TWO
2026-03-26,248.3633270263672,249.5,24725605.0,8358,8358.TWO
2026-03-27,235.92027282714844,237.0,28890396.0,8358,8358.TWO
2026-03-30,232.43621826171875,233.5,11525961.0,8358,8358.TWO
2026-03-31,235.42254638671875,236.5,37323326.0,8358,8358.TWO
2026-04-01,241.89292907714844,243.0,19413237.0,8358,8358.TWO
2026-04-02,228.95216369628906,230.0,14270382.0,8358,8358.TWO
2026-04-07,242.39065551757812,243.5,12672429.0,8358,8358.TWO
2026-04-08,266.28131103515625,267.5,17155833.0,8358,8358.TWO
2026-04-09,270.76080322265625,272.0,37854080.0,8358,8358.TWO
2026-04-10,272.2539978027344,273.5,28441922.0,8358,8358.TWO
2026-04-13,285.6924743652344,287.0,40629311.0,8358,8358.TWO
2026-04-14,314.0626525878906,315.5,32725468.0,8358,8358.TWO
2026-04-15,331.9806213378906,333.5,81540391.0,8358,8358.TWO
2026-04-16,332.97607421875,334.5,45236175.0,8358,8358.TWO
2026-04-17,365.82574462890625,367.5,39710874.0,8358,8358.TWO
2026-04-20,402.1594543457031,404.0,49996092.0,8358,8358.TWO
2026-04-21,391.707275390625,393.5,57511726.0,8358,8358.TWO
2026-04-22,391.707275390625,393.5,8835900.0,8358,8358.TWO
2026-04-23,368.3143310546875,370.0,12610704.0,8358,8358.TWO
2026-04-24,357.8621826171875,359.5,8515059.0,8358,8358.TWO
2026-04-27,333.9715270996094,335.5,11486040.0,8358,8358.TWO
2026-04-28,360.3507995605469,362.0,8922898.0,8358,8358.TWO
2026-04-29,367.8166198730469,369.5,4802373.0,8358,8358.TWO
2026-04-30,386.7300720214844,388.5,7101430.0,8358,8358.TWO
2026-05-04,400.6662902832031,402.5,5896774.0,8358,8358.TWO
2026-05-05,431.02734375,433.0,9298721.0,8358,8358.TWO
2026-05-06,456.4111633300781,458.5,10358412.0,8358,8358.TWO
2026-05-07,466.8633117675781,469.0,34157285.0,8358,8358.TWO
2026-05-08,452.42938232421875,454.5,29379658.0,8358,8358.TWO
2026-05-11,459.89520263671875,462.0,29394820.0,8358,8358.TWO
2026-05-12,474.8268737792969,477.0,26724399.0,8358,8358.TWO
2026-05-13,453.92254638671875,456.0,19168620.0,8358,8358.TWO
2026-05-14,425.0546569824219,427.0,30761106.0,8358,8358.TWO
2026-05-15,387.7254943847656,389.5,2974589.0,8358,8358.TWO
2026-05-18,426.05010986328125,428.0,3058850.0,8358,8358.TWO
2026-05-19,427.0455627441406,429.0,2674233.0,8358,8358.TWO
2026-05-20,457.9043273925781,460.0,7266844.0,8358,8358.TWO
2026-05-21,495.731201171875,498.0,4457988.0,8358,8358.TWO
2026-05-22,519.6218872070312,522.0,4202780.0,8358,8358.TWO
2026-05-25,542.51708984375,545.0,2617995.0,8358,8358.TWO
2026-05-26,530.57177734375,533.0,2373541.0,8358,8358.TWO
2026-05-27,557.44873046875,560.0,4323282.0,8358,8358.TWO
2026-05-28,550.4806518554688,553.0,4646289.0,8358,8358.TWO
2026-05-29,605.2300415039062,608.0,19924922.0,8358,8358.TWO
2026-06-01,664.9567260742188,668.0,9891492.0,8358,8358.TWO
2026-06-02,624.1434936523438,627.0,39097240.0,8358,8358.TWO
2026-06-03,612.1981811523438,615.0,16963992.0,8358,8358.TWO
2026-06-04,562.4259643554688,565.0,17616533.0,8358,8358.TWO
2026-06-05,593.2847290039062,596.0,3204721.0,8358,8358.TWO
2026-06-08,583.3302612304688,586.0,2672983.0,8358,8358.TWO
2026-06-09,607.220947265625,610.0,2003398.0,8358,8358.TWO
2026-06-10,552.4714965820312,555.0,1810345.0,8358,8358.TWO
2026-06-11,537.5398559570312,540.0,3160477.0,8358,8358.TWO
2026-06-12,571.3849487304688,574.0,1875865.0,8358,8358.TWO
2026-06-15,621.1571655273438,624.0,1758126.0,8358,8358.TWO
2026-06-16,629.1207275390625,632.0,2227819.0,8358,8358.TWO
2026-06-17,637.0842895507812,640.0,1851984.0,8358,8358.TWO
2026-06-18,696.8109130859375,700.0,5083688.0,8358,8358.TWO
2026-06-22,687.8519287109375,691.0,25362836.0,8358,8358.TWO
2026-06-23,654.0068359375,657.0,17197917.0,8358,8358.TWO
2026-06-24,635.0933837890625,638.0,9507199.0,8358,8358.TWO
2026-06-25,627.1298217773438,630.0,8586277.0,8358,8358.TWO
2026-06-26,567.4031982421875,570.0,15253100.0,8358,8358.TWO
2026-06-29,543.5125122070312,546.0,9318494.0,8358,8358.TWO
2026-06-30,597.2664794921875,600.0,9618583.0,8358,8358.TWO
2026-07-01,584.3257446289062,587.0,12393268.0,8358,8358.TWO
2026-07-02,567.4031982421875,570.0,7849455.0,8358,8358.TWO
2026-07-03,587.3120727539062,590.0,7794661.0,8358,8358.TWO
2026-07-06,560.43505859375,563.0,9862414.0,8358,8358.TWO
2026-07-07,520.6173095703125,523.0,10362585.0,8358,8358.TWO
2026-07-08,520.6173095703125,523.0,6621795.0,8358,8358.TWO
2026-07-09,530.57177734375,533.0,8973088.0,8358,8358.TWO
2026-07-10,530.57177734375,533.0,0.0,8358,8358.TWO
2026-07-13,495.731201171875,498.0,9574937.0,8358,8358.TWO
2026-07-14,457.9043273925781,460.0,11148808.0,8358,8358.TWO
2026-07-15,460.3929443359375,462.5,5230922.0,8358,8358.TWO
2026-07-16,437.0,439.0,4253748.0,8358,8358.TWO
2026-07-17,398.5,398.5,7869318.0,8358,8358.TWO
2026-07-20,371.0,371.0,7367599.0,8358,8358.TWO
2026-07-21,394.5,394.5,8830972.0,8358,8358.TWO
2026-07-22,412.5,412.5,12870359.0,8358,8358.TWO
2026-07-23,406.5,406.5,7709765.0,8358,8358.TWO
2026-07-24,367.0,367.0,8030578.0,8358,8358.TWO
2026-07-27,371.0,371.0,8314568.0,8358,8358.TWO
2026-07-28,334.0,334.0,9432296.0,8358,8358.TWO
2026-07-29,301.0,301.0,9021756.0,8358,8358.TWO
2026-07-30,271.0,271.0,19400623.0,8358,8358.TWO
2026-07-31,298.0,298.0,5886115.0,8358,8358.TWO
2025-05-27,233.64793395996094,238.5,2207138.0,8996,8996.TW
2025-05-28,232.17843627929688,237.0,847032.0,8996,8996.TW
2025-05-29,236.58689880371094,241.5,1118023.0,8996,8996.TW
2025-06-02,234.62757873535156,239.5,810051.0,8996,8996.TW
2025-06-03,238.5462188720703,243.5,1607229.0,8996,8996.TW
2025-06-04,242.9546661376953,248.0,2686410.0,8996,8996.TW
2025-06-05,237.07672119140625,242.0,1398119.0,8996,8996.TW
2025-06-06,238.5462188720703,243.5,696101.0,8996,8996.TW
2025-06-09,234.13775634765625,239.0,1367304.0,8996,8996.TW
2025-06-10,257.15966796875,262.5,4994960.0,8996,8996.TW
2025-06-11,269.4053955078125,275.0,10639331.0,8996,8996.TW
2025-06-12,287.0391845703125,293.0,11697095.0,8996,8996.TW
2025-06-13,277.7324523925781,283.5,5729127.0,8996,8996.TW
2025-06-16,271.36468505859375,277.0,2621406.0,8996,8996.TW
2025-06-17,266.4664306640625,272.0,1973514.0,8996,8996.TW
2025-06-18,262.0579528808594,267.5,1933415.0,8996,8996.TW
2025-06-19,259.593017578125,261.0,2240043.0,8996,8996.TW
2025-06-20,264.5660705566406,266.0,1725327.0,8996,8996.TW
2025-06-23,260.0903015136719,261.5,1569171.0,8996,8996.TW
2025-06-24,269.04180908203125,270.5,1672089.0,8996,8996.TW
2025-06-25,266.0579833984375,267.5,2970473.0,8996,8996.TW
2025-06-26,259.593017578125,261.0,1668260.0,8996,8996.TW
2025-06-27,259.593017578125,261.0,3520234.0,8996,8996.TW
2025-06-30,255.6145782470703,257.0,1157172.0,8996,8996.TW
2025-07-01,255.6145782470703,257.0,1797050.0,8996,8996.TW
2025-07-02,254.61996459960938,256.0,1031236.0,8996,8996.TW
2025-07-03,258.598388671875,260.0,1418133.0,8996,8996.TW
2025-07-04,247.160400390625,248.5,3037442.0,8996,8996.TW
2025-07-07,243.1819610595703,244.5,1189554.0,8996,8996.TW
2025-07-08,246.16578674316406,247.5,801403.0,8996,8996.TW
2025-07-09,260.5876159667969,262.0,3144639.0,8996,8996.TW
2025-07-10,258.598388671875,260.0,1888488.0,8996,8996.TW
2025-07-11,267.0525817871094,268.5,2842786.0,8996,8996.TW
2025-07-14,260.5876159667969,262.0,1453073.0,8996,8996.TW
2025-07-15,263.5714416503906,265.0,1290265.0,8996,8996.TW
2025-07-16,261.0849304199219,262.5,2029255.0,8996,8996.TW
2025-07-17,262.07952880859375,263.5,686650.0,8996,8996.TW
2025-07-18,263.5714416503906,265.0,974257.0,8996,8996.TW
2025-07-21,260.5876159667969,262.0,967749.0,8996,8996.TW
2025-07-22,251.1388397216797,252.5,1934618.0,8996,8996.TW
2025-07-23,261.58221435546875,263.0,2985480.0,8996,8996.TW
2025-07-24,272.5229187011719,274.0,2917868.0,8996,8996.TW
2025-07-25,280.97711181640625,282.5,12210389.0,8996,8996.TW
2025-07-28,302.8585205078125,304.5,9314470.0,8996,8996.TW
2025-07-29,298.3827819824219,300.0,7389377.0,8996,8996.TW
2025-07-30,301.3666076660156,303.0,3002253.0,8996,8996.TW
2025-07-31,315.2911376953125,317.0,10805524.0,8996,8996.TW
2025-08-04,303.8531188964844,305.5,3304646.0,8996,8996.TW
2025-08-05,298.88006591796875,300.5,3119087.0,8996,8996.TW
2025-08-06,300.3719787597656,302.0,2460957.0,8996,8996.TW
2025-08-07,307.3342590332031,309.0,4673518.0,8996,8996.TW
2025-08-08,307.3342590332031,309.0,5203246.0,8996,8996.TW
2025-08-11,337.6698303222656,339.5,12512026.0,8996,8996.TW
2025-08-12,334.6860046386719,336.5,10290392.0,8996,8996.TW
2025-08-13,340.1563720703125,342.0,9786214.0,8996,8996.TW
2025-08-14,363.5296630859375,365.5,12573286.0,8996,8996.TW
2025-08-15,357.0647277832031,359.0,13675387.0,8996,8996.TW
2025-08-18,358.556640625,360.5,4645909.0,8996,8996.TW
2025-08-19,349.6051330566406,351.5,4570777.0,8996,8996.TW
2025-08-20,342.64288330078125,344.5,6931489.0,8996,8996.TW
2025-08-21,359.0539245605469,361.0,5954839.0,8996,8996.TW
2025-08-22,379.94073486328125,382.0,11588379.0,8996,8996.TW
2025-08-25,393.8652648925781,396.0,10903335.0,8996,8996.TW
2025-08-26,386.9029846191406,389.0,6317045.0,8996,8996.TW
2025-08-27,387.8976135253906,390.0,4002297.0,8996,8996.TW
2025-08-28,377.9515075683594,380.0,4102151.0,8996,8996.TW
2025-08-29,384.9137878417969,387.0,3371603.0,8996,8996.TW
2025-09-01,365.0215759277344,367.0,4808390.0,8996,8996.TW
2025-09-02,355.07550048828125,357.0,4035298.0,8996,8996.TW
2025-09-03,331.2048645019531,333.0,6407544.0,8996,8996.TW
2025-09-04,326.7291259765625,328.5,3958333.0,8996,8996.TW
2025-09-05,333.194091796875,335.0,2564311.0,8996,8996.TW
2025-09-08,341.1509704589844,343.0,3143234.0,8996,8996.TW
2025-09-09,335.1833190917969,337.0,2527826.0,8996,8996.TW
2025-09-10,339.6590576171875,341.5,2427538.0,8996,8996.TW
2025-09-11,346.6213073730469,348.5,6889392.0,8996,8996.TW
2025-09-12,338.6644592285156,340.5,7102732.0,8996,8996.TW
2025-09-15,336.67523193359375,338.5,2748537.0,8996,8996.TW
2025-09-16,334.6860046386719,336.5,1896240.0,8996,8996.TW
2025-09-17,326.7291259765625,328.5,2205275.0,8996,8996.TW
2025-09-18,332.69677734375,334.5,1364175.0,8996,8996.TW
2025-09-19,325.7345275878906,327.5,1692342.0,8996,8996.TW
2025-09-22,332.1994934082031,334.0,1772510.0,8996,8996.TW
2025-09-23,329.71295166015625,331.5,2862661.0,8996,8996.TW
2025-09-24,322.2533874511719,324.0,2342449.0,8996,8996.TW
2025-09-25,323.2480163574219,325.0,1719450.0,8996,8996.TW
2025-09-26,309.323486328125,311.0,3302754.0,8996,8996.TW
2025-09-30,328.7183532714844,330.5,1796564.0,8996,8996.TW
2025-10-01,357.56201171875,359.5,10347670.0,8996,8996.TW
2025-10-02,392.8706359863281,395.0,12827259.0,8996,8996.TW
2025-10-03,407.789794921875,410.0,13752355.0,8996,8996.TW
2025-10-07,405.3032531738281,407.5,6479061.0,8996,8996.TW
2025-10-08,398.83831787109375,401.0,3087108.0,8996,8996.TW
2025-10-09,426.6873474121094,429.0,9918834.0,8996,8996.TW
2025-10-13,416.74127197265625,419.0,6910801.0,8996,8996.TW
2025-10-14,458.0175476074219,460.5,2903523.0,8996,8996.TW
2025-10-15,503.27227783203125,506.0,20136713.0,8996,8996.TW
2025-10-16,547.0350952148438,550.0,18139398.0,8996,8996.TW
2025-10-17,540.0728149414062,543.0,7519902.0,8996,8996.TW
2025-10-20,526.1483154296875,529.0,2104913.0,8996,8996.TW
2025-10-21,517.19677734375,520.0,1821855.0,8996,8996.TW
2025-10-22,517.19677734375,520.0,2740068.0,8996,8996.TW
2025-10-23,502.2776794433594,505.0,1457725.0,8996,8996.TW
2025-10-27,530.126708984375,533.0,1668870.0,8996,8996.TW
2025-10-28,546.0404663085938,549.0,1909123.0,8996,8996.TW
2025-10-29,599.7493896484375,603.0,2564628.0,8996,8996.TW
2025-10-30,606.7116088867188,610.0,3037178.0,8996,8996.TW
2025-10-31,620.6361694335938,624.0,1777803.0,8996,8996.TW
2025-11-03,639.5337524414062,643.0,2042190.0,8996,8996.TW
2025-11-04,640.5283203125,644.0,9011061.0,8996,8996.TW
2025-11-05,603.727783203125,607.0,5614999.0,8996,8996.TW
2025-11-06,658.4313354492188,662.0,6420328.0,8996,8996.TW
2025-11-07,618.64697265625,622.0,5042949.0,8996,8996.TW
2025-11-10,619.6415405273438,623.0,6200749.0,8996,8996.TW
2025-11-11,575.8787231445312,579.0,1859338.0,8996,8996.TW
2025-11-12,519.18603515625,522.0,2142083.0,8996,8996.TW
2025-11-13,552.0081176757812,555.0,1854382.0,8996,8996.TW
2025-11-14,496.80731201171875,499.5,1408169.0,8996,8996.TW
2025-11-17,517.19677734375,520.0,729291.0,8996,8996.TW
2025-11-18,465.47711181640625,468.0,1346990.0,8996,8996.TW
2025-11-19,492.3315734863281,495.0,772251.0,8996,8996.TW
2025-11-20,510.2345275878906,513.0,500049.0,8996,8996.TW
2025-11-21,459.50946044921875,462.0,735054.0,8996,8996.TW
2025-11-24,475.4232177734375,478.0,937051.0,8996,8996.TW
2025-11-25,522.1698608398438,525.0,6556521.0,8996,8996.TW
2025-11-26,499.2938232421875,502.0,5239427.0,8996,8996.TW
2025-11-27,502.2776794433594,505.0,3681633.0,8996,8996.TW
2025-11-28,512.2237548828125,515.0,1949769.0,8996,8996.TW
2025-12-01,511.2291564941406,514.0,2806290.0,8996,8996.TW
2025-12-02,529.1321411132812,532.0,6805879.0,8996,8996.TW
2025-12-03,558.9703979492188,562.0,7057828.0,8996,8996.TW
2025-12-04,530.126708984375,533.0,6387768.0,8996,8996.TW
2025-12-05,526.1483154296875,529.0,7520475.0,8996,8996.TW
2025-12-08,492.3315734863281,495.0,1255645.0,8996,8996.TW
2025-12-09,508.2453308105469,511.0,807672.0,8996,8996.TW
2025-12-10,507.2507019042969,510.0,567106.0,8996,8996.TW
2025-12-11,494.32080078125,497.0,465358.0,8996,8996.TW
2025-12-12,512.2237548828125,515.0,398693.0,8996,8996.TW
2025-12-15,497.30462646484375,500.0,542501.0,8996,8996.TW
2025-12-16,478.40704345703125,481.0,647299.0,8996,8996.TW
2025-12-17,493.823486328125,496.5,354529.0,8996,8996.TW
2025-12-18,475.4232177734375,478.0,683161.0,8996,8996.TW
2025-12-19,509.23992919921875,512.0,1143571.0,8996,8996.TW
2025-12-22,550.0189208984375,553.0,5572295.0,8996,8996.TW
2025-12-23,555.986572265625,559.0,4548005.0,8996,8996.TW
2025-12-24,550.0189208984375,553.0,5721038.0,8996,8996.TW
2025-12-26,554.991943359375,558.0,4149391.0,8996,8996.TW
2025-12-29,572.8948974609375,576.0,6040679.0,8996,8996.TW
2025-12-30,575.8787231445312,579.0,3399863.0,8996,8996.TW
2025-12-31,576.8733520507812,580.0,3973955.0,8996,8996.TW
2026-01-02,565.9326782226562,569.0,4477141.0,8996,8996.TW
2026-01-05,574.8841552734375,578.0,4331288.0,8996,8996.TW
2026-01-06,578.862548828125,582.0,7158732.0,8996,8996.TW
2026-01-07,564.9380493164062,568.0,3382596.0,8996,8996.TW
2026-01-08,574.8841552734375,578.0,5897038.0,8996,8996.TW
2026-01-09,631.5768432617188,635.0,9274226.0,8996,8996.TW
2026-01-12,694.2372436523438,698.0,3517718.0,8996,8996.TW
2026-01-13,751.924560546875,756.0,15816878.0,8996,8996.TW
2026-01-14,741.978515625,746.0,9661206.0,8996,8996.TW
2026-01-15,704.183349609375,708.0,8115663.0,8996,8996.TW
2026-01-16,676.3342895507812,680.0,843642.0,8996,8996.TW
2026-01-19,705.177978515625,709.0,1176432.0,8996,8996.TW
2026-01-20,723.0809326171875,727.0,577127.0,8996,8996.TW
2026-01-21,693.2426147460938,697.0,610046.0,8996,8996.TW
2026-01-22,723.0809326171875,727.0,642271.0,8996,8996.TW
2026-01-23,714.1294555664062,718.0,424801.0,8996,8996.TW
2026-01-26,726.0647583007812,730.0,374610.0,8996,8996.TW
2026-01-27,718.1078491210938,722.0,285723.0,8996,8996.TW
2026-01-28,771.8167724609375,776.0,951326.0,8996,8996.TW
2026-01-29,772.8114013671875,777.0,656773.0,8996,8996.TW
2026-01-30,742.9730834960938,747.0,4429455.0,8996,8996.TW
2026-02-02,768.8329467773438,773.0,5483136.0,8996,8996.TW
2026-02-03,812.5957641601562,817.0,5071787.0,8996,8996.TW
2026-02-04,843.4286499023438,848.0,6716068.0,8996,8996.TW
2026-02-05,804.6388549804688,809.0,2824856.0,8996,8996.TW
2026-02-06,798.6712036132812,803.0,4535899.0,8996,8996.TW
2026-02-09,878.2399291992188,883.0,2928180.0,8996,8996.TW
2026-02-10,925.981201171875,931.0,6376008.0,8996,8996.TW
2026-02-11,901.115966796875,906.0,5291316.0,8996,8996.TW
2026-02-23,874.2615356445312,879.0,4024744.0,8996,8996.TW
2026-02-24,925.981201171875,931.0,5016182.0,8996,8996.TW
2026-02-25,906.0889892578125,911.0,526414.0,8996,8996.TW
2026-02-26,874.2615356445312,879.0,396012.0,8996,8996.TW
2026-03-02,874.2615356445312,879.0,383175.0,8996,8996.TW
2026-03-03,826.520263671875,831.0,586659.0,8996,8996.TW
2026-03-04,744.9623413085938,749.0,772257.0,8996,8996.TW
2026-03-05,772.8114013671875,777.0,535584.0,8996,8996.TW
2026-03-06,772.8114013671875,777.0,284104.0,8996,8996.TW
2026-03-09,696.2264404296875,700.0,645100.0,8996,8996.TW
2026-03-10,764.8544921875,769.0,504685.0,8996,8996.TW
2026-03-11,829.5040893554688,834.0,407589.0,8996,8996.TW
2026-03-12,912.056640625,917.0,6160627.0,8996,8996.TW
2026-03-13,894.1536865234375,899.0,5477511.0,8996,8996.TW
2026-03-16,920.0135498046875,925.0,3546498.0,8996,8996.TW
2026-03-17,913.05126953125,918.0,4900906.0,8996,8996.TW
2026-03-18,946.8679809570312,952.0,3231575.0,8996,8996.TW
2026-03-19,945.8734130859375,951.0,3291554.0,8996,8996.TW
2026-03-20,906.0889892578125,911.0,5913141.0,8996,8996.TW
2026-03-23,815.57958984375,820.0,3369797.0,8996,8996.TW
2026-03-24,767.8383178710938,772.0,7701471.0,8996,8996.TW
2026-03-25,815.57958984375,820.0,4019310.0,8996,8996.TW
2026-03-26,840.44482421875,845.0,3356394.0,8996,8996.TW
2026-03-27,865.0,865.0,2629317.0,8996,8996.TW
2026-03-30,895.0,895.0,4547894.0,8996,8996.TW
2026-03-31,846.0,846.0,4827907.0,8996,8996.TW
2026-04-01,908.0,908.0,4921698.0,8996,8996.TW
2026-04-02,866.0,866.0,4203636.0,8996,8996.TW
2026-04-07,904.0,904.0,3520362.0,8996,8996.TW
2026-04-08,921.0,921.0,5585344.0,8996,8996.TW
2026-04-09,1010.0,1010.0,4858104.0,8996,8996.TW
2026-04-10,1040.0,1040.0,4737325.0,8996,8996.TW
2026-04-13,1095.0,1095.0,3965832.0,8996,8996.TW
2026-04-14,1115.0,1115.0,4759195.0,8996,8996.TW
2026-04-15,1100.0,1100.0,1377187.0,8996,8996.TW
2026-04-16,1115.0,1115.0,1582228.0,8996,8996.TW
2026-04-17,1220.0,1220.0,1429678.0,8996,8996.TW
2026-04-20,1200.0,1200.0,1664827.0,8996,8996.TW
2026-04-21,1215.0,1215.0,1030677.0,8996,8996.TW
2026-04-22,1195.0,1195.0,776649.0,8996,8996.TW
2026-04-23,1210.0,1210.0,1378210.0,8996,8996.TW
2026-04-24,1125.0,1125.0,1400427.0,8996,8996.TW
2026-04-27,1070.0,1070.0,1075628.0,8996,8996.TW
2026-04-28,1175.0,1175.0,1465473.0,8996,8996.TW
2026-04-29,1140.0,1140.0,4186362.0,8996,8996.TW
2026-04-30,1250.0,1250.0,3449764.0,8996,8996.TW
2026-05-04,1245.0,1245.0,4862560.0,8996,8996.TW
2026-05-05,1190.0,1190.0,2905276.0,8996,8996.TW
2026-05-06,1165.0,1165.0,4024478.0,8996,8996.TW
2026-05-07,1075.0,1075.0,3633243.0,8996,8996.TW
2026-05-08,1015.0,1015.0,3785649.0,8996,8996.TW
2026-05-11,1055.0,1055.0,2927628.0,8996,8996.TW
2026-05-12,1055.0,1055.0,2770225.0,8996,8996.TW
2026-05-13,1025.0,1025.0,2273902.0,8996,8996.TW
2026-05-14,1065.0,1065.0,2135478.0,8996,8996.TW
2026-05-15,1040.0,1040.0,2062430.0,8996,8996.TW
2026-05-18,1045.0,1045.0,2901406.0,8996,8996.TW
2026-05-19,1040.0,1040.0,1362306.0,8996,8996.TW
2026-05-20,994.0,994.0,3433255.0,8996,8996.TW
2026-05-21,1065.0,1065.0,2098075.0,8996,8996.TW
2026-05-22,1170.0,1170.0,3120531.0,8996,8996.TW
2026-05-25,1135.0,1135.0,3882571.0,8996,8996.TW
2026-05-26,1245.0,1245.0,4521711.0,8996,8996.TW
2026-05-27,1215.0,1215.0,3966760.0,8996,8996.TW
2026-05-28,1095.0,1095.0,3910708.0,8996,8996.TW
2026-05-29,1090.0,1090.0,2544612.0,8996,8996.TW
2026-06-01,1045.0,1045.0,2236405.0,8996,8996.TW
2026-06-02,1050.0,1050.0,2016374.0,8996,8996.TW
2026-06-03,1095.0,1095.0,2882506.0,8996,8996.TW
2026-06-04,1120.0,1120.0,3567838.0,8996,8996.TW
2026-06-05,1125.0,1125.0,2829048.0,8996,8996.TW
2026-06-08,1210.0,1210.0,5636619.0,8996,8996.TW
2026-06-09,1330.0,1330.0,5537236.0,8996,8996.TW
2026-06-10,1220.0,1220.0,6374218.0,8996,8996.TW
2026-06-11,1140.0,1140.0,3945787.0,8996,8996.TW
2026-06-12,1145.0,1145.0,3057535.0,8996,8996.TW
2026-06-15,1255.0,1255.0,1386005.0,8996,8996.TW
2026-06-16,1380.0,1380.0,3366195.0,8996,8996.TW
2026-06-17,1515.0,1515.0,4285800.0,8996,8996.TW
2026-06-18,1590.0,1590.0,5844151.0,8996,8996.TW
2026-06-22,1555.0,1555.0,3724705.0,8996,8996.TW
2026-06-23,1450.0,1450.0,3226586.0,8996,8996.TW
2026-06-24,1450.0,1450.0,810366.0,8996,8996.TW
2026-06-25,1460.0,1460.0,477479.0,8996,8996.TW
2026-06-26,1370.0,1370.0,1054260.0,8996,8996.TW
2026-06-29,1475.0,1475.0,637362.0,8996,8996.TW
2026-06-30,1550.0,1550.0,851567.0,8996,8996.TW
2026-07-01,1555.0,1555.0,651312.0,8996,8996.TW
2026-07-02,1415.0,1415.0,1099191.0,8996,8996.TW
2026-07-03,1380.0,1380.0,1245484.0,8996,8996.TW
2026-07-06,1425.0,1425.0,684318.0,8996,8996.TW
2026-07-07,1335.0,1335.0,708721.0,8996,8996.TW
2026-07-08,1320.0,1320.0,2173059.0,8996,8996.TW
2026-07-09,1230.0,1230.0,1852069.0,8996,8996.TW
2026-07-10,1230.0,1230.0,0.0,8996,8996.TW
2026-07-13,1240.0,1240.0,1636507.0,8996,8996.TW
2026-07-14,1175.0,1175.0,2483148.0,8996,8996.TW
2026-07-15,1185.0,1185.0,895627.0,8996,8996.TW
2026-07-16,1125.0,1125.0,1097175.0,8996,8996.TW
2026-07-17,1015.0,1015.0,1615046.0,8996,8996.TW
2026-07-20,971.0,971.0,3714000.0,8996,8996.TW
2026-07-21,983.0,983.0,2224077.0,8996,8996.TW
2026-07-22,1080.0,1080.0,2204123.0,8996,8996.TW
2026-07-23,1075.0,1075.0,3463268.0,8996,8996.TW
2026-07-24,1005.0,1005.0,2142935.0,8996,8996.TW
2026-07-27,995.0,995.0,2442479.0,8996,8996.TW
2026-07-28,906.0,906.0,2171388.0,8996,8996.TW
2026-07-29,859.0,859.0,4706665.0,8996,8996.TW
2026-07-30,778.0,778.0,3754417.0,8996,8996.TW
2026-07-31,855.0,855.0,803511.0,8996,8996.TW
2025-05-27,21336.5390625,21336.5390625,3512400.0,TAIEX,^TWII
2025-05-28,21357.720703125,21357.720703125,3647300.0,TAIEX,^TWII
2025-05-29,21347.30078125,21347.30078125,5081700.0,TAIEX,^TWII
2025-06-02,21002.7109375,21002.7109375,3805400.0,TAIEX,^TWII
2025-06-03,21126.9296875,21126.9296875,3739600.0,TAIEX,^TWII
2025-06-04,21618.08984375,21618.08984375,4061200.0,TAIEX,^TWII
2025-06-05,21674.4296875,21674.4296875,3521900.0,TAIEX,^TWII
2025-06-06,21660.66015625,21660.66015625,2964300.0,TAIEX,^TWII
2025-06-09,21790.2890625,21790.2890625,3035200.0,TAIEX,^TWII
2025-06-10,22242.140625,22242.140625,3534000.0,TAIEX,^TWII
2025-06-11,22470.099609375,22470.099609375,3669800.0,TAIEX,^TWII
2025-06-12,22287.8203125,22287.8203125,3060300.0,TAIEX,^TWII
2025-06-13,22072.94921875,22072.94921875,3285000.0,TAIEX,^TWII
2025-06-16,22049.900390625,22049.900390625,2521300.0,TAIEX,^TWII
2025-06-17,22211.58984375,22211.58984375,3044000.0,TAIEX,^TWII
2025-06-18,22356.73046875,22356.73046875,3214600.0,TAIEX,^TWII
2025-06-19,22003.5,22003.5,3057900.0,TAIEX,^TWII
2025-06-20,22045.740234375,22045.740234375,4418300.0,TAIEX,^TWII
2025-06-23,21732.01953125,21732.01953125,3015300.0,TAIEX,^TWII
2025-06-24,22188.759765625,22188.759765625,3767600.0,TAIEX,^TWII
2025-06-25,22430.609375,22430.609375,3405900.0,TAIEX,^TWII
2025-06-26,22492.33984375,22492.33984375,3685100.0,TAIEX,^TWII
2025-06-27,22580.080078125,22580.080078125,3454100.0,TAIEX,^TWII
2025-06-30,22256.01953125,22256.01953125,3443500.0,TAIEX,^TWII
2025-07-01,22553.720703125,22553.720703125,3676400.0,TAIEX,^TWII
2025-07-02,22577.740234375,22577.740234375,2897200.0,TAIEX,^TWII
2025-07-03,22712.970703125,22712.970703125,3368000.0,TAIEX,^TWII
2025-07-04,22547.5,22547.5,3270200.0,TAIEX,^TWII
2025-07-07,22428.720703125,22428.720703125,2570300.0,TAIEX,^TWII
2025-07-08,22362.26953125,22362.26953125,2661400.0,TAIEX,^TWII
2025-07-09,22527.009765625,22527.009765625,2907300.0,TAIEX,^TWII
2025-07-10,22693.25,22693.25,2829400.0,TAIEX,^TWII
2025-07-11,22751.029296875,22751.029296875,4446700.0,TAIEX,^TWII
2025-07-14,22614.970703125,22614.970703125,2557300.0,TAIEX,^TWII
2025-07-15,22835.939453125,22835.939453125,2696000.0,TAIEX,^TWII
2025-07-16,23042.900390625,23042.900390625,3171200.0,TAIEX,^TWII
2025-07-17,23113.279296875,23113.279296875,3078000.0,TAIEX,^TWII
2025-07-18,23383.130859375,23383.130859375,2995200.0,TAIEX,^TWII
2025-07-21,23340.560546875,23340.560546875,2784300.0,TAIEX,^TWII
2025-07-22,22987.919921875,22987.919921875,3764700.0,TAIEX,^TWII
2025-07-23,23318.669921875,23318.669921875,3346500.0,TAIEX,^TWII
2025-07-24,23373.73046875,23373.73046875,3659600.0,TAIEX,^TWII
2025-07-25,23364.380859375,23364.380859375,2946900.0,TAIEX,^TWII
2025-07-28,23412.98046875,23412.98046875,3255000.0,TAIEX,^TWII
2025-07-29,23201.51953125,23201.51953125,3565200.0,TAIEX,^TWII
2025-07-30,23461.720703125,23461.720703125,3352200.0,TAIEX,^TWII
2025-07-31,23542.51953125,23542.51953125,3757100.0,TAIEX,^TWII
2025-08-01,23434.380859375,23434.380859375,3402400.0,TAIEX,^TWII
2025-08-04,23378.939453125,23378.939453125,3191500.0,TAIEX,^TWII
2025-08-05,23660.58984375,23660.58984375,3421400.0,TAIEX,^TWII
2025-08-06,23447.359375,23447.359375,3264600.0,TAIEX,^TWII
2025-08-07,24003.76953125,24003.76953125,3487700.0,TAIEX,^TWII
2025-08-08,24021.259765625,24021.259765625,3790600.0,TAIEX,^TWII
2025-08-11,24135.5,24135.5,3851900.0,TAIEX,^TWII
2025-08-12,24158.359375,24158.359375,4193700.0,TAIEX,^TWII
2025-08-13,24370.01953125,24370.01953125,4867300.0,TAIEX,^TWII
2025-08-14,24238.099609375,24238.099609375,4491700.0,TAIEX,^TWII
2025-08-15,24334.48046875,24334.48046875,4491700.0,TAIEX,^TWII
2025-08-18,24482.51953125,24482.51953125,4745200.0,TAIEX,^TWII
2025-08-19,24353.5,24353.5,4734800.0,TAIEX,^TWII
2025-08-20,23625.439453125,23625.439453125,4336000.0,TAIEX,^TWII
2025-08-21,23962.130859375,23962.130859375,3924400.0,TAIEX,^TWII
2025-08-22,23764.470703125,23764.470703125,3633100.0,TAIEX,^TWII
2025-08-25,24277.380859375,24277.380859375,3818800.0,TAIEX,^TWII
2025-08-26,24305.099609375,24305.099609375,5104500.0,TAIEX,^TWII
2025-08-27,24519.900390625,24519.900390625,4022200.0,TAIEX,^TWII
2025-08-28,24236.44921875,24236.44921875,4093700.0,TAIEX,^TWII
2025-08-29,24233.099609375,24233.099609375,4230800.0,TAIEX,^TWII
2025-09-01,24071.73046875,24071.73046875,3978800.0,TAIEX,^TWII
2025-09-02,24016.779296875,24016.779296875,3621600.0,TAIEX,^TWII
2025-09-03,24100.30078125,24100.30078125,3208300.0,TAIEX,^TWII
2025-09-04,24179.849609375,24179.849609375,4098500.0,TAIEX,^TWII
2025-09-05,24494.580078125,24494.580078125,3935800.0,TAIEX,^TWII
2025-09-08,24547.380859375,24547.380859375,4221200.0,TAIEX,^TWII
2025-09-09,24855.1796875,24855.1796875,4235300.0,TAIEX,^TWII
2025-09-10,25192.58984375,25192.58984375,4503300.0,TAIEX,^TWII
2025-09-11,25215.7109375,25215.7109375,5159400.0,TAIEX,^TWII
2025-09-12,25474.640625,25474.640625,4362700.0,TAIEX,^TWII
2025-09-15,25357.16015625,25357.16015625,3734300.0,TAIEX,^TWII
2025-09-16,25629.640625,25629.640625,4224500.0,TAIEX,^TWII
2025-09-17,25438.25,25438.25,4404600.0,TAIEX,^TWII
2025-09-18,25769.359375,25769.359375,4746200.0,TAIEX,^TWII
2025-09-19,25578.369140625,25578.369140625,6041400.0,TAIEX,^TWII
2025-09-22,25880.599609375,25880.599609375,4316700.0,TAIEX,^TWII
2025-09-23,26247.369140625,26247.369140625,4775000.0,TAIEX,^TWII
2025-09-24,26196.73046875,26196.73046875,4309500.0,TAIEX,^TWII
2025-09-25,26023.849609375,26023.849609375,5318500.0,TAIEX,^TWII
2025-09-26,25580.3203125,25580.3203125,4370400.0,TAIEX,^TWII
2025-09-30,25820.5390625,25820.5390625,3601000.0,TAIEX,^TWII
2025-10-01,25982.91015625,25982.91015625,4127200.0,TAIEX,^TWII
2025-10-02,26378.390625,26378.390625,4331900.0,TAIEX,^TWII
2025-10-03,26761.060546875,26761.060546875,3947400.0,TAIEX,^TWII
2025-10-07,27211.94921875,27211.94921875,4714200.0,TAIEX,^TWII
2025-10-08,27063.6796875,27063.6796875,4475000.0,TAIEX,^TWII
2025-10-09,27301.919921875,27301.919921875,5551400.0,TAIEX,^TWII
2025-10-13,26923.419921875,26923.419921875,4848200.0,TAIEX,^TWII
2025-10-14,26793.150390625,26793.150390625,6407700.0,TAIEX,^TWII
2025-10-15,27275.7109375,27275.7109375,4438300.0,TAIEX,^TWII
2025-10-16,27647.869140625,27647.869140625,4657900.0,TAIEX,^TWII
2025-10-17,27302.369140625,27302.369140625,4488400.0,TAIEX,^TWII
2025-10-20,27688.630859375,27688.630859375,4283400.0,TAIEX,^TWII
2025-10-21,27752.41015625,27752.41015625,4293000.0,TAIEX,^TWII
2025-10-22,27648.91015625,27648.91015625,3944200.0,TAIEX,^TWII
2025-10-23,27532.259765625,27532.259765625,3819800.0,TAIEX,^TWII
2025-10-27,27993.630859375,27993.630859375,4954700.0,TAIEX,^TWII
2025-10-28,27949.109375,27949.109375,5011300.0,TAIEX,^TWII
2025-10-29,28294.740234375,28294.740234375,5040500.0,TAIEX,^TWII
2025-10-30,28287.529296875,28287.529296875,5137600.0,TAIEX,^TWII
2025-10-31,28233.349609375,28233.349609375,4459700.0,TAIEX,^TWII
2025-11-03,28334.58984375,28334.58984375,3968500.0,TAIEX,^TWII
2025-11-04,28116.560546875,28116.560546875,4218000.0,TAIEX,^TWII
2025-11-05,27717.060546875,27717.060546875,4085800.0,TAIEX,^TWII
2025-11-06,27899.44921875,27899.44921875,4125700.0,TAIEX,^TWII
2025-11-07,27651.41015625,27651.41015625,4344700.0,TAIEX,^TWII
2025-11-10,27869.509765625,27869.509765625,4157600.0,TAIEX,^TWII
2025-11-11,27784.94921875,27784.94921875,5302400.0,TAIEX,^TWII
2025-11-12,27947.08984375,27947.08984375,5291300.0,TAIEX,^TWII
2025-11-13,27903.560546875,27903.560546875,6572900.0,TAIEX,^TWII
2025-11-14,27397.5,27397.5,5171300.0,TAIEX,^TWII
2025-11-17,27447.310546875,27447.310546875,4781900.0,TAIEX,^TWII
2025-11-18,26756.119140625,26756.119140625,5433000.0,TAIEX,^TWII
2025-11-19,26580.119140625,26580.119140625,4448000.0,TAIEX,^TWII
2025-11-20,27426.359375,27426.359375,4862100.0,TAIEX,^TWII
2025-11-21,26434.939453125,26434.939453125,4006000.0,TAIEX,^TWII
2025-11-24,26504.240234375,26504.240234375,6156100.0,TAIEX,^TWII
2025-11-25,26912.169921875,26912.169921875,3724900.0,TAIEX,^TWII
2025-11-26,27409.5390625,27409.5390625,4016500.0,TAIEX,^TWII
2025-11-27,27554.529296875,27554.529296875,3621100.0,TAIEX,^TWII
2025-11-28,27626.48046875,27626.48046875,3953500.0,TAIEX,^TWII
2025-12-01,27342.529296875,27342.529296875,3774100.0,TAIEX,^TWII
2025-12-02,27564.26953125,27564.26953125,4210100.0,TAIEX,^TWII
2025-12-03,27793.0390625,27793.0390625,3769000.0,TAIEX,^TWII
2025-12-04,27795.7109375,27795.7109375,3599700.0,TAIEX,^TWII
2025-12-05,27980.890625,27980.890625,3817000.0,TAIEX,^TWII
2025-12-08,28303.779296875,28303.779296875,4068700.0,TAIEX,^TWII
2025-12-09,28182.599609375,28182.599609375,4898300.0,TAIEX,^TWII
2025-12-10,28400.73046875,28400.73046875,4773000.0,TAIEX,^TWII
2025-12-11,28024.75,28024.75,4248000.0,TAIEX,^TWII
2025-12-12,28198.01953125,28198.01953125,4802600.0,TAIEX,^TWII
2025-12-15,27866.939453125,27866.939453125,4157000.0,TAIEX,^TWII
2025-12-16,27536.66015625,27536.66015625,5140200.0,TAIEX,^TWII
2025-12-17,27525.169921875,27525.169921875,5499500.0,TAIEX,^TWII
2025-12-18,27468.529296875,27468.529296875,4799900.0,TAIEX,^TWII
2025-12-19,27696.349609375,27696.349609375,5627700.0,TAIEX,^TWII
2025-12-22,28149.640625,28149.640625,5026500.0,TAIEX,^TWII
2025-12-23,28310.470703125,28310.470703125,4559700.0,TAIEX,^TWII
2025-12-24,28371.98046875,28371.98046875,4612900.0,TAIEX,^TWII
2025-12-26,28556.01953125,28556.01953125,4511200.0,TAIEX,^TWII
2025-12-29,28810.890625,28810.890625,4440500.0,TAIEX,^TWII
2025-12-30,28707.130859375,28707.130859375,5135300.0,TAIEX,^TWII
2025-12-31,28963.599609375,28963.599609375,5689400.0,TAIEX,^TWII
2026-01-02,29349.810546875,29349.810546875,5945900.0,TAIEX,^TWII
2026-01-05,30105.0390625,30105.0390625,6274000.0,TAIEX,^TWII
2026-01-06,30576.30078125,30576.30078125,6867900.0,TAIEX,^TWII
2026-01-07,30435.470703125,30435.470703125,8350800.0,TAIEX,^TWII
2026-01-08,30360.55078125,30360.55078125,8283300.0,TAIEX,^TWII
2026-01-09,30288.9609375,30288.9609375,6518900.0,TAIEX,^TWII
2026-01-12,30567.2890625,30567.2890625,5720700.0,TAIEX,^TWII
2026-01-13,30707.220703125,30707.220703125,6687400.0,TAIEX,^TWII
2026-01-14,30941.779296875,30941.779296875,6046100.0,TAIEX,^TWII
2026-01-15,30810.580078125,30810.580078125,6569600.0,TAIEX,^TWII
2026-01-16,31408.69921875,31408.69921875,7323000.0,TAIEX,^TWII
2026-01-19,31639.2890625,31639.2890625,7864700.0,TAIEX,^TWII
2026-01-20,31759.990234375,31759.990234375,7884000.0,TAIEX,^TWII
2026-01-21,31246.369140625,31246.369140625,8417100.0,TAIEX,^TWII
2026-01-22,31746.080078125,31746.080078125,7642300.0,TAIEX,^TWII
2026-01-23,31961.509765625,31961.509765625,7178200.0,TAIEX,^TWII
2026-01-26,32064.51953125,32064.51953125,6470200.0,TAIEX,^TWII
2026-01-27,32317.919921875,32317.919921875,7511200.0,TAIEX,^TWII
2026-01-28,32803.8203125,32803.8203125,7408400.0,TAIEX,^TWII
2026-01-29,32536.26953125,32536.26953125,7939900.0,TAIEX,^TWII
2026-01-30,32063.75,32063.75,8004400.0,TAIEX,^TWII
2026-02-02,31624.029296875,31624.029296875,6128700.0,TAIEX,^TWII
2026-02-03,32195.359375,32195.359375,6083600.0,TAIEX,^TWII
2026-02-04,32289.810546875,32289.810546875,5481900.0,TAIEX,^TWII
2026-02-05,31801.26953125,31801.26953125,5843100.0,TAIEX,^TWII
2026-02-06,31782.919921875,31782.919921875,5482300.0,TAIEX,^TWII
2026-02-09,32404.619140625,32404.619140625,4854000.0,TAIEX,^TWII
2026-02-10,33072.96875,33072.96875,4429000.0,TAIEX,^TWII
2026-02-11,33605.7109375,33605.7109375,5334200.0,TAIEX,^TWII
2026-02-23,33773.26171875,33773.26171875,6847600.0,TAIEX,^TWII
2026-02-24,34700.8203125,34700.8203125,6653800.0,TAIEX,^TWII
2026-02-25,35413.0703125,35413.0703125,8280600.0,TAIEX,^TWII
2026-02-26,35414.48828125,35414.48828125,8684700.0,TAIEX,^TWII
2026-03-02,35095.08984375,35095.08984375,7852100.0,TAIEX,^TWII
2026-03-03,34323.6484375,34323.6484375,8829900.0,TAIEX,^TWII
2026-03-04,32828.87890625,32828.87890625,7817200.0,TAIEX,^TWII
2026-03-05,33672.94140625,33672.94140625,5789800.0,TAIEX,^TWII
2026-03-06,33599.5390625,33599.5390625,5479700.0,TAIEX,^TWII
2026-03-09,32110.419921875,32110.419921875,6749000.0,TAIEX,^TWII
2026-03-10,32771.87109375,32771.87109375,6268300.0,TAIEX,^TWII
2026-03-11,34114.19140625,34114.19140625,5854600.0,TAIEX,^TWII
2026-03-12,33581.859375,33581.859375,7553100.0,TAIEX,^TWII
2026-03-13,33400.3203125,33400.3203125,6795000.0,TAIEX,^TWII
2026-03-16,33342.51171875,33342.51171875,6288500.0,TAIEX,^TWII
2026-03-17,33836.5703125,33836.5703125,6564400.0,TAIEX,^TWII
2026-03-18,34348.578125,34348.578125,7008700.0,TAIEX,^TWII
2026-03-19,33689.6796875,33689.6796875,6675700.0,TAIEX,^TWII
2026-03-20,33543.87890625,33543.87890625,7825000.0,TAIEX,^TWII
2026-03-23,32722.5,32722.5,5505600.0,TAIEX,^TWII
2026-03-24,32612.240234375,32612.240234375,5184200.0,TAIEX,^TWII
2026-03-25,33439.109375,33439.109375,4540400.0,TAIEX,^TWII
2026-03-26,33337.62109375,33337.62109375,5141000.0,TAIEX,^TWII
2026-03-27,33112.58984375,33112.58984375,4967400.0,TAIEX,^TWII
2026-03-30,32518.16015625,32518.16015625,5026000.0,TAIEX,^TWII
2026-03-31,31722.990234375,31722.990234375,5862700.0,TAIEX,^TWII
2026-04-01,33174.8203125,33174.8203125,4716000.0,TAIEX,^TWII
2026-04-02,32572.4296875,32572.4296875,5332000.0,TAIEX,^TWII
2026-04-07,33229.8203125,33229.8203125,4475300.0,TAIEX,^TWII
2026-04-08,34761.37890625,34761.37890625,5671700.0,TAIEX,^TWII
2026-04-09,34861.16015625,34861.16015625,6586300.0,TAIEX,^TWII
2026-04-10,35417.828125,35417.828125,6752000.0,TAIEX,^TWII
2026-04-13,35457.2890625,35457.2890625,5566000.0,TAIEX,^TWII
2026-04-14,36296.12109375,36296.12109375,7184600.0,TAIEX,^TWII
2026-04-15,36722.140625,36722.140625,7050400.0,TAIEX,^TWII
2026-04-16,37132.01953125,37132.01953125,6694200.0,TAIEX,^TWII
2026-04-17,36804.33984375,36804.33984375,6808300.0,TAIEX,^TWII
2026-04-20,36958.80078125,36958.80078125,6458900.0,TAIEX,^TWII
2026-04-21,37605.109375,37605.109375,6360500.0,TAIEX,^TWII
2026-04-22,37878.46875,37878.46875,6248000.0,TAIEX,^TWII
2026-04-23,37714.1484375,37714.1484375,8516700.0,TAIEX,^TWII
2026-04-24,38932.3984375,38932.3984375,5653800.0,TAIEX,^TWII
2026-04-27,39616.62890625,39616.62890625,5805300.0,TAIEX,^TWII
2026-04-28,39521.73046875,39521.73046875,5020400.0,TAIEX,^TWII
2026-04-29,39303.5,39303.5,5009300.0,TAIEX,^TWII
2026-04-30,38926.62890625,38926.62890625,5678600.0,TAIEX,^TWII
2026-05-04,40705.140625,40705.140625,5642100.0,TAIEX,^TWII
2026-05-05,40769.2890625,40769.2890625,6050000.0,TAIEX,^TWII
2026-05-06,41138.8515625,41138.8515625,8107500.0,TAIEX,^TWII
2026-05-07,41933.78125,41933.78125,7835100.0,TAIEX,^TWII
2026-05-08,41603.94140625,41603.94140625,7818600.0,TAIEX,^TWII
2026-05-11,41790.05859375,41790.05859375,6722000.0,TAIEX,^TWII
2026-05-12,41898.3203125,41898.3203125,8332000.0,TAIEX,^TWII
2026-05-13,41374.5,41374.5,8129100.0,TAIEX,^TWII
2026-05-14,41751.75,41751.75,7982100.0,TAIEX,^TWII
2026-05-15,41172.359375,41172.359375,8185700.0,TAIEX,^TWII
2026-05-18,40891.8203125,40891.8203125,6319000.0,TAIEX,^TWII
2026-05-19,40175.55859375,40175.55859375,6548000.0,TAIEX,^TWII
2026-05-20,40020.8203125,40020.8203125,6049500.0,TAIEX,^TWII
2026-05-21,41368.2109375,41368.2109375,6705300.0,TAIEX,^TWII
2026-05-22,42267.96875,42267.96875,7704200.0,TAIEX,^TWII
2026-05-25,43644.3984375,43644.3984375,8500300.0,TAIEX,^TWII
2026-05-26,43525.37109375,43525.37109375,11150100.0,TAIEX,^TWII
2026-05-27,44256.80078125,44256.80078125,10615800.0,TAIEX,^TWII
2026-05-28,43636.44140625,43636.44140625,10946500.0,TAIEX,^TWII
2026-05-29,44732.94140625,44732.94140625,12618300.0,TAIEX,^TWII
2026-06-01,45337.91015625,45337.91015625,9887600.0,TAIEX,^TWII
2026-06-02,45557.30859375,45557.30859375,11590000.0,TAIEX,^TWII
2026-06-03,46459.16015625,46459.16015625,11629900.0,TAIEX,^TWII
2026-06-04,45677.4609375,45677.4609375,10148400.0,TAIEX,^TWII
2026-06-05,45070.94140625,45070.94140625,8445300.0,TAIEX,^TWII
2026-06-08,43502.78125,43502.78125,6465800.0,TAIEX,^TWII
2026-06-09,44704.44140625,44704.44140625,7468300.0,TAIEX,^TWII
2026-06-10,43225.5390625,43225.5390625,7804700.0,TAIEX,^TWII
2026-06-11,43149.4609375,43149.4609375,6756200.0,TAIEX,^TWII
2026-06-12,44169.0390625,44169.0390625,6583000.0,TAIEX,^TWII
2026-06-15,45396.98828125,45396.98828125,6161900.0,TAIEX,^TWII
2026-06-16,45809.19140625,45809.19140625,6574400.0,TAIEX,^TWII
2026-06-17,45877.390625,45877.390625,6992700.0,TAIEX,^TWII
2026-06-18,46465.19921875,46465.19921875,9801100.0,TAIEX,^TWII
2026-06-22,47741.51171875,47741.51171875,8634300.0,TAIEX,^TWII
2026-06-23,47100.6484375,47100.6484375,9602200.0,TAIEX,^TWII
2026-06-24,46043.6015625,46043.6015625,8877500.0,TAIEX,^TWII
2026-06-25,46255.26171875,46255.26171875,7621600.0,TAIEX,^TWII
2026-06-26,44571.76171875,44571.76171875,7695600.0,TAIEX,^TWII
2026-06-29,44999.8984375,44999.8984375,6052400.0,TAIEX,^TWII
2026-06-30,46125.91015625,46125.91015625,7182400.0,TAIEX,^TWII
2026-07-01,47018.98828125,47018.98828125,8429000.0,TAIEX,^TWII
2026-07-02,46744.16015625,46744.16015625,6148400.0,TAIEX,^TWII
2026-07-03,46780.62109375,46780.62109375,6606400.0,TAIEX,^TWII
2026-07-06,46556.390625,46556.390625,7246000.0,TAIEX,^TWII
2026-07-07,45479.109375,45479.109375,7141700.0,TAIEX,^TWII
2026-07-08,45734.41015625,45734.41015625,5691300.0,TAIEX,^TWII
2026-07-09,45354.609375,45354.609375,5765500.0,TAIEX,^TWII
2026-07-13,45380.51953125,45380.51953125,6161200.0,TAIEX,^TWII
2026-07-14,44737.94921875,44737.94921875,6654600.0,TAIEX,^TWII
2026-07-15,45631.58984375,45631.58984375,5330100.0,TAIEX,^TWII
2026-07-16,45624.98046875,45624.98046875,5267400.0,TAIEX,^TWII
2026-07-17,42671.26953125,42671.26953125,6385100.0,TAIEX,^TWII
2026-07-20,42449.69921875,42449.69921875,5678000.0,TAIEX,^TWII
2026-07-21,44232.87109375,44232.87109375,4764300.0,TAIEX,^TWII
2026-07-22,44825.78125,44825.78125,5389000.0,TAIEX,^TWII
2026-07-23,44850.80859375,44850.80859375,5159100.0,TAIEX,^TWII
2026-07-24,43654.83984375,43654.83984375,4337700.0,TAIEX,^TWII
2026-07-27,43634.19140625,43634.19140625,4260000.0,TAIEX,^TWII
2026-07-28,41603.359375,41603.359375,4492500.0,TAIEX,^TWII
2026-07-29,40039.1796875,40039.1796875,6323100.0,TAIEX,^TWII
2026-07-30,39933.30078125,39933.30078125,5907800.0,TAIEX,^TWII
2026-07-31,43119.75,43119.75,0.0,TAIEX,^TWII
